{
  "type": "FeatureCollection",
  "features": [
    {
      "type": "Feature",
      "geometry": {
        "type": "LineString",
        "coordinates": [
          [
            139.919413,
            35.748842
          ],
          [
            140.023254,
            35.857771
          ]
        ]
      },
      "properties": {
        "order": 1,
        "from": "いちかわ",
        "to": "しょうなん",
        "title": "いちかわ → しょうなん",
        "distance_meters": 15310,
        "duration_seconds": 1377.9
      }
    },
    {
      "type": "Feature",
      "geometry": {
        "type": "LineString",
        "coordinates": [
          [
            140.023254,
            35.857771
          ],
          [
            140.106749,
            35.758415
          ]
        ]
      },
      "properties": {
        "order": 2,
        "from": "しょうなん",
        "to": "やちよ",
        "title": "しょうなん → やちよ",
        "distance_meters": 13369,
        "duration_seconds": 1203.21
      }
    },
    {
      "type": "Feature",
      "geometry": {
        "type": "LineString",
        "coordinates": [
          [
            140.106749,
            35.758415
          ],
          [
            140.41003,
            35.695064
          ]
        ]
      },
      "properties": {
        "order": 3,
        "from": "やちよ",
        "to": "風和里しばやま",
        "title": "やちよ → 風和里しばやま",
        "distance_meters": 28268,
        "duration_seconds": 2544.12
      }
    },
    {
      "type": "Feature",
      "geometry": {
        "type": "LineString",
        "coordinates": [
          [
            140.41003,
            35.695064
          ],
          [
            140.475285,
            35.731283
          ]
        ]
      },
      "properties": {
        "order": 4,
        "from": "風和里しばやま",
        "to": "多古",
        "title": "風和里しばやま → 多古",
        "distance_meters": 7136,
        "duration_seconds": 642.24
      }
    },
    {
      "type": "Feature",
      "geometry": {
        "type": "LineString",
        "coordinates": [
          [
            140.475285,
            35.731283
          ],
          [
            140.469942,
            35.805852
          ]
        ]
      },
      "properties": {
        "order": 5,
        "from": "多古",
        "to": "くりもと",
        "title": "多古 → くりもと",
        "distance_meters": 8305,
        "duration_seconds": 747.45
      }
    },
    {
      "type": "Feature",
      "geometry": {
        "type": "LineString",
        "coordinates": [
          [
            140.469942,
            35.805852
          ],
          [
            140.505908,
            35.896313
          ]
        ]
      },
      "properties": {
        "order": 6,
        "from": "くりもと",
        "to": "水の郷さわら",
        "title": "くりもと → 水の郷さわら",
        "distance_meters": 10568,
        "duration_seconds": 951.12
      }
    },
    {
      "type": "Feature",
      "geometry": {
        "type": "LineString",
        "coordinates": [
          [
            140.505908,
            35.896313
          ],
          [
            140.615194,
            36.492354
          ]
        ]
      },
      "properties": {
        "order": 7,
        "from": "水の郷さわら",
        "to": "日立おさかなセンター",
        "title": "水の郷さわら → 日立おさかなセンター",
        "distance_meters": 66998,
        "duration_seconds": 6029.82
      }
    },
    {
      "type": "Feature",
      "geometry": {
        "type": "LineString",
        "coordinates": [
          [
            140.615194,
            36.492354
          ],
          [
            140.525476,
            36.510388
          ]
        ]
      },
      "properties": {
        "order": 8,
        "from": "日立おさかなセンター",
        "to": "ひたちおおた",
        "title": "日立おさかなセンター → ひたちおおた",
        "distance_meters": 8266,
        "duration_seconds": 743.94
      }
    },
    {
      "type": "Feature",
      "geometry": {
        "type": "LineString",
        "coordinates": [
          [
            140.525476,
            36.510388
          ],
          [
            140.509682,
            36.705746
          ]
        ]
      },
      "properties": {
        "order": 9,
        "from": "ひたちおおた",
        "to": "さとみ",
        "title": "ひたちおおた → さとみ",
        "distance_meters": 21768,
        "duration_seconds": 1959.12
      }
    },
    {
      "type": "Feature",
      "geometry": {
        "type": "LineString",
        "coordinates": [
          [
            140.509682,
            36.705746
          ],
          [
            140.359235,
            36.768585
          ]
        ]
      },
      "properties": {
        "order": 10,
        "from": "さとみ",
        "to": "奥久慈だいご",
        "title": "さとみ → 奥久慈だいご",
        "distance_meters": 15118,
        "duration_seconds": 1360.62
      }
    },
    {
      "type": "Feature",
      "geometry": {
        "type": "LineString",
        "coordinates": [
          [
            140.359235,
            36.768585
          ],
          [
            140.280004,
            36.655857
          ]
        ]
      },
      "properties": {
        "order": 11,
        "from": "奥久慈だいご",
        "to": "みわ",
        "title": "奥久慈だいご → みわ",
        "distance_meters": 14387,
        "duration_seconds": 1294.83
      }
    },
    {
      "type": "Feature",
      "geometry": {
        "type": "LineString",
        "coordinates": [
          [
            140.280004,
            36.655857
          ],
          [
            140.409616,
            36.596961
          ]
        ]
      },
      "properties": {
        "order": 12,
        "from": "みわ",
        "to": "常陸大宮",
        "title": "みわ → 常陸大宮",
        "distance_meters": 13291,
        "duration_seconds": 1196.19
      }
    },
    {
      "type": "Feature",
      "geometry": {
        "type": "LineString",
        "coordinates": [
          [
            140.409616,
            36.596961
          ],
          [
            140.333059,
            36.544969
          ]
        ]
      },
      "properties": {
        "order": 13,
        "from": "常陸大宮",
        "to": "かつら",
        "title": "常陸大宮 → かつら",
        "distance_meters": 8953,
        "duration_seconds": 805.77
      }
    },
    {
      "type": "Feature",
      "geometry": {
        "type": "LineString",
        "coordinates": [
          [
            140.333059,
            36.544969
          ],
          [
            140.172858,
            36.527826
          ]
        ]
      },
      "properties": {
        "order": 14,
        "from": "かつら",
        "to": "もてぎ",
        "title": "かつら → もてぎ",
        "distance_meters": 14439,
        "duration_seconds": 1299.51
      }
    },
    {
      "type": "Feature",
      "geometry": {
        "type": "LineString",
        "coordinates": [
          [
            140.172858,
            36.527826
          ],
          [
            140.10118,
            36.543766
          ]
        ]
      },
      "properties": {
        "order": 15,
        "from": "もてぎ",
        "to": "サシバの里いちかい",
        "title": "もてぎ → サシバの里いちかい",
        "distance_meters": 6644,
        "duration_seconds": 597.96
      }
    },
    {
      "type": "Feature",
      "geometry": {
        "type": "LineString",
        "coordinates": [
          [
            140.10118,
            36.543766
          ],
          [
            140.058196,
            36.552381
          ]
        ]
      },
      "properties": {
        "order": 16,
        "from": "サシバの里いちかい",
        "to": "はが",
        "title": "サシバの里いちかい → はが",
        "distance_meters": 3957,
        "duration_seconds": 356.13
      }
    },
    {
      "type": "Feature",
      "geometry": {
        "type": "LineString",
        "coordinates": [
          [
            140.058196,
            36.552381
          ],
          [
            140.053294,
            36.6327
          ]
        ]
      },
      "properties": {
        "order": 17,
        "from": "はが",
        "to": "たかねざわ 元気あっぷむら",
        "title": "はが → たかねざわ 元気あっぷむら",
        "distance_meters": 8941,
        "duration_seconds": 804.69
      }
    },
    {
      "type": "Feature",
      "geometry": {
        "type": "LineString",
        "coordinates": [
          [
            140.053294,
            36.6327
          ],
          [
            140.032636,
            36.715499
          ]
        ]
      },
      "properties": {
        "order": 18,
        "from": "たかねざわ 元気あっぷむら",
        "to": "きつれがわ",
        "title": "たかねざわ 元気あっぷむら → きつれがわ",
        "distance_meters": 9389,
        "duration_seconds": 845.01
      }
    },
    {
      "type": "Feature",
      "geometry": {
        "type": "LineString",
        "coordinates": [
          [
            140.032636,
            36.715499
          ],
          [
            140.149871,
            36.747602
          ]
        ]
      },
      "properties": {
        "order": 19,
        "from": "きつれがわ",
        "to": "ばとう",
        "title": "きつれがわ → ばとう",
        "distance_meters": 11040,
        "duration_seconds": 993.6
      }
    },
    {
      "type": "Feature",
      "geometry": {
        "type": "LineString",
        "coordinates": [
          [
            140.149871,
            36.747602
          ],
          [
            140.087378,
            36.863018
          ]
        ]
      },
      "properties": {
        "order": 20,
        "from": "ばとう",
        "to": "那須与一の郷",
        "title": "ばとう → 那須与一の郷",
        "distance_meters": 13987,
        "duration_seconds": 1258.83
      }
    },
    {
      "type": "Feature",
      "geometry": {
        "type": "LineString",
        "coordinates": [
          [
            140.087378,
            36.863018
          ],
          [
            140.157412,
            36.954049
          ]
        ]
      },
      "properties": {
        "order": 21,
        "from": "那須与一の郷",
        "to": "東山道伊王野",
        "title": "那須与一の郷 → 東山道伊王野",
        "distance_meters": 11884,
        "duration_seconds": 1069.56
      }
    },
    {
      "type": "Feature",
      "geometry": {
        "type": "LineString",
        "coordinates": [
          [
            140.157412,
            36.954049
          ],
          [
            140.013704,
            37.041532
          ]
        ]
      },
      "properties": {
        "order": 22,
        "from": "東山道伊王野",
        "to": "那須高原友愛の森",
        "title": "東山道伊王野 → 那須高原友愛の森",
        "distance_meters": 16046,
        "duration_seconds": 1444.14
      }
    },
    {
      "type": "Feature",
      "geometry": {
        "type": "LineString",
        "coordinates": [
          [
            140.013704,
            37.041532
          ],
          [
            139.984479,
            37.000375
          ]
        ]
      },
      "properties": {
        "order": 23,
        "from": "那須高原友愛の森",
        "to": "明治の森・黒磯",
        "title": "那須高原友愛の森 → 明治の森・黒磯",
        "distance_meters": 5260,
        "duration_seconds": 473.4
      }
    },
    {
      "type": "Feature",
      "geometry": {
        "type": "LineString",
        "coordinates": [
          [
            139.984479,
            37.000375
          ],
          [
            139.89933,
            36.955797
          ]
        ]
      },
      "properties": {
        "order": 24,
        "from": "明治の森・黒磯",
        "to": "湯の香しおばら",
        "title": "明治の森・黒磯 → 湯の香しおばら",
        "distance_meters": 9043,
        "duration_seconds": 813.87
      }
    },
    {
      "type": "Feature",
      "geometry": {
        "type": "LineString",
        "coordinates": [
          [
            139.89933,
            36.955797
          ],
          [
            139.969139,
            36.899706
          ]
        ]
      },
      "properties": {
        "order": 25,
        "from": "湯の香しおばら",
        "to": "那須野が原博物館",
        "title": "湯の香しおばら → 那須野が原博物館",
        "distance_meters": 8798,
        "duration_seconds": 791.82
      }
    },
    {
      "type": "Feature",
      "geometry": {
        "type": "LineString",
        "coordinates": [
          [
            139.969139,
            36.899706
          ],
          [
            139.921615,
            36.805614
          ]
        ]
      },
      "properties": {
        "order": 26,
        "from": "那須野が原博物館",
        "to": "やいた",
        "title": "那須野が原博物館 → やいた",
        "distance_meters": 11284,
        "duration_seconds": 1015.56
      }
    },
    {
      "type": "Feature",
      "geometry": {
        "type": "LineString",
        "coordinates": [
          [
            139.921615,
            36.805614
          ],
          [
            139.686957,
            36.930014
          ]
        ]
      },
      "properties": {
        "order": 27,
        "from": "やいた",
        "to": "湯西川",
        "title": "やいた → 湯西川",
        "distance_meters": 25041,
        "duration_seconds": 2253.69
      }
    },
    {
      "type": "Feature",
      "geometry": {
        "type": "LineString",
        "coordinates": [
          [
            139.686957,
            36.930014
          ],
          [
            139.225238,
            36.773231
          ]
        ]
      },
      "properties": {
        "order": 28,
        "from": "湯西川",
        "to": "尾瀬かたしな",
        "title": "湯西川 → 尾瀬かたしな",
        "distance_meters": 44628,
        "duration_seconds": 4016.52
      }
    },
    {
      "type": "Feature",
      "geometry": {
        "type": "LineString",
        "coordinates": [
          [
            139.225238,
            36.773231
          ],
          [
            139.372849,
            36.552559
          ]
        ]
      },
      "properties": {
        "order": 29,
        "from": "尾瀬かたしな",
        "to": "富弘美術館",
        "title": "尾瀬かたしな → 富弘美術館",
        "distance_meters": 27846,
        "duration_seconds": 2506.14
      }
    },
    {
      "type": "Feature",
      "geometry": {
        "type": "LineString",
        "coordinates": [
          [
            139.372849,
            36.552559
          ],
          [
            139.24128,
            36.218524
          ]
        ]
      },
      "properties": {
        "order": 30,
        "from": "富弘美術館",
        "to": "おかべ",
        "title": "富弘美術館 → おかべ",
        "distance_meters": 38965,
        "duration_seconds": 3506.85
      }
    },
    {
      "type": "Feature",
      "geometry": {
        "type": "LineString",
        "coordinates": [
          [
            139.24128,
            36.218524
          ],
          [
            139.296421,
            36.264641
          ]
        ]
      },
      "properties": {
        "order": 31,
        "from": "おかべ",
        "to": "おおた",
        "title": "おかべ → おおた",
        "distance_meters": 7123,
        "duration_seconds": 641.07
      }
    },
    {
      "type": "Feature",
      "geometry": {
        "type": "LineString",
        "coordinates": [
          [
            139.296421,
            36.264641
          ],
          [
            139.369326,
            36.214557
          ]
        ]
      },
      "properties": {
        "order": 32,
        "from": "おおた",
        "to": "めぬま",
        "title": "おおた → めぬま",
        "distance_meters": 8588,
        "duration_seconds": 772.92
      }
    },
    {
      "type": "Feature",
      "geometry": {
        "type": "LineString",
        "coordinates": [
          [
            139.369326,
            36.214557
          ],
          [
            139.51077,
            36.188737
          ]
        ]
      },
      "properties": {
        "order": 33,
        "from": "めぬま",
        "to": "はにゅう",
        "title": "めぬま → はにゅう",
        "distance_meters": 13012,
        "duration_seconds": 1171.08
      }
    },
    {
      "type": "Feature",
      "geometry": {
        "type": "LineString",
        "coordinates": [
          [
            139.51077,
            36.188737
          ],
          [
            139.645159,
            36.170307
          ]
        ]
      },
      "properties": {
        "order": 34,
        "from": "はにゅう",
        "to": "童謡のふる里おおとね",
        "title": "はにゅう → 童謡のふる里おおとね",
        "distance_meters": 12234,
        "duration_seconds": 1101.06
      }
    },
    {
      "type": "Feature",
      "geometry": {
        "type": "LineString",
        "coordinates": [
          [
            139.645159,
            36.170307
          ],
          [
            139.662783,
            36.211089
          ]
        ]
      },
      "properties": {
        "order": 35,
        "from": "童謡のふる里おおとね",
        "to": "きたかわべ",
        "title": "童謡のふる里おおとね → きたかわべ",
        "distance_meters": 4802,
        "duration_seconds": 432.18
      }
    },
    {
      "type": "Feature",
      "geometry": {
        "type": "LineString",
        "coordinates": [
          [
            139.662783,
            36.211089
          ],
          [
            139.625248,
            36.296714
          ]
        ]
      },
      "properties": {
        "order": 36,
        "from": "きたかわべ",
        "to": "みかも",
        "title": "きたかわべ → みかも",
        "distance_meters": 10098,
        "duration_seconds": 908.82
      }
    },
    {
      "type": "Feature",
      "geometry": {
        "type": "LineString",
        "coordinates": [
          [
            139.625248,
            36.296714
          ],
          [
            139.572073,
            36.343804
          ]
        ]
      },
      "properties": {
        "order": 37,
        "from": "みかも",
        "to": "どまんなか たぬま",
        "title": "みかも → どまんなか たぬま",
        "distance_meters": 7079,
        "duration_seconds": 637.11
      }
    },
    {
      "type": "Feature",
      "geometry": {
        "type": "LineString",
        "coordinates": [
          [
            139.572073,
            36.343804
          ],
          [
            139.789732,
            36.191431
          ]
        ]
      },
      "properties": {
        "order": 38,
        "from": "どまんなか たぬま",
        "to": "まくらがの里 こが",
        "title": "どまんなか たぬま → まくらがの里 こが",
        "distance_meters": 25842,
        "duration_seconds": 2325.78
      }
    },
    {
      "type": "Feature",
      "geometry": {
        "type": "LineString",
        "coordinates": [
          [
            139.789732,
            36.191431
          ],
          [
            139.760746,
            36.308182
          ]
        ]
      },
      "properties": {
        "order": 39,
        "from": "まくらがの里 こが",
        "to": "思川",
        "title": "まくらがの里 こが → 思川",
        "distance_meters": 13239,
        "duration_seconds": 1191.51
      }
    },
    {
      "type": "Feature",
      "geometry": {
        "type": "LineString",
        "coordinates": [
          [
            139.760746,
            36.308182
          ],
          [
            139.883764,
            36.397222
          ]
        ]
      },
      "properties": {
        "order": 40,
        "from": "思川",
        "to": "しもつけ",
        "title": "思川 → しもつけ",
        "distance_meters": 14812,
        "duration_seconds": 1333.08
      }
    },
    {
      "type": "Feature",
      "geometry": {
        "type": "LineString",
        "coordinates": [
          [
            139.883764,
            36.397222
          ],
          [
            139.806959,
            36.455269
          ]
        ]
      },
      "properties": {
        "order": 41,
        "from": "しもつけ",
        "to": "みぶ",
        "title": "しもつけ → みぶ",
        "distance_meters": 9427,
        "duration_seconds": 848.43
      }
    },
    {
      "type": "Feature",
      "geometry": {
        "type": "LineString",
        "coordinates": [
          [
            139.806959,
            36.455269
          ],
          [
            139.74318,
            36.466687
          ]
        ]
      },
      "properties": {
        "order": 42,
        "from": "みぶ",
        "to": "にしかた",
        "title": "みぶ → にしかた",
        "distance_meters": 5843,
        "duration_seconds": 525.87
      }
    },
    {
      "type": "Feature",
      "geometry": {
        "type": "LineString",
        "coordinates": [
          [
            139.74318,
            36.466687
          ],
          [
            139.831313,
            36.633391
          ]
        ]
      },
      "properties": {
        "order": 43,
        "from": "にしかた",
        "to": "うつのみや ろまんちっく村",
        "title": "にしかた → うつのみや ろまんちっく村",
        "distance_meters": 20139,
        "duration_seconds": 1812.51
      }
    },
    {
      "type": "Feature",
      "geometry": {
        "type": "LineString",
        "coordinates": [
          [
            139.831313,
            36.633391
          ],
          [
            139.781407,
            36.764657
          ]
        ]
      },
      "properties": {
        "order": 44,
        "from": "うつのみや ろまんちっく村",
        "to": "湧水の郷しおや",
        "title": "うつのみや ろまんちっく村 → 湧水の郷しおや",
        "distance_meters": 15259,
        "duration_seconds": 1373.31
      }
    },
    {
      "type": "Feature",
      "geometry": {
        "type": "LineString",
        "coordinates": [
          [
            139.781407,
            36.764657
          ],
          [
            139.687888,
            36.724531
          ]
        ]
      },
      "properties": {
        "order": 45,
        "from": "湧水の郷しおや",
        "to": "日光",
        "title": "湧水の郷しおや → 日光",
        "distance_meters": 9452,
        "duration_seconds": 850.68
      }
    },
    {
      "type": "Feature",
      "geometry": {
        "type": "LineString",
        "coordinates": [
          [
            139.687888,
            36.724531
          ],
          [
            139.271991,
            36.491184
          ]
        ]
      },
      "properties": {
        "order": 46,
        "from": "日光",
        "to": "くろほね・やまびこ",
        "title": "日光 → くろほね・やまびこ",
        "distance_meters": 45291,
        "duration_seconds": 4076.19
      }
    },
    {
      "type": "Feature",
      "geometry": {
        "type": "LineString",
        "coordinates": [
          [
            139.271991,
            36.491184
          ],
          [
            139.068935,
            36.612775
          ]
        ]
      },
      "properties": {
        "order": 47,
        "from": "くろほね・やまびこ",
        "to": "あぐりーむ昭和",
        "title": "くろほね・やまびこ → あぐりーむ昭和",
        "distance_meters": 22622,
        "duration_seconds": 2035.98
      }
    },
    {
      "type": "Feature",
      "geometry": {
        "type": "LineString",
        "coordinates": [
          [
            139.068935,
            36.612775
          ],
          [
            139.120031,
            36.661698
          ]
        ]
      },
      "properties": {
        "order": 48,
        "from": "あぐりーむ昭和",
        "to": "白沢",
        "title": "あぐりーむ昭和 → 白沢",
        "distance_meters": 7097,
        "duration_seconds": 638.73
      }
    },
    {
      "type": "Feature",
      "geometry": {
        "type": "LineString",
        "coordinates": [
          [
            139.120031,
            36.661698
          ],
          [
            139.107301,
            36.687042
          ]
        ]
      },
      "properties": {
        "order": 49,
        "from": "白沢",
        "to": "川場田園プラザ",
        "title": "白沢 → 川場田園プラザ",
        "distance_meters": 3038,
        "duration_seconds": 273.42
      }
    },
    {
      "type": "Feature",
      "geometry": {
        "type": "LineString",
        "coordinates": [
          [
            139.107301,
            36.687042
          ],
          [
            138.96767,
            36.764515
          ]
        ]
      },
      "properties": {
        "order": 50,
        "from": "川場田園プラザ",
        "to": "みなかみ水紀行館",
        "title": "川場田園プラザ → みなかみ水紀行館",
        "distance_meters": 15135,
        "duration_seconds": 1362.15
      }
    },
    {
      "type": "Feature",
      "geometry": {
        "type": "LineString",
        "coordinates": [
          [
            138.96767,
            36.764515
          ],
          [
            138.981257,
            36.6976
          ]
        ]
      },
      "properties": {
        "order": 51,
        "from": "みなかみ水紀行館",
        "to": "月夜野矢瀬親水公園",
        "title": "みなかみ水紀行館 → 月夜野矢瀬親水公園",
        "distance_meters": 7538,
        "duration_seconds": 678.42
      }
    },
    {
      "type": "Feature",
      "geometry": {
        "type": "LineString",
        "coordinates": [
          [
            138.981257,
            36.6976
          ],
          [
            138.90835,
            36.69608
          ]
        ]
      },
      "properties": {
        "order": 52,
        "from": "月夜野矢瀬親水公園",
        "to": "たくみの里",
        "title": "月夜野矢瀬親水公園 → たくみの里",
        "distance_meters": 6502,
        "duration_seconds": 585.18
      }
    },
    {
      "type": "Feature",
      "geometry": {
        "type": "LineString",
        "coordinates": [
          [
            138.90835,
            36.69608
          ],
          [
            138.638618,
            36.607483
          ]
        ]
      },
      "properties": {
        "order": 53,
        "from": "たくみの里",
        "to": "六合",
        "title": "たくみの里 → 六合",
        "distance_meters": 26001,
        "duration_seconds": 2340.09
      }
    },
    {
      "type": "Feature",
      "geometry": {
        "type": "LineString",
        "coordinates": [
          [
            138.638618,
            36.607483
          ],
          [
            138.590048,
            36.614528
          ]
        ]
      },
      "properties": {
        "order": 54,
        "from": "六合",
        "to": "草津運動茶屋公園",
        "title": "六合 → 草津運動茶屋公園",
        "distance_meters": 4405,
        "duration_seconds": 396.45
      }
    },
    {
      "type": "Feature",
      "geometry": {
        "type": "LineString",
        "coordinates": [
          [
            138.590048,
            36.614528
          ],
          [
            138.294865,
            36.689123
          ]
        ]
      },
      "properties": {
        "order": 55,
        "from": "草津運動茶屋公園",
        "to": "オアシスおぶせ",
        "title": "草津運動茶屋公園 → オアシスおぶせ",
        "distance_meters": 27608,
        "duration_seconds": 2484.72
      }
    },
    {
      "type": "Feature",
      "geometry": {
        "type": "LineString",
        "coordinates": [
          [
            138.294865,
            36.689123
          ],
          [
            138.404622,
            36.741351
          ]
        ]
      },
      "properties": {
        "order": 56,
        "from": "オアシスおぶせ",
        "to": "北信州やまのうち",
        "title": "オアシスおぶせ → 北信州やまのうち",
        "distance_meters": 11377,
        "duration_seconds": 1023.93
      }
    },
    {
      "type": "Feature",
      "geometry": {
        "type": "LineString",
        "coordinates": [
          [
            138.404622,
            36.741351
          ],
          [
            138.58168,
            36.988484
          ]
        ]
      },
      "properties": {
        "order": 57,
        "from": "北信州やまのうち",
        "to": "信越さかえ",
        "title": "北信州やまのうち → 信越さかえ",
        "distance_meters": 31674,
        "duration_seconds": 2850.66
      }
    },
    {
      "type": "Feature",
      "geometry": {
        "type": "LineString",
        "coordinates": [
          [
            138.58168,
            36.988484
          ],
          [
            138.448059,
            36.960104
          ]
        ]
      },
      "properties": {
        "order": 58,
        "from": "信越さかえ",
        "to": "野沢温泉",
        "title": "信越さかえ → 野沢温泉",
        "distance_meters": 12282,
        "duration_seconds": 1105.38
      }
    },
    {
      "type": "Feature",
      "geometry": {
        "type": "LineString",
        "coordinates": [
          [
            138.448059,
            36.960104
          ],
          [
            138.387761,
            36.881511
          ]
        ]
      },
      "properties": {
        "order": 59,
        "from": "野沢温泉",
        "to": "花の駅 千曲川",
        "title": "野沢温泉 → 花の駅 千曲川",
        "distance_meters": 10252,
        "duration_seconds": 922.68
      }
    },
    {
      "type": "Feature",
      "geometry": {
        "type": "LineString",
        "coordinates": [
          [
            138.387761,
            36.881511
          ],
          [
            138.388223,
            36.852148
          ]
        ]
      },
      "properties": {
        "order": 60,
        "from": "花の駅 千曲川",
        "to": "FARMUS 木島平",
        "title": "花の駅 千曲川 → FARMUS 木島平",
        "distance_meters": 3265,
        "duration_seconds": 293.85
      }
    },
    {
      "type": "Feature",
      "geometry": {
        "type": "LineString",
        "coordinates": [
          [
            138.388223,
            36.852148
          ],
          [
            138.322324,
            36.800516
          ]
        ]
      },
      "properties": {
        "order": 61,
        "from": "FARMUS 木島平",
        "to": "ふるさと豊田",
        "title": "FARMUS 木島平 → ふるさと豊田",
        "distance_meters": 8207,
        "duration_seconds": 738.63
      }
    },
    {
      "type": "Feature",
      "geometry": {
        "type": "LineString",
        "coordinates": [
          [
            138.322324,
            36.800516
          ],
          [
            138.190162,
            36.818291
          ]
        ]
      },
      "properties": {
        "order": 62,
        "from": "ふるさと豊田",
        "to": "しなの",
        "title": "ふるさと豊田 → しなの",
        "distance_meters": 11930,
        "duration_seconds": 1073.7
      }
    },
    {
      "type": "Feature",
      "geometry": {
        "type": "LineString",
        "coordinates": [
          [
            138.190162,
            36.818291
          ],
          [
            137.90044,
            36.845261
          ]
        ]
      },
      "properties": {
        "order": 63,
        "from": "しなの",
        "to": "小谷",
        "title": "しなの → 小谷",
        "distance_meters": 25959,
        "duration_seconds": 2336.31
      }
    },
    {
      "type": "Feature",
      "geometry": {
        "type": "LineString",
        "coordinates": [
          [
            137.90044,
            36.845261
          ],
          [
            137.847327,
            36.65359
          ]
        ]
      },
      "properties": {
        "order": 64,
        "from": "小谷",
        "to": "白馬",
        "title": "小谷 → 白馬",
        "distance_meters": 21831,
        "duration_seconds": 1964.79
      }
    },
    {
      "type": "Feature",
      "geometry": {
        "type": "LineString",
        "coordinates": [
          [
            137.847327,
            36.65359
          ],
          [
            137.895563,
            36.605338
          ]
        ]
      },
      "properties": {
        "order": 65,
        "from": "白馬",
        "to": "ぽかぽかランド美麻",
        "title": "白馬 → ぽかぽかランド美麻",
        "distance_meters": 6878,
        "duration_seconds": 619.02
      }
    },
    {
      "type": "Feature",
      "geometry": {
        "type": "LineString",
        "coordinates": [
          [
            137.895563,
            36.605338
          ],
          [
            138.01617,
            36.6038
          ]
        ]
      },
      "properties": {
        "order": 66,
        "from": "ぽかぽかランド美麻",
        "to": "中条",
        "title": "ぽかぽかランド美麻 → 中条",
        "distance_meters": 10767,
        "duration_seconds": 969.03
      }
    },
    {
      "type": "Feature",
      "geometry": {
        "type": "LineString",
        "coordinates": [
          [
            138.01617,
            36.6038
          ],
          [
            137.990556,
            36.6133
          ]
        ]
      },
      "properties": {
        "order": 67,
        "from": "中条",
        "to": "おがわ",
        "title": "中条 → おがわ",
        "distance_meters": 2518,
        "duration_seconds": 226.62
      }
    },
    {
      "type": "Feature",
      "geometry": {
        "type": "LineString",
        "coordinates": [
          [
            137.990556,
            36.6133
          ],
          [
            138.052742,
            36.585417
          ]
        ]
      },
      "properties": {
        "order": 68,
        "from": "おがわ",
        "to": "信州新町",
        "title": "おがわ → 信州新町",
        "distance_meters": 6358,
        "duration_seconds": 572.22
      }
    },
    {
      "type": "Feature",
      "geometry": {
        "type": "LineString",
        "coordinates": [
          [
            138.052742,
            36.585417
          ],
          [
            137.958136,
            36.526393
          ]
        ]
      },
      "properties": {
        "order": 69,
        "from": "信州新町",
        "to": "長野市大岡特産センター",
        "title": "信州新町 → 長野市大岡特産センター",
        "distance_meters": 10699,
        "duration_seconds": 962.91
      }
    },
    {
      "type": "Feature",
      "geometry": {
        "type": "LineString",
        "coordinates": [
          [
            137.958136,
            36.526393
          ],
          [
            137.931389,
            36.424169
          ]
        ]
      },
      "properties": {
        "order": 70,
        "from": "長野市大岡特産センター",
        "to": "いくさかの郷",
        "title": "長野市大岡特産センター → いくさかの郷",
        "distance_meters": 11615,
        "duration_seconds": 1045.35
      }
    },
    {
      "type": "Feature",
      "geometry": {
        "type": "LineString",
        "coordinates": [
          [
            137.931389,
            36.424169
          ],
          [
            137.884637,
            36.397074
          ]
        ]
      },
      "properties": {
        "order": 71,
        "from": "いくさかの郷",
        "to": "池田",
        "title": "いくさかの郷 → 池田",
        "distance_meters": 5155,
        "duration_seconds": 463.95
      }
    },
    {
      "type": "Feature",
      "geometry": {
        "type": "LineString",
        "coordinates": [
          [
            137.884637,
            36.397074
          ],
          [
            137.867643,
            36.396278
          ]
        ]
      },
      "properties": {
        "order": 72,
        "from": "池田",
        "to": "安曇野松川",
        "title": "池田 → 安曇野松川",
        "distance_meters": 1523,
        "duration_seconds": 137.07
      }
    },
    {
      "type": "Feature",
      "geometry": {
        "type": "LineString",
        "coordinates": [
          [
            137.867643,
            36.396278
          ],
          [
            137.87772,
            36.293496
          ]
        ]
      },
      "properties": {
        "order": 73,
        "from": "安曇野松川",
        "to": "アルプス安曇野 ほりがねの里",
        "title": "安曇野松川 → アルプス安曇野 ほりがねの里",
        "distance_meters": 11464,
        "duration_seconds": 1031.76
      }
    },
    {
      "type": "Feature",
      "geometry": {
        "type": "LineString",
        "coordinates": [
          [
            137.87772,
            36.293496
          ],
          [
            137.902754,
            36.148281
          ]
        ]
      },
      "properties": {
        "order": 74,
        "from": "アルプス安曇野 ほりがねの里",
        "to": "今井 恵みの里",
        "title": "アルプス安曇野 ほりがねの里 → 今井 恵みの里",
        "distance_meters": 16302,
        "duration_seconds": 1467.18
      }
    },
    {
      "type": "Feature",
      "geometry": {
        "type": "LineString",
        "coordinates": [
          [
            137.902754,
            36.148281
          ],
          [
            137.752097,
            36.153326
          ]
        ]
      },
      "properties": {
        "order": 75,
        "from": "今井 恵みの里",
        "to": "風穴の里",
        "title": "今井 恵みの里 → 風穴の里",
        "distance_meters": 13538,
        "duration_seconds": 1218.42
      }
    },
    {
      "type": "Feature",
      "geometry": {
        "type": "LineString",
        "coordinates": [
          [
            137.752097,
            36.153326
          ],
          [
            137.988191,
            36.106347
          ]
        ]
      },
      "properties": {
        "order": 76,
        "from": "風穴の里",
        "to": "小坂田公園",
        "title": "風穴の里 → 小坂田公園",
        "distance_meters": 21837,
        "duration_seconds": 1965.33
      }
    },
    {
      "type": "Feature",
      "geometry": {
        "type": "LineString",
        "coordinates": [
          [
            137.988191,
            36.106347
          ],
          [
            138.140325,
            36.230635
          ]
        ]
      },
      "properties": {
        "order": 77,
        "from": "小坂田公園",
        "to": "美ヶ原高原",
        "title": "小坂田公園 → 美ヶ原高原",
        "distance_meters": 19429,
        "duration_seconds": 1748.61
      }
    },
    {
      "type": "Feature",
      "geometry": {
        "type": "LineString",
        "coordinates": [
          [
            138.140325,
            36.230635
          ],
          [
            138.21375,
            36.205722
          ]
        ]
      },
      "properties": {
        "order": 78,
        "from": "美ヶ原高原",
        "to": "和田宿ステーション",
        "title": "美ヶ原高原 → 和田宿ステーション",
        "distance_meters": 7145,
        "duration_seconds": 643.05
      }
    },
    {
      "type": "Feature",
      "geometry": {
        "type": "LineString",
        "coordinates": [
          [
            138.21375,
            36.205722
          ],
          [
            138.257588,
            36.272941
          ]
        ]
      },
      "properties": {
        "order": 79,
        "from": "和田宿ステーション",
        "to": "マルメロの駅ながと",
        "title": "和田宿ステーション → マルメロの駅ながと",
        "distance_meters": 8445,
        "duration_seconds": 760.05
      }
    },
    {
      "type": "Feature",
      "geometry": {
        "type": "LineString",
        "coordinates": [
          [
            138.257588,
            36.272941
          ],
          [
            138.012124,
            36.426378
          ]
        ]
      },
      "properties": {
        "order": 80,
        "from": "マルメロの駅ながと",
        "to": "さかきた",
        "title": "マルメロの駅ながと → さかきた",
        "distance_meters": 27827,
        "duration_seconds": 2504.43
      }
    },
    {
      "type": "Feature",
      "geometry": {
        "type": "LineString",
        "coordinates": [
          [
            138.012124,
            36.426378
          ],
          [
            138.140884,
            36.372865
          ]
        ]
      },
      "properties": {
        "order": 81,
        "from": "さかきた",
        "to": "あおき",
        "title": "さかきた → あおき",
        "distance_meters": 12969,
        "duration_seconds": 1167.21
      }
    },
    {
      "type": "Feature",
      "geometry": {
        "type": "LineString",
        "coordinates": [
          [
            138.140884,
            36.372865
          ],
          [
            138.205586,
            36.407122
          ]
        ]
      },
      "properties": {
        "order": 82,
        "from": "あおき",
        "to": "上田 道と川の駅",
        "title": "あおき → 上田 道と川の駅",
        "distance_meters": 6931,
        "duration_seconds": 623.79
      }
    },
    {
      "type": "Feature",
      "geometry": {
        "type": "LineString",
        "coordinates": [
          [
            138.205586,
            36.407122
          ],
          [
            138.373897,
            36.355715
          ]
        ]
      },
      "properties": {
        "order": 83,
        "from": "上田 道と川の駅",
        "to": "雷電くるみの里",
        "title": "上田 道と川の駅 → 雷電くるみの里",
        "distance_meters": 16115,
        "duration_seconds": 1450.35
      }
    },
    {
      "type": "Feature",
      "geometry": {
        "type": "LineString",
        "coordinates": [
          [
            138.373897,
            36.355715
          ],
          [
            138.359566,
            36.334784
          ]
        ]
      },
      "properties": {
        "order": 84,
        "from": "雷電くるみの里",
        "to": "みまき",
        "title": "雷電くるみの里 → みまき",
        "distance_meters": 2657,
        "duration_seconds": 239.13
      }
    },
    {
      "type": "Feature",
      "geometry": {
        "type": "LineString",
        "coordinates": [
          [
            138.359566,
            36.334784
          ],
          [
            138.331675,
            36.276288
          ]
        ]
      },
      "properties": {
        "order": 85,
        "from": "みまき",
        "to": "女神の里 たてしな",
        "title": "みまき → 女神の里 たてしな",
        "distance_meters": 6968,
        "duration_seconds": 627.12
      }
    },
    {
      "type": "Feature",
      "geometry": {
        "type": "LineString",
        "coordinates": [
          [
            138.331675,
            36.276288
          ],
          [
            138.404307,
            36.25751
          ]
        ]
      },
      "properties": {
        "order": 86,
        "from": "女神の里 たてしな",
        "to": "ほっとぱ〜く・浅科",
        "title": "女神の里 たてしな → ほっとぱ〜く・浅科",
        "distance_meters": 6838,
        "duration_seconds": 615.42
      }
    },
    {
      "type": "Feature",
      "geometry": {
        "type": "LineString",
        "coordinates": [
          [
            138.404307,
            36.25751
          ],
          [
            138.440822,
            36.236692
          ]
        ]
      },
      "properties": {
        "order": 87,
        "from": "ほっとぱ〜く・浅科",
        "to": "ヘルシーテラス佐久南",
        "title": "ほっとぱ〜く・浅科 → ヘルシーテラス佐久南",
        "distance_meters": 4010,
        "duration_seconds": 360.9
      }
    },
    {
      "type": "Feature",
      "geometry": {
        "type": "LineString",
        "coordinates": [
          [
            138.440822,
            36.236692
          ],
          [
            138.4654,
            36.1286
          ]
        ]
      },
      "properties": {
        "order": 88,
        "from": "ヘルシーテラス佐久南",
        "to": "八千穂高原",
        "title": "ヘルシーテラス佐久南 → 八千穂高原",
        "distance_meters": 12220,
        "duration_seconds": 1099.8
      }
    },
    {
      "type": "Feature",
      "geometry": {
        "type": "LineString",
        "coordinates": [
          [
            138.4654,
            36.1286
          ],
          [
            138.765967,
            36.299644
          ]
        ]
      },
      "properties": {
        "order": 89,
        "from": "八千穂高原",
        "to": "みょうぎ",
        "title": "八千穂高原 → みょうぎ",
        "distance_meters": 32997,
        "duration_seconds": 2969.73
      }
    },
    {
      "type": "Feature",
      "geometry": {
        "type": "LineString",
        "coordinates": [
          [
            138.765967,
            36.299644
          ],
          [
            138.79314,
            36.424511
          ]
        ]
      },
      "properties": {
        "order": 90,
        "from": "みょうぎ",
        "to": "くらぶち小栗の里",
        "title": "みょうぎ → くらぶち小栗の里",
        "distance_meters": 14096,
        "duration_seconds": 1268.64
      }
    },
    {
      "type": "Feature",
      "geometry": {
        "type": "LineString",
        "coordinates": [
          [
            138.79314,
            36.424511
          ],
          [
            138.684273,
            36.547513
          ]
        ]
      },
      "properties": {
        "order": 91,
        "from": "くらぶち小栗の里",
        "to": "八ッ場ふるさと館",
        "title": "くらぶち小栗の里 → 八ッ場ふるさと館",
        "distance_meters": 16786,
        "duration_seconds": 1510.74
      }
    },
    {
      "type": "Feature",
      "geometry": {
        "type": "LineString",
        "coordinates": [
          [
            138.684273,
            36.547513
          ],
          [
            138.73569,
            36.57048
          ]
        ]
      },
      "properties": {
        "order": 92,
        "from": "八ッ場ふるさと館",
        "to": "あがつま峡",
        "title": "八ッ場ふるさと館 → あがつま峡",
        "distance_meters": 5254,
        "duration_seconds": 472.86
      }
    },
    {
      "type": "Feature",
      "geometry": {
        "type": "LineString",
        "coordinates": [
          [
            138.73569,
            36.57048
          ],
          [
            138.829756,
            36.608929
          ]
        ]
      },
      "properties": {
        "order": 93,
        "from": "あがつま峡",
        "to": "霊山たけやま",
        "title": "あがつま峡 → 霊山たけやま",
        "distance_meters": 9423,
        "duration_seconds": 848.07
      }
    },
    {
      "type": "Feature",
      "geometry": {
        "type": "LineString",
        "coordinates": [
          [
            138.829756,
            36.608929
          ],
          [
            138.954257,
            36.622498
          ]
        ]
      },
      "properties": {
        "order": 94,
        "from": "霊山たけやま",
        "to": "中山盆地",
        "title": "霊山たけやま → 中山盆地",
        "distance_meters": 11213,
        "duration_seconds": 1009.17
      }
    },
    {
      "type": "Feature",
      "geometry": {
        "type": "LineString",
        "coordinates": [
          [
            138.954257,
            36.622498
          ],
          [
            138.952806,
            36.548114
          ]
        ]
      },
      "properties": {
        "order": 95,
        "from": "中山盆地",
        "to": "おのこ",
        "title": "中山盆地 → おのこ",
        "distance_meters": 8272,
        "duration_seconds": 744.48
      }
    },
    {
      "type": "Feature",
      "geometry": {
        "type": "LineString",
        "coordinates": [
          [
            138.952806,
            36.548114
          ],
          [
            139.016363,
            36.51514
          ]
        ]
      },
      "properties": {
        "order": 96,
        "from": "おのこ",
        "to": "こもち",
        "title": "おのこ → こもち",
        "distance_meters": 6759,
        "duration_seconds": 608.31
      }
    },
    {
      "type": "Feature",
      "geometry": {
        "type": "LineString",
        "coordinates": [
          [
            139.016363,
            36.51514
          ],
          [
            139.035164,
            36.441341
          ]
        ]
      },
      "properties": {
        "order": 97,
        "from": "こもち",
        "to": "よしおか温泉",
        "title": "こもち → よしおか温泉",
        "distance_meters": 8376,
        "duration_seconds": 753.84
      }
    },
    {
      "type": "Feature",
      "geometry": {
        "type": "LineString",
        "coordinates": [
          [
            139.035164,
            36.441341
          ],
          [
            139.052828,
            36.439656
          ]
        ]
      },
      "properties": {
        "order": 98,
        "from": "よしおか温泉",
        "to": "まえばし赤城",
        "title": "よしおか温泉 → まえばし赤城",
        "distance_meters": 1591,
        "duration_seconds": 143.19
      }
    },
    {
      "type": "Feature",
      "geometry": {
        "type": "LineString",
        "coordinates": [
          [
            139.052828,
            36.439656
          ],
          [
            139.094239,
            36.469383
          ]
        ]
      },
      "properties": {
        "order": 99,
        "from": "まえばし赤城",
        "to": "ふじみ",
        "title": "まえばし赤城 → ふじみ",
        "distance_meters": 4964,
        "duration_seconds": 446.76
      }
    },
    {
      "type": "Feature",
      "geometry": {
        "type": "LineString",
        "coordinates": [
          [
            139.094239,
            36.469383
          ],
          [
            139.136429,
            36.45906
          ]
        ]
      },
      "properties": {
        "order": 100,
        "from": "ふじみ",
        "to": "ぐりーんふらわー牧場・大胡",
        "title": "ふじみ → ぐりーんふらわー牧場・大胡",
        "distance_meters": 3943,
        "duration_seconds": 354.87
      }
    },
    {
      "type": "Feature",
      "geometry": {
        "type": "LineString",
        "coordinates": [
          [
            139.136429,
            36.45906
          ],
          [
            139.128455,
            36.423695
          ]
        ]
      },
      "properties": {
        "order": 101,
        "from": "ぐりーんふらわー牧場・大胡",
        "to": "赤城の恵",
        "title": "ぐりーんふらわー牧場・大胡 → 赤城の恵",
        "distance_meters": 3996,
        "duration_seconds": 359.64
      }
    },
    {
      "type": "Feature",
      "geometry": {
        "type": "LineString",
        "coordinates": [
          [
            139.128455,
            36.423695
          ],
          [
            139.094585,
            36.308334
          ]
        ]
      },
      "properties": {
        "order": 102,
        "from": "赤城の恵",
        "to": "玉村宿",
        "title": "赤城の恵 → 玉村宿",
        "distance_meters": 13181,
        "duration_seconds": 1186.29
      }
    },
    {
      "type": "Feature",
      "geometry": {
        "type": "LineString",
        "coordinates": [
          [
            139.094585,
            36.308334
          ],
          [
            139.071644,
            36.272136
          ]
        ]
      },
      "properties": {
        "order": 103,
        "from": "玉村宿",
        "to": "ららん藤岡",
        "title": "玉村宿 → ららん藤岡",
        "distance_meters": 4519,
        "duration_seconds": 406.71
      }
    },
    {
      "type": "Feature",
      "geometry": {
        "type": "LineString",
        "coordinates": [
          [
            139.071644,
            36.272136
          ],
          [
            138.916653,
            36.233749
          ]
        ]
      },
      "properties": {
        "order": 104,
        "from": "ららん藤岡",
        "to": "甘楽",
        "title": "ららん藤岡 → 甘楽",
        "distance_meters": 14538,
        "duration_seconds": 1308.42
      }
    },
    {
      "type": "Feature",
      "geometry": {
        "type": "LineString",
        "coordinates": [
          [
            138.916653,
            36.233749
          ],
          [
            138.802018,
            36.224036
          ]
        ]
      },
      "properties": {
        "order": 105,
        "from": "甘楽",
        "to": "しもにた",
        "title": "甘楽 → しもにた",
        "distance_meters": 10338,
        "duration_seconds": 930.42
      }
    },
    {
      "type": "Feature",
      "geometry": {
        "type": "LineString",
        "coordinates": [
          [
            138.802018,
            36.224036
          ],
          [
            138.741708,
            36.178273
          ]
        ]
      },
      "properties": {
        "order": 106,
        "from": "しもにた",
        "to": "オアシスなんもく",
        "title": "しもにた → オアシスなんもく",
        "distance_meters": 7428,
        "duration_seconds": 668.52
      }
    },
    {
      "type": "Feature",
      "geometry": {
        "type": "LineString",
        "coordinates": [
          [
            138.741708,
            36.178273
          ],
          [
            138.784106,
            36.080532
          ]
        ]
      },
      "properties": {
        "order": 107,
        "from": "オアシスなんもく",
        "to": "上野",
        "title": "オアシスなんもく → 上野",
        "distance_meters": 11516,
        "duration_seconds": 1036.44
      }
    },
    {
      "type": "Feature",
      "geometry": {
        "type": "LineString",
        "coordinates": [
          [
            138.784106,
            36.080532
          ],
          [
            138.89783,
            36.109242
          ]
        ]
      },
      "properties": {
        "order": 108,
        "from": "上野",
        "to": "万葉の里",
        "title": "上野 → 万葉の里",
        "distance_meters": 10705,
        "duration_seconds": 963.45
      }
    },
    {
      "type": "Feature",
      "geometry": {
        "type": "LineString",
        "coordinates": [
          [
            138.89783,
            36.109242
          ],
          [
            139.040349,
            36.143093
          ]
        ]
      },
      "properties": {
        "order": 109,
        "from": "万葉の里",
        "to": "上州おにし",
        "title": "万葉の里 → 上州おにし",
        "distance_meters": 13342,
        "duration_seconds": 1200.78
      }
    },
    {
      "type": "Feature",
      "geometry": {
        "type": "LineString",
        "coordinates": [
          [
            139.040349,
            36.143093
          ],
          [
            139.10965,
            36.076959
          ]
        ]
      },
      "properties": {
        "order": 110,
        "from": "上州おにし",
        "to": "みなの",
        "title": "上州おにし → みなの",
        "distance_meters": 9635,
        "duration_seconds": 867.15
      }
    },
    {
      "type": "Feature",
      "geometry": {
        "type": "LineString",
        "coordinates": [
          [
            139.10965,
            36.076959
          ],
          [
            139.135557,
            35.976907
          ]
        ]
      },
      "properties": {
        "order": 111,
        "from": "みなの",
        "to": "果樹公園あしがくぼ",
        "title": "みなの → 果樹公園あしがくぼ",
        "distance_meters": 11366,
        "duration_seconds": 1022.94
      }
    },
    {
      "type": "Feature",
      "geometry": {
        "type": "LineString",
        "coordinates": [
          [
            139.135557,
            35.976907
          ],
          [
            139.089397,
            35.997441
          ]
        ]
      },
      "properties": {
        "order": 112,
        "from": "果樹公園あしがくぼ",
        "to": "ちちぶ",
        "title": "果樹公園あしがくぼ → ちちぶ",
        "distance_meters": 4739,
        "duration_seconds": 426.51
      }
    },
    {
      "type": "Feature",
      "geometry": {
        "type": "LineString",
        "coordinates": [
          [
            139.089397,
            35.997441
          ],
          [
            139.040109,
            36.049009
          ]
        ]
      },
      "properties": {
        "order": 113,
        "from": "ちちぶ",
        "to": "龍勢会館",
        "title": "ちちぶ → 龍勢会館",
        "distance_meters": 7247,
        "duration_seconds": 652.23
      }
    },
    {
      "type": "Feature",
      "geometry": {
        "type": "LineString",
        "coordinates": [
          [
            139.040109,
            36.049009
          ],
          [
            138.970964,
            36.004772
          ]
        ]
      },
      "properties": {
        "order": 114,
        "from": "龍勢会館",
        "to": "両神温泉薬師の湯",
        "title": "龍勢会館 → 両神温泉薬師の湯",
        "distance_meters": 7928,
        "duration_seconds": 713.52
      }
    },
    {
      "type": "Feature",
      "geometry": {
        "type": "LineString",
        "coordinates": [
          [
            138.970964,
            36.004772
          ],
          [
            139.012634,
            35.954414
          ]
        ]
      },
      "properties": {
        "order": 115,
        "from": "両神温泉薬師の湯",
        "to": "あらかわ",
        "title": "両神温泉薬師の湯 → あらかわ",
        "distance_meters": 6738,
        "duration_seconds": 606.42
      }
    },
    {
      "type": "Feature",
      "geometry": {
        "type": "LineString",
        "coordinates": [
          [
            139.012634,
            35.954414
          ],
          [
            138.938199,
            35.95038
          ]
        ]
      },
      "properties": {
        "order": 116,
        "from": "あらかわ",
        "to": "大滝温泉",
        "title": "あらかわ → 大滝温泉",
        "distance_meters": 6715,
        "duration_seconds": 604.35
      }
    },
    {
      "type": "Feature",
      "geometry": {
        "type": "LineString",
        "coordinates": [
          [
            138.938199,
            35.95038
          ],
          [
            138.923819,
            35.78926
          ]
        ]
      },
      "properties": {
        "order": 117,
        "from": "大滝温泉",
        "to": "たばやま",
        "title": "大滝温泉 → たばやま",
        "distance_meters": 17962,
        "duration_seconds": 1616.58
      }
    },
    {
      "type": "Feature",
      "geometry": {
        "type": "LineString",
        "coordinates": [
          [
            138.923819,
            35.78926
          ],
          [
            138.427786,
            35.865738
          ]
        ]
      },
      "properties": {
        "order": 118,
        "from": "たばやま",
        "to": "南きよさと",
        "title": "たばやま → 南きよさと",
        "distance_meters": 45521,
        "duration_seconds": 4096.89
      }
    },
    {
      "type": "Feature",
      "geometry": {
        "type": "LineString",
        "coordinates": [
          [
            138.427786,
            35.865738
          ],
          [
            138.257668,
            36.051327
          ]
        ]
      },
      "properties": {
        "order": 119,
        "from": "南きよさと",
        "to": "ビーナスライン蓼科湖",
        "title": "南きよさと → ビーナスライン蓼科湖",
        "distance_meters": 25696,
        "duration_seconds": 2312.64
      }
    },
    {
      "type": "Feature",
      "geometry": {
        "type": "LineString",
        "coordinates": [
          [
            138.257668,
            36.051327
          ],
          [
            138.316714,
            35.878901
          ]
        ]
      },
      "properties": {
        "order": 120,
        "from": "ビーナスライン蓼科湖",
        "to": "こぶちさわ",
        "title": "ビーナスライン蓼科湖 → こぶちさわ",
        "distance_meters": 19895,
        "duration_seconds": 1790.55
      }
    },
    {
      "type": "Feature",
      "geometry": {
        "type": "LineString",
        "coordinates": [
          [
            138.316714,
            35.878901
          ],
          [
            138.276911,
            35.863269
          ]
        ]
      },
      "properties": {
        "order": 121,
        "from": "こぶちさわ",
        "to": "信州蔦木宿",
        "title": "こぶちさわ → 信州蔦木宿",
        "distance_meters": 3985,
        "duration_seconds": 358.65
      }
    },
    {
      "type": "Feature",
      "geometry": {
        "type": "LineString",
        "coordinates": [
          [
            138.276911,
            35.863269
          ],
          [
            138.330655,
            35.810325
          ]
        ]
      },
      "properties": {
        "order": 122,
        "from": "信州蔦木宿",
        "to": "はくしゅう",
        "title": "信州蔦木宿 → はくしゅう",
        "distance_meters": 7624,
        "duration_seconds": 686.16
      }
    },
    {
      "type": "Feature",
      "geometry": {
        "type": "LineString",
        "coordinates": [
          [
            138.330655,
            35.810325
          ],
          [
            138.43859,
            35.748412
          ]
        ]
      },
      "properties": {
        "order": 123,
        "from": "はくしゅう",
        "to": "にらさき",
        "title": "はくしゅう → にらさき",
        "distance_meters": 11924,
        "duration_seconds": 1073.16
      }
    },
    {
      "type": "Feature",
      "geometry": {
        "type": "LineString",
        "coordinates": [
          [
            138.43859,
            35.748412
          ],
          [
            138.471159,
            35.638031
          ]
        ]
      },
      "properties": {
        "order": 124,
        "from": "にらさき",
        "to": "しらね",
        "title": "にらさき → しらね",
        "distance_meters": 12621,
        "duration_seconds": 1135.89
      }
    },
    {
      "type": "Feature",
      "geometry": {
        "type": "LineString",
        "coordinates": [
          [
            138.471159,
            35.638031
          ],
          [
            138.545212,
            35.58494
          ]
        ]
      },
      "properties": {
        "order": 125,
        "from": "しらね",
        "to": "とよとみ",
        "title": "しらね → とよとみ",
        "distance_meters": 8925,
        "duration_seconds": 803.25
      }
    },
    {
      "type": "Feature",
      "geometry": {
        "type": "LineString",
        "coordinates": [
          [
            138.545212,
            35.58494
          ],
          [
            138.472064,
            35.557015
          ]
        ]
      },
      "properties": {
        "order": 126,
        "from": "とよとみ",
        "to": "富士川",
        "title": "とよとみ → 富士川",
        "distance_meters": 7308,
        "duration_seconds": 657.72
      }
    },
    {
      "type": "Feature",
      "geometry": {
        "type": "LineString",
        "coordinates": [
          [
            138.472064,
            35.557015
          ],
          [
            138.450385,
            35.487969
          ]
        ]
      },
      "properties": {
        "order": 127,
        "from": "富士川",
        "to": "にしじま和紙の里 かみすきパーク",
        "title": "富士川 → にしじま和紙の里 かみすきパーク",
        "distance_meters": 7924,
        "duration_seconds": 713.16
      }
    },
    {
      "type": "Feature",
      "geometry": {
        "type": "LineString",
        "coordinates": [
          [
            138.450385,
            35.487969
          ],
          [
            138.437249,
            35.418592
          ]
        ]
      },
      "properties": {
        "order": 128,
        "from": "にしじま和紙の里 かみすきパーク",
        "to": "みのぶ・富士川観光センター",
        "title": "にしじま和紙の里 かみすきパーク → みのぶ・富士川観光センター",
        "distance_meters": 7805,
        "duration_seconds": 702.45
      }
    },
    {
      "type": "Feature",
      "geometry": {
        "type": "LineString",
        "coordinates": [
          [
            138.437249,
            35.418592
          ],
          [
            138.446941,
            35.306755
          ]
        ]
      },
      "properties": {
        "order": 129,
        "from": "みのぶ・富士川観光センター",
        "to": "なんぶ",
        "title": "みのぶ・富士川観光センター → なんぶ",
        "distance_meters": 12466,
        "duration_seconds": 1121.94
      }
    },
    {
      "type": "Feature",
      "geometry": {
        "type": "LineString",
        "coordinates": [
          [
            138.446941,
            35.306755
          ],
          [
            138.485051,
            35.241785
          ]
        ]
      },
      "properties": {
        "order": 130,
        "from": "なんぶ",
        "to": "とみざわ",
        "title": "なんぶ → とみざわ",
        "distance_meters": 8009,
        "duration_seconds": 720.81
      }
    },
    {
      "type": "Feature",
      "geometry": {
        "type": "LineString",
        "coordinates": [
          [
            138.485051,
            35.241785
          ],
          [
            138.512894,
            35.469985
          ]
        ]
      },
      "properties": {
        "order": 131,
        "from": "とみざわ",
        "to": "しもべ",
        "title": "とみざわ → しもべ",
        "distance_meters": 25500,
        "duration_seconds": 2295.0
      }
    },
    {
      "type": "Feature",
      "geometry": {
        "type": "LineString",
        "coordinates": [
          [
            138.512894,
            35.469985
          ],
          [
            138.698504,
            35.480152
          ]
        ]
      },
      "properties": {
        "order": 132,
        "from": "しもべ",
        "to": "なるさわ",
        "title": "しもべ → なるさわ",
        "distance_meters": 16845,
        "duration_seconds": 1516.05
      }
    },
    {
      "type": "Feature",
      "geometry": {
        "type": "LineString",
        "coordinates": [
          [
            138.698504,
            35.480152
          ],
          [
            138.734305,
            35.504346
          ]
        ]
      },
      "properties": {
        "order": 133,
        "from": "なるさわ",
        "to": "かつやま",
        "title": "なるさわ → かつやま",
        "distance_meters": 4212,
        "duration_seconds": 379.08
      }
    },
    {
      "type": "Feature",
      "geometry": {
        "type": "LineString",
        "coordinates": [
          [
            138.734305,
            35.504346
          ],
          [
            138.80198,
            35.459186
          ]
        ]
      },
      "properties": {
        "order": 134,
        "from": "かつやま",
        "to": "富士吉田",
        "title": "かつやま → 富士吉田",
        "distance_meters": 7922,
        "duration_seconds": 712.98
      }
    },
    {
      "type": "Feature",
      "geometry": {
        "type": "LineString",
        "coordinates": [
          [
            138.80198,
            35.459186
          ],
          [
            138.931227,
            35.582917
          ]
        ]
      },
      "properties": {
        "order": 135,
        "from": "富士吉田",
        "to": "つる",
        "title": "富士吉田 → つる",
        "distance_meters": 18058,
        "duration_seconds": 1625.22
      }
    },
    {
      "type": "Feature",
      "geometry": {
        "type": "LineString",
        "coordinates": [
          [
            138.931227,
            35.582917
          ],
          [
            138.792714,
            35.635934
          ]
        ]
      },
      "properties": {
        "order": 136,
        "from": "つる",
        "to": "甲斐大和",
        "title": "つる → 甲斐大和",
        "distance_meters": 13840,
        "duration_seconds": 1245.6
      }
    },
    {
      "type": "Feature",
      "geometry": {
        "type": "LineString",
        "coordinates": [
          [
            138.792714,
            35.635934
          ],
          [
            138.718368,
            35.754462
          ]
        ]
      },
      "properties": {
        "order": 137,
        "from": "甲斐大和",
        "to": "花かげの郷まきおか",
        "title": "甲斐大和 → 花かげの郷まきおか",
        "distance_meters": 14791,
        "duration_seconds": 1331.19
      }
    },
    {
      "type": "Feature",
      "geometry": {
        "type": "LineString",
        "coordinates": [
          [
            138.718368,
            35.754462
          ],
          [
            138.75525,
            35.862552
          ]
        ]
      },
      "properties": {
        "order": 138,
        "from": "花かげの郷まきおか",
        "to": "みとみ",
        "title": "花かげの郷まきおか → みとみ",
        "distance_meters": 12470,
        "duration_seconds": 1122.3
      }
    },
    {
      "type": "Feature",
      "geometry": {
        "type": "LineString",
        "coordinates": [
          [
            138.75525,
            35.862552
          ],
          [
            138.949946,
            35.75396
          ]
        ]
      },
      "properties": {
        "order": 139,
        "from": "みとみ",
        "to": "こすげ",
        "title": "みとみ → こすげ",
        "distance_meters": 21308,
        "duration_seconds": 1917.72
      }
    },
    {
      "type": "Feature",
      "geometry": {
        "type": "LineString",
        "coordinates": [
          [
            138.949946,
            35.75396
          ],
          [
            139.341475,
            35.686624
          ]
        ]
      },
      "properties": {
        "order": 140,
        "from": "こすげ",
        "to": "八王子滝山",
        "title": "こすげ → 八王子滝山",
        "distance_meters": 36130,
        "duration_seconds": 3251.7
      }
    },
    {
      "type": "Feature",
      "geometry": {
        "type": "LineString",
        "coordinates": [
          [
            139.341475,
            35.686624
          ],
          [
            139.203506,
            36.052482
          ]
        ]
      },
      "properties": {
        "order": 141,
        "from": "八王子滝山",
        "to": "和紙の里ひがしちちぶ",
        "title": "八王子滝山 → 和紙の里ひがしちちぶ",
        "distance_meters": 42538,
        "duration_seconds": 3828.42
      }
    },
    {
      "type": "Feature",
      "geometry": {
        "type": "LineString",
        "coordinates": [
          [
            139.203506,
            36.052482
          ],
          [
            139.227294,
            36.121891
          ]
        ]
      },
      "properties": {
        "order": 142,
        "from": "和紙の里ひがしちちぶ",
        "to": "はなぞの",
        "title": "和紙の里ひがしちちぶ → はなぞの",
        "distance_meters": 8008,
        "duration_seconds": 720.72
      }
    },
    {
      "type": "Feature",
      "geometry": {
        "type": "LineString",
        "coordinates": [
          [
            139.227294,
            36.121891
          ],
          [
            139.289029,
            36.15151
          ]
        ]
      },
      "properties": {
        "order": 143,
        "from": "はなぞの",
        "to": "かわもと",
        "title": "はなぞの → かわもと",
        "distance_meters": 6448,
        "duration_seconds": 580.32
      }
    },
    {
      "type": "Feature",
      "geometry": {
        "type": "LineString",
        "coordinates": [
          [
            139.289029,
            36.15151
          ],
          [
            139.281169,
            36.052384
          ]
        ]
      },
      "properties": {
        "order": 144,
        "from": "かわもと",
        "to": "おがわまち",
        "title": "かわもと → おがわまち",
        "distance_meters": 11044,
        "duration_seconds": 993.96
      }
    },
    {
      "type": "Feature",
      "geometry": {
        "type": "LineString",
        "coordinates": [
          [
            139.281169,
            36.052384
          ],
          [
            139.457688,
            36.036356
          ]
        ]
      },
      "properties": {
        "order": 145,
        "from": "おがわまち",
        "to": "いちごの里 よしみ",
        "title": "おがわまち → いちごの里 よしみ",
        "distance_meters": 15970,
        "duration_seconds": 1437.3
      }
    },
    {
      "type": "Feature",
      "geometry": {
        "type": "LineString",
        "coordinates": [
          [
            139.457688,
            36.036356
          ],
          [
            139.526949,
            35.992986
          ]
        ]
      },
      "properties": {
        "order": 146,
        "from": "いちごの里 よしみ",
        "to": "べに花の郷おけがわ",
        "title": "いちごの里 よしみ → べに花の郷おけがわ",
        "distance_meters": 7878,
        "duration_seconds": 709.02
      }
    },
    {
      "type": "Feature",
      "geometry": {
        "type": "LineString",
        "coordinates": [
          [
            139.526949,
            35.992986
          ],
          [
            139.765769,
            35.848019
          ]
        ]
      },
      "properties": {
        "order": 147,
        "from": "べに花の郷おけがわ",
        "to": "川口・あんぎょう",
        "title": "べに花の郷おけがわ → 川口・あんぎょう",
        "distance_meters": 26876,
        "duration_seconds": 2418.84
      }
    },
    {
      "type": "Feature",
      "geometry": {
        "type": "LineString",
        "coordinates": [
          [
            139.765769,
            35.848019
          ],
          [
            139.79478,
            35.996791
          ]
        ]
      },
      "properties": {
        "order": 148,
        "from": "川口・あんぎょう",
        "to": "庄和",
        "title": "川口・あんぎょう → 庄和",
        "distance_meters": 16747,
        "duration_seconds": 1507.23
      }
    },
    {
      "type": "Feature",
      "geometry": {
        "type": "LineString",
        "coordinates": [
          [
            139.79478,
            35.996791
          ],
          [
            139.76926,
            36.024632
          ]
        ]
      },
      "properties": {
        "order": 149,
        "from": "庄和",
        "to": "アグリパークゆめすぎと",
        "title": "庄和 → アグリパークゆめすぎと",
        "distance_meters": 3853,
        "duration_seconds": 346.77
      }
    },
    {
      "type": "Feature",
      "geometry": {
        "type": "LineString",
        "coordinates": [
          [
            139.76926,
            36.024632
          ],
          [
            139.758332,
            36.095277
          ]
        ]
      },
      "properties": {
        "order": 150,
        "from": "アグリパークゆめすぎと",
        "to": "ごか",
        "title": "アグリパークゆめすぎと → ごか",
        "distance_meters": 7916,
        "duration_seconds": 712.44
      }
    },
    {
      "type": "Feature",
      "geometry": {
        "type": "LineString",
        "coordinates": [
          [
            139.758332,
            36.095277
          ],
          [
            139.795303,
            36.102676
          ]
        ]
      },
      "properties": {
        "order": 151,
        "from": "ごか",
        "to": "さかい",
        "title": "ごか → さかい",
        "distance_meters": 3422,
        "duration_seconds": 307.98
      }
    },
    {
      "type": "Feature",
      "geometry": {
        "type": "LineString",
        "coordinates": [
          [
            139.795303,
            36.102676
          ],
          [
            139.985314,
            36.083486
          ]
        ]
      },
      "properties": {
        "order": 152,
        "from": "さかい",
        "to": "常総",
        "title": "さかい → 常総",
        "distance_meters": 17205,
        "duration_seconds": 1548.45
      }
    },
    {
      "type": "Feature",
      "geometry": {
        "type": "LineString",
        "coordinates": [
          [
            139.985314,
            36.083486
          ],
          [
            139.986596,
            36.215841
          ]
        ]
      },
      "properties": {
        "order": 153,
        "from": "常総",
        "to": "しもつま",
        "title": "常総 → しもつま",
        "distance_meters": 14717,
        "duration_seconds": 1324.53
      }
    },
    {
      "type": "Feature",
      "geometry": {
        "type": "LineString",
        "coordinates": [
          [
            139.986596,
            36.215841
          ],
          [
            139.993416,
            36.322856
          ]
        ]
      },
      "properties": {
        "order": 154,
        "from": "しもつま",
        "to": "グランテラス筑西",
        "title": "しもつま → グランテラス筑西",
        "distance_meters": 11915,
        "duration_seconds": 1072.35
      }
    },
    {
      "type": "Feature",
      "geometry": {
        "type": "LineString",
        "coordinates": [
          [
            139.993416,
            36.322856
          ],
          [
            139.964996,
            36.367336
          ]
        ]
      },
      "properties": {
        "order": 155,
        "from": "グランテラス筑西",
        "to": "にのみや",
        "title": "グランテラス筑西 → にのみや",
        "distance_meters": 5562,
        "duration_seconds": 500.58
      }
    },
    {
      "type": "Feature",
      "geometry": {
        "type": "LineString",
        "coordinates": [
          [
            139.964996,
            36.367336
          ],
          [
            140.071976,
            36.431168
          ]
        ]
      },
      "properties": {
        "order": 156,
        "from": "にのみや",
        "to": "ましこ",
        "title": "にのみや → ましこ",
        "distance_meters": 11918,
        "duration_seconds": 1072.62
      }
    },
    {
      "type": "Feature",
      "geometry": {
        "type": "LineString",
        "coordinates": [
          [
            140.071976,
            36.431168
          ],
          [
            140.274124,
            36.356026
          ]
        ]
      },
      "properties": {
        "order": 157,
        "from": "ましこ",
        "to": "かさま",
        "title": "ましこ → かさま",
        "distance_meters": 19929,
        "duration_seconds": 1793.61
      }
    },
    {
      "type": "Feature",
      "geometry": {
        "type": "LineString",
        "coordinates": [
          [
            140.274124,
            36.356026
          ],
          [
            140.403763,
            36.096394
          ]
        ]
      },
      "properties": {
        "order": 158,
        "from": "かさま",
        "to": "たまつくり",
        "title": "かさま → たまつくり",
        "distance_meters": 31123,
        "duration_seconds": 2801.07
      }
    },
    {
      "type": "Feature",
      "geometry": {
        "type": "LineString",
        "coordinates": [
          [
            140.403763,
            36.096394
          ],
          [
            140.3797,
            35.90023
          ]
        ]
      },
      "properties": {
        "order": 159,
        "from": "たまつくり",
        "to": "発酵の里こうざき",
        "title": "たまつくり → 発酵の里こうざき",
        "distance_meters": 21919,
        "duration_seconds": 1972.71
      }
    },
    {
      "type": "Feature",
      "geometry": {
        "type": "LineString",
        "coordinates": [
          [
            140.3797,
            35.90023
          ],
          [
            140.589245,
            35.946132
          ]
        ]
      },
      "properties": {
        "order": 160,
        "from": "発酵の里こうざき",
        "to": "いたこ",
        "title": "発酵の里こうざき → いたこ",
        "distance_meters": 19546,
        "duration_seconds": 1759.14
      }
    },
    {
      "type": "Feature",
      "geometry": {
        "type": "LineString",
        "coordinates": [
          [
            140.589245,
            35.946132
          ],
          [
            140.675557,
            35.717856
          ]
        ]
      },
      "properties": {
        "order": 161,
        "from": "いたこ",
        "to": "季楽里あさひ",
        "title": "いたこ → 季楽里あさひ",
        "distance_meters": 26548,
        "duration_seconds": 2389.32
      }
    },
    {
      "type": "Feature",
      "geometry": {
        "type": "LineString",
        "coordinates": [
          [
            140.675557,
            35.717856
          ],
          [
            140.501594,
            35.601796
          ]
        ]
      },
      "properties": {
        "order": 162,
        "from": "季楽里あさひ",
        "to": "オライはすぬま",
        "title": "季楽里あさひ → オライはすぬま",
        "distance_meters": 20336,
        "duration_seconds": 1830.24
      }
    },
    {
      "type": "Feature",
      "geometry": {
        "type": "LineString",
        "coordinates": [
          [
            140.501594,
            35.601796
          ],
          [
            140.383675,
            35.577214
          ]
        ]
      },
      "properties": {
        "order": 163,
        "from": "オライはすぬま",
        "to": "みのりの郷東金",
        "title": "オライはすぬま → みのりの郷東金",
        "distance_meters": 11007,
        "duration_seconds": 990.63
      }
    },
    {
      "type": "Feature",
      "geometry": {
        "type": "LineString",
        "coordinates": [
          [
            140.383675,
            35.577214
          ],
          [
            140.20666,
            35.457308
          ]
        ]
      },
      "properties": {
        "order": 164,
        "from": "みのりの郷東金",
        "to": "ながら",
        "title": "みのりの郷東金 → ながら",
        "distance_meters": 20843,
        "duration_seconds": 1875.87
      }
    },
    {
      "type": "Feature",
      "geometry": {
        "type": "LineString",
        "coordinates": [
          [
            140.20666,
            35.457308
          ],
          [
            140.30368,
            35.352183
          ]
        ]
      },
      "properties": {
        "order": 165,
        "from": "ながら",
        "to": "つどいの郷むつざわ",
        "title": "ながら → つどいの郷むつざわ",
        "distance_meters": 14627,
        "duration_seconds": 1316.43
      }
    },
    {
      "type": "Feature",
      "geometry": {
        "type": "LineString",
        "coordinates": [
          [
            140.30368,
            35.352183
          ],
          [
            140.258616,
            35.254825
          ]
        ]
      },
      "properties": {
        "order": 166,
        "from": "つどいの郷むつざわ",
        "to": "たけゆらの里おおたき",
        "title": "つどいの郷むつざわ → たけゆらの里おおたき",
        "distance_meters": 11572,
        "duration_seconds": 1041.48
      }
    },
    {
      "type": "Feature",
      "geometry": {
        "type": "LineString",
        "coordinates": [
          [
            140.258616,
            35.254825
          ],
          [
            139.906745,
            35.000779
          ]
        ]
      },
      "properties": {
        "order": 167,
        "from": "たけゆらの里おおたき",
        "to": "グリーンファーム館山",
        "title": "たけゆらの里おおたき → グリーンファーム館山",
        "distance_meters": 42684,
        "duration_seconds": 3841.56
      }
    },
    {
      "type": "Feature",
      "geometry": {
        "type": "LineString",
        "coordinates": [
          [
            139.906745,
            35.000779
          ],
          [
            139.894845,
            35.034101
          ]
        ]
      },
      "properties": {
        "order": 168,
        "from": "グリーンファーム館山",
        "to": "三芳村",
        "title": "グリーンファーム館山 → 三芳村",
        "distance_meters": 3860,
        "duration_seconds": 347.4
      }
    },
    {
      "type": "Feature",
      "geometry": {
        "type": "LineString",
        "coordinates": [
          [
            139.894845,
            35.034101
          ],
          [
            139.843945,
            35.143021
          ]
        ]
      },
      "properties": {
        "order": 169,
        "from": "三芳村",
        "to": "保田小学校",
        "title": "三芳村 → 保田小学校",
        "distance_meters": 12966,
        "duration_seconds": 1166.94
      }
    },
    {
      "type": "Feature",
      "geometry": {
        "type": "LineString",
        "coordinates": [
          [
            139.843945,
            35.143021
          ],
          [
            139.8371,
            35.127971
          ]
        ]
      },
      "properties": {
        "order": 170,
        "from": "保田小学校",
        "to": "きょなん",
        "title": "保田小学校 → きょなん",
        "distance_meters": 1785,
        "duration_seconds": 160.65
      }
    },
    {
      "type": "Feature",
      "geometry": {
        "type": "LineString",
        "coordinates": [
          [
            139.8371,
            35.127971
          ],
          [
            139.855614,
            35.100508
          ]
        ]
      },
      "properties": {
        "order": 171,
        "from": "きょなん",
        "to": "富楽里とみやま",
        "title": "きょなん → 富楽里とみやま",
        "distance_meters": 3487,
        "duration_seconds": 313.83
      }
    },
    {
      "type": "Feature",
      "geometry": {
        "type": "LineString",
        "coordinates": [
          [
            139.855614,
            35.100508
          ],
          [
            139.860365,
            35.057716
          ]
        ]
      },
      "properties": {
        "order": 172,
        "from": "富楽里とみやま",
        "to": "おおつの里",
        "title": "富楽里とみやま → おおつの里",
        "distance_meters": 4777,
        "duration_seconds": 429.93
      }
    },
    {
      "type": "Feature",
      "geometry": {
        "type": "LineString",
        "coordinates": [
          [
            139.860365,
            35.057716
          ],
          [
            139.837131,
            35.037677
          ]
        ]
      },
      "properties": {
        "order": 173,
        "from": "おおつの里",
        "to": "とみうら",
        "title": "おおつの里 → とみうら",
        "distance_meters": 3072,
        "duration_seconds": 276.48
      }
    },
    {
      "type": "Feature",
      "geometry": {
        "type": "LineString",
        "coordinates": [
          [
            139.837131,
            35.037677
          ],
          [
            139.877387,
            34.906249
          ]
        ]
      },
      "properties": {
        "order": 174,
        "from": "とみうら",
        "to": "白浜野島崎",
        "title": "とみうら → 白浜野島崎",
        "distance_meters": 15067,
        "duration_seconds": 1356.03
      }
    },
    {
      "type": "Feature",
      "geometry": {
        "type": "LineString",
        "coordinates": [
          [
            139.877387,
            34.906249
          ],
          [
            139.952093,
            34.929901
          ]
        ]
      },
      "properties": {
        "order": 175,
        "from": "白浜野島崎",
        "to": "ちくら・潮風王国",
        "title": "白浜野島崎 → ちくら・潮風王国",
        "distance_meters": 7301,
        "duration_seconds": 657.09
      }
    },
    {
      "type": "Feature",
      "geometry": {
        "type": "LineString",
        "coordinates": [
          [
            139.952093,
            34.929901
          ],
          [
            139.975265,
            35.008739
          ]
        ]
      },
      "properties": {
        "order": 176,
        "from": "ちくら・潮風王国",
        "to": "ローズマリー公園",
        "title": "ちくら・潮風王国 → ローズマリー公園",
        "distance_meters": 9017,
        "duration_seconds": 811.53
      }
    },
    {
      "type": "Feature",
      "geometry": {
        "type": "LineString",
        "coordinates": [
          [
            139.975265,
            35.008739
          ],
          [
            140.02057,
            35.042582
          ]
        ]
      },
      "properties": {
        "order": 177,
        "from": "ローズマリー公園",
        "to": "和田浦 WA・O！",
        "title": "ローズマリー公園 → 和田浦 WA・O！",
        "distance_meters": 5583,
        "duration_seconds": 502.47
      }
    },
    {
      "type": "Feature",
      "geometry": {
        "type": "LineString",
        "coordinates": [
          [
            140.02057,
            35.042582
          ],
          [
            140.077089,
            35.063801
          ]
        ]
      },
      "properties": {
        "order": 178,
        "from": "和田浦 WA・O！",
        "to": "鴨川オーシャンパーク",
        "title": "和田浦 WA・O！ → 鴨川オーシャンパーク",
        "distance_meters": 5659,
        "duration_seconds": 509.31
      }
    },
    {
      "type": "Feature",
      "geometry": {
        "type": "LineString",
        "coordinates": [
          [
            140.077089,
            35.063801
          ],
          [
            140.069545,
            35.198557
          ]
        ]
      },
      "properties": {
        "order": 179,
        "from": "鴨川オーシャンパーク",
        "to": "ふれあいパーク・きみつ",
        "title": "鴨川オーシャンパーク → ふれあいパーク・きみつ",
        "distance_meters": 14999,
        "duration_seconds": 1349.91
      }
    },
    {
      "type": "Feature",
      "geometry": {
        "type": "LineString",
        "coordinates": [
          [
            140.069545,
            35.198557
          ],
          [
            140.052479,
            35.359948
          ]
        ]
      },
      "properties": {
        "order": 180,
        "from": "ふれあいパーク・きみつ",
        "to": "木更津うまくたの里",
        "title": "ふれあいパーク・きみつ → 木更津うまくたの里",
        "distance_meters": 18012,
        "duration_seconds": 1621.08
      }
    },
    {
      "type": "Feature",
      "geometry": {
        "type": "LineString",
        "coordinates": [
          [
            140.052479,
            35.359948
          ],
          [
            140.109646,
            35.463859
          ]
        ]
      },
      "properties": {
        "order": 181,
        "from": "木更津うまくたの里",
        "to": "あずの里いちはら",
        "title": "木更津うまくたの里 → あずの里いちはら",
        "distance_meters": 12662,
        "duration_seconds": 1139.58
      }
    },
    {
      "type": "Feature",
      "geometry": {
        "type": "LineString",
        "coordinates": [
          [
            140.109646,
            35.463859
          ],
          [
            139.378542,
            35.320272
          ]
        ]
      },
      "properties": {
        "order": 182,
        "from": "あずの里いちはら",
        "to": "湘南ちがさき",
        "title": "あずの里いちはら → 湘南ちがさき",
        "distance_meters": 68168,
        "duration_seconds": 6135.12
      }
    },
    {
      "type": "Feature",
      "geometry": {
        "type": "LineString",
        "coordinates": [
          [
            139.378542,
            35.320272
          ],
          [
            139.277173,
            35.482522
          ]
        ]
      },
      "properties": {
        "order": 183,
        "from": "湘南ちがさき",
        "to": "清川",
        "title": "湘南ちがさき → 清川",
        "distance_meters": 20246,
        "duration_seconds": 1822.14
      }
    },
    {
      "type": "Feature",
      "geometry": {
        "type": "LineString",
        "coordinates": [
          [
            139.277173,
            35.482522
          ],
          [
            139.118491,
            35.326109
          ]
        ]
      },
      "properties": {
        "order": 184,
        "from": "清川",
        "to": "足柄・金太郎のふるさと",
        "title": "清川 → 足柄・金太郎のふるさと",
        "distance_meters": 22568,
        "duration_seconds": 2031.12
      }
    },
    {
      "type": "Feature",
      "geometry": {
        "type": "LineString",
        "coordinates": [
          [
            139.118491,
            35.326109
          ],
          [
            138.989848,
            35.503387
          ]
        ]
      },
      "properties": {
        "order": 185,
        "from": "足柄・金太郎のふるさと",
        "to": "どうし",
        "title": "足柄・金太郎のふるさと → どうし",
        "distance_meters": 22901,
        "duration_seconds": 2061.09
      }
    },
    {
      "type": "Feature",
      "geometry": {
        "type": "LineString",
        "coordinates": [
          [
            138.989848,
            35.503387
          ],
          [
            139.031484,
            35.379876
          ]
        ]
      },
      "properties": {
        "order": 186,
        "from": "どうし",
        "to": "山北",
        "title": "どうし → 山北",
        "distance_meters": 14242,
        "duration_seconds": 1281.78
      }
    },
    {
      "type": "Feature",
      "geometry": {
        "type": "LineString",
        "coordinates": [
          [
            139.031484,
            35.379876
          ],
          [
            139.01561,
            35.186764
          ]
        ]
      },
      "properties": {
        "order": 187,
        "from": "山北",
        "to": "箱根峠",
        "title": "山北 → 箱根峠",
        "distance_meters": 21521,
        "duration_seconds": 1936.89
      }
    },
    {
      "type": "Feature",
      "geometry": {
        "type": "LineString",
        "coordinates": [
          [
            139.01561,
            35.186764
          ],
          [
            139.919413,
            35.748842
          ]
        ]
      },
      "properties": {
        "order": 188,
        "from": "箱根峠",
        "to": "いちかわ",
        "title": "箱根峠 → いちかわ",
        "distance_meters": 102983,
        "duration_seconds": 9268.47
      }
    },
    {
      "type": "Feature",
      "geometry": {
        "type": "Point",
        "coordinates": [
          139.919413,
          35.748842
        ]
      },
      "properties": {
        "order": 0,
        "name": "いちかわ"
      }
    },
    {
      "type": "Feature",
      "geometry": {
        "type": "Point",
        "coordinates": [
          140.023254,
          35.857771
        ]
      },
      "properties": {
        "order": 1,
        "name": "しょうなん"
      }
    },
    {
      "type": "Feature",
      "geometry": {
        "type": "Point",
        "coordinates": [
          140.106749,
          35.758415
        ]
      },
      "properties": {
        "order": 2,
        "name": "やちよ"
      }
    },
    {
      "type": "Feature",
      "geometry": {
        "type": "Point",
        "coordinates": [
          140.41003,
          35.695064
        ]
      },
      "properties": {
        "order": 3,
        "name": "風和里しばやま"
      }
    },
    {
      "type": "Feature",
      "geometry": {
        "type": "Point",
        "coordinates": [
          140.475285,
          35.731283
        ]
      },
      "properties": {
        "order": 4,
        "name": "多古"
      }
    },
    {
      "type": "Feature",
      "geometry": {
        "type": "Point",
        "coordinates": [
          140.469942,
          35.805852
        ]
      },
      "properties": {
        "order": 5,
        "name": "くりもと"
      }
    },
    {
      "type": "Feature",
      "geometry": {
        "type": "Point",
        "coordinates": [
          140.505908,
          35.896313
        ]
      },
      "properties": {
        "order": 6,
        "name": "水の郷さわら"
      }
    },
    {
      "type": "Feature",
      "geometry": {
        "type": "Point",
        "coordinates": [
          140.615194,
          36.492354
        ]
      },
      "properties": {
        "order": 7,
        "name": "日立おさかなセンター"
      }
    },
    {
      "type": "Feature",
      "geometry": {
        "type": "Point",
        "coordinates": [
          140.525476,
          36.510388
        ]
      },
      "properties": {
        "order": 8,
        "name": "ひたちおおた"
      }
    },
    {
      "type": "Feature",
      "geometry": {
        "type": "Point",
        "coordinates": [
          140.509682,
          36.705746
        ]
      },
      "properties": {
        "order": 9,
        "name": "さとみ"
      }
    },
    {
      "type": "Feature",
      "geometry": {
        "type": "Point",
        "coordinates": [
          140.359235,
          36.768585
        ]
      },
      "properties": {
        "order": 10,
        "name": "奥久慈だいご"
      }
    },
    {
      "type": "Feature",
      "geometry": {
        "type": "Point",
        "coordinates": [
          140.280004,
          36.655857
        ]
      },
      "properties": {
        "order": 11,
        "name": "みわ"
      }
    },
    {
      "type": "Feature",
      "geometry": {
        "type": "Point",
        "coordinates": [
          140.409616,
          36.596961
        ]
      },
      "properties": {
        "order": 12,
        "name": "常陸大宮"
      }
    },
    {
      "type": "Feature",
      "geometry": {
        "type": "Point",
        "coordinates": [
          140.333059,
          36.544969
        ]
      },
      "properties": {
        "order": 13,
        "name": "かつら"
      }
    },
    {
      "type": "Feature",
      "geometry": {
        "type": "Point",
        "coordinates": [
          140.172858,
          36.527826
        ]
      },
      "properties": {
        "order": 14,
        "name": "もてぎ"
      }
    },
    {
      "type": "Feature",
      "geometry": {
        "type": "Point",
        "coordinates": [
          140.10118,
          36.543766
        ]
      },
      "properties": {
        "order": 15,
        "name": "サシバの里いちかい"
      }
    },
    {
      "type": "Feature",
      "geometry": {
        "type": "Point",
        "coordinates": [
          140.058196,
          36.552381
        ]
      },
      "properties": {
        "order": 16,
        "name": "はが"
      }
    },
    {
      "type": "Feature",
      "geometry": {
        "type": "Point",
        "coordinates": [
          140.053294,
          36.6327
        ]
      },
      "properties": {
        "order": 17,
        "name": "たかねざわ 元気あっぷむら"
      }
    },
    {
      "type": "Feature",
      "geometry": {
        "type": "Point",
        "coordinates": [
          140.032636,
          36.715499
        ]
      },
      "properties": {
        "order": 18,
        "name": "きつれがわ"
      }
    },
    {
      "type": "Feature",
      "geometry": {
        "type": "Point",
        "coordinates": [
          140.149871,
          36.747602
        ]
      },
      "properties": {
        "order": 19,
        "name": "ばとう"
      }
    },
    {
      "type": "Feature",
      "geometry": {
        "type": "Point",
        "coordinates": [
          140.087378,
          36.863018
        ]
      },
      "properties": {
        "order": 20,
        "name": "那須与一の郷"
      }
    },
    {
      "type": "Feature",
      "geometry": {
        "type": "Point",
        "coordinates": [
          140.157412,
          36.954049
        ]
      },
      "properties": {
        "order": 21,
        "name": "東山道伊王野"
      }
    },
    {
      "type": "Feature",
      "geometry": {
        "type": "Point",
        "coordinates": [
          140.013704,
          37.041532
        ]
      },
      "properties": {
        "order": 22,
        "name": "那須高原友愛の森"
      }
    },
    {
      "type": "Feature",
      "geometry": {
        "type": "Point",
        "coordinates": [
          139.984479,
          37.000375
        ]
      },
      "properties": {
        "order": 23,
        "name": "明治の森・黒磯"
      }
    },
    {
      "type": "Feature",
      "geometry": {
        "type": "Point",
        "coordinates": [
          139.89933,
          36.955797
        ]
      },
      "properties": {
        "order": 24,
        "name": "湯の香しおばら"
      }
    },
    {
      "type": "Feature",
      "geometry": {
        "type": "Point",
        "coordinates": [
          139.969139,
          36.899706
        ]
      },
      "properties": {
        "order": 25,
        "name": "那須野が原博物館"
      }
    },
    {
      "type": "Feature",
      "geometry": {
        "type": "Point",
        "coordinates": [
          139.921615,
          36.805614
        ]
      },
      "properties": {
        "order": 26,
        "name": "やいた"
      }
    },
    {
      "type": "Feature",
      "geometry": {
        "type": "Point",
        "coordinates": [
          139.686957,
          36.930014
        ]
      },
      "properties": {
        "order": 27,
        "name": "湯西川"
      }
    },
    {
      "type": "Feature",
      "geometry": {
        "type": "Point",
        "coordinates": [
          139.225238,
          36.773231
        ]
      },
      "properties": {
        "order": 28,
        "name": "尾瀬かたしな"
      }
    },
    {
      "type": "Feature",
      "geometry": {
        "type": "Point",
        "coordinates": [
          139.372849,
          36.552559
        ]
      },
      "properties": {
        "order": 29,
        "name": "富弘美術館"
      }
    },
    {
      "type": "Feature",
      "geometry": {
        "type": "Point",
        "coordinates": [
          139.24128,
          36.218524
        ]
      },
      "properties": {
        "order": 30,
        "name": "おかべ"
      }
    },
    {
      "type": "Feature",
      "geometry": {
        "type": "Point",
        "coordinates": [
          139.296421,
          36.264641
        ]
      },
      "properties": {
        "order": 31,
        "name": "おおた"
      }
    },
    {
      "type": "Feature",
      "geometry": {
        "type": "Point",
        "coordinates": [
          139.369326,
          36.214557
        ]
      },
      "properties": {
        "order": 32,
        "name": "めぬま"
      }
    },
    {
      "type": "Feature",
      "geometry": {
        "type": "Point",
        "coordinates": [
          139.51077,
          36.188737
        ]
      },
      "properties": {
        "order": 33,
        "name": "はにゅう"
      }
    },
    {
      "type": "Feature",
      "geometry": {
        "type": "Point",
        "coordinates": [
          139.645159,
          36.170307
        ]
      },
      "properties": {
        "order": 34,
        "name": "童謡のふる里おおとね"
      }
    },
    {
      "type": "Feature",
      "geometry": {
        "type": "Point",
        "coordinates": [
          139.662783,
          36.211089
        ]
      },
      "properties": {
        "order": 35,
        "name": "きたかわべ"
      }
    },
    {
      "type": "Feature",
      "geometry": {
        "type": "Point",
        "coordinates": [
          139.625248,
          36.296714
        ]
      },
      "properties": {
        "order": 36,
        "name": "みかも"
      }
    },
    {
      "type": "Feature",
      "geometry": {
        "type": "Point",
        "coordinates": [
          139.572073,
          36.343804
        ]
      },
      "properties": {
        "order": 37,
        "name": "どまんなか たぬま"
      }
    },
    {
      "type": "Feature",
      "geometry": {
        "type": "Point",
        "coordinates": [
          139.789732,
          36.191431
        ]
      },
      "properties": {
        "order": 38,
        "name": "まくらがの里 こが"
      }
    },
    {
      "type": "Feature",
      "geometry": {
        "type": "Point",
        "coordinates": [
          139.760746,
          36.308182
        ]
      },
      "properties": {
        "order": 39,
        "name": "思川"
      }
    },
    {
      "type": "Feature",
      "geometry": {
        "type": "Point",
        "coordinates": [
          139.883764,
          36.397222
        ]
      },
      "properties": {
        "order": 40,
        "name": "しもつけ"
      }
    },
    {
      "type": "Feature",
      "geometry": {
        "type": "Point",
        "coordinates": [
          139.806959,
          36.455269
        ]
      },
      "properties": {
        "order": 41,
        "name": "みぶ"
      }
    },
    {
      "type": "Feature",
      "geometry": {
        "type": "Point",
        "coordinates": [
          139.74318,
          36.466687
        ]
      },
      "properties": {
        "order": 42,
        "name": "にしかた"
      }
    },
    {
      "type": "Feature",
      "geometry": {
        "type": "Point",
        "coordinates": [
          139.831313,
          36.633391
        ]
      },
      "properties": {
        "order": 43,
        "name": "うつのみや ろまんちっく村"
      }
    },
    {
      "type": "Feature",
      "geometry": {
        "type": "Point",
        "coordinates": [
          139.781407,
          36.764657
        ]
      },
      "properties": {
        "order": 44,
        "name": "湧水の郷しおや"
      }
    },
    {
      "type": "Feature",
      "geometry": {
        "type": "Point",
        "coordinates": [
          139.687888,
          36.724531
        ]
      },
      "properties": {
        "order": 45,
        "name": "日光"
      }
    },
    {
      "type": "Feature",
      "geometry": {
        "type": "Point",
        "coordinates": [
          139.271991,
          36.491184
        ]
      },
      "properties": {
        "order": 46,
        "name": "くろほね・やまびこ"
      }
    },
    {
      "type": "Feature",
      "geometry": {
        "type": "Point",
        "coordinates": [
          139.068935,
          36.612775
        ]
      },
      "properties": {
        "order": 47,
        "name": "あぐりーむ昭和"
      }
    },
    {
      "type": "Feature",
      "geometry": {
        "type": "Point",
        "coordinates": [
          139.120031,
          36.661698
        ]
      },
      "properties": {
        "order": 48,
        "name": "白沢"
      }
    },
    {
      "type": "Feature",
      "geometry": {
        "type": "Point",
        "coordinates": [
          139.107301,
          36.687042
        ]
      },
      "properties": {
        "order": 49,
        "name": "川場田園プラザ"
      }
    },
    {
      "type": "Feature",
      "geometry": {
        "type": "Point",
        "coordinates": [
          138.96767,
          36.764515
        ]
      },
      "properties": {
        "order": 50,
        "name": "みなかみ水紀行館"
      }
    },
    {
      "type": "Feature",
      "geometry": {
        "type": "Point",
        "coordinates": [
          138.981257,
          36.6976
        ]
      },
      "properties": {
        "order": 51,
        "name": "月夜野矢瀬親水公園"
      }
    },
    {
      "type": "Feature",
      "geometry": {
        "type": "Point",
        "coordinates": [
          138.90835,
          36.69608
        ]
      },
      "properties": {
        "order": 52,
        "name": "たくみの里"
      }
    },
    {
      "type": "Feature",
      "geometry": {
        "type": "Point",
        "coordinates": [
          138.638618,
          36.607483
        ]
      },
      "properties": {
        "order": 53,
        "name": "六合"
      }
    },
    {
      "type": "Feature",
      "geometry": {
        "type": "Point",
        "coordinates": [
          138.590048,
          36.614528
        ]
      },
      "properties": {
        "order": 54,
        "name": "草津運動茶屋公園"
      }
    },
    {
      "type": "Feature",
      "geometry": {
        "type": "Point",
        "coordinates": [
          138.294865,
          36.689123
        ]
      },
      "properties": {
        "order": 55,
        "name": "オアシスおぶせ"
      }
    },
    {
      "type": "Feature",
      "geometry": {
        "type": "Point",
        "coordinates": [
          138.404622,
          36.741351
        ]
      },
      "properties": {
        "order": 56,
        "name": "北信州やまのうち"
      }
    },
    {
      "type": "Feature",
      "geometry": {
        "type": "Point",
        "coordinates": [
          138.58168,
          36.988484
        ]
      },
      "properties": {
        "order": 57,
        "name": "信越さかえ"
      }
    },
    {
      "type": "Feature",
      "geometry": {
        "type": "Point",
        "coordinates": [
          138.448059,
          36.960104
        ]
      },
      "properties": {
        "order": 58,
        "name": "野沢温泉"
      }
    },
    {
      "type": "Feature",
      "geometry": {
        "type": "Point",
        "coordinates": [
          138.387761,
          36.881511
        ]
      },
      "properties": {
        "order": 59,
        "name": "花の駅 千曲川"
      }
    },
    {
      "type": "Feature",
      "geometry": {
        "type": "Point",
        "coordinates": [
          138.388223,
          36.852148
        ]
      },
      "properties": {
        "order": 60,
        "name": "FARMUS 木島平"
      }
    },
    {
      "type": "Feature",
      "geometry": {
        "type": "Point",
        "coordinates": [
          138.322324,
          36.800516
        ]
      },
      "properties": {
        "order": 61,
        "name": "ふるさと豊田"
      }
    },
    {
      "type": "Feature",
      "geometry": {
        "type": "Point",
        "coordinates": [
          138.190162,
          36.818291
        ]
      },
      "properties": {
        "order": 62,
        "name": "しなの"
      }
    },
    {
      "type": "Feature",
      "geometry": {
        "type": "Point",
        "coordinates": [
          137.90044,
          36.845261
        ]
      },
      "properties": {
        "order": 63,
        "name": "小谷"
      }
    },
    {
      "type": "Feature",
      "geometry": {
        "type": "Point",
        "coordinates": [
          137.847327,
          36.65359
        ]
      },
      "properties": {
        "order": 64,
        "name": "白馬"
      }
    },
    {
      "type": "Feature",
      "geometry": {
        "type": "Point",
        "coordinates": [
          137.895563,
          36.605338
        ]
      },
      "properties": {
        "order": 65,
        "name": "ぽかぽかランド美麻"
      }
    },
    {
      "type": "Feature",
      "geometry": {
        "type": "Point",
        "coordinates": [
          138.01617,
          36.6038
        ]
      },
      "properties": {
        "order": 66,
        "name": "中条"
      }
    },
    {
      "type": "Feature",
      "geometry": {
        "type": "Point",
        "coordinates": [
          137.990556,
          36.6133
        ]
      },
      "properties": {
        "order": 67,
        "name": "おがわ"
      }
    },
    {
      "type": "Feature",
      "geometry": {
        "type": "Point",
        "coordinates": [
          138.052742,
          36.585417
        ]
      },
      "properties": {
        "order": 68,
        "name": "信州新町"
      }
    },
    {
      "type": "Feature",
      "geometry": {
        "type": "Point",
        "coordinates": [
          137.958136,
          36.526393
        ]
      },
      "properties": {
        "order": 69,
        "name": "長野市大岡特産センター"
      }
    },
    {
      "type": "Feature",
      "geometry": {
        "type": "Point",
        "coordinates": [
          137.931389,
          36.424169
        ]
      },
      "properties": {
        "order": 70,
        "name": "いくさかの郷"
      }
    },
    {
      "type": "Feature",
      "geometry": {
        "type": "Point",
        "coordinates": [
          137.884637,
          36.397074
        ]
      },
      "properties": {
        "order": 71,
        "name": "池田"
      }
    },
    {
      "type": "Feature",
      "geometry": {
        "type": "Point",
        "coordinates": [
          137.867643,
          36.396278
        ]
      },
      "properties": {
        "order": 72,
        "name": "安曇野松川"
      }
    },
    {
      "type": "Feature",
      "geometry": {
        "type": "Point",
        "coordinates": [
          137.87772,
          36.293496
        ]
      },
      "properties": {
        "order": 73,
        "name": "アルプス安曇野 ほりがねの里"
      }
    },
    {
      "type": "Feature",
      "geometry": {
        "type": "Point",
        "coordinates": [
          137.902754,
          36.148281
        ]
      },
      "properties": {
        "order": 74,
        "name": "今井 恵みの里"
      }
    },
    {
      "type": "Feature",
      "geometry": {
        "type": "Point",
        "coordinates": [
          137.752097,
          36.153326
        ]
      },
      "properties": {
        "order": 75,
        "name": "風穴の里"
      }
    },
    {
      "type": "Feature",
      "geometry": {
        "type": "Point",
        "coordinates": [
          137.988191,
          36.106347
        ]
      },
      "properties": {
        "order": 76,
        "name": "小坂田公園"
      }
    },
    {
      "type": "Feature",
      "geometry": {
        "type": "Point",
        "coordinates": [
          138.140325,
          36.230635
        ]
      },
      "properties": {
        "order": 77,
        "name": "美ヶ原高原"
      }
    },
    {
      "type": "Feature",
      "geometry": {
        "type": "Point",
        "coordinates": [
          138.21375,
          36.205722
        ]
      },
      "properties": {
        "order": 78,
        "name": "和田宿ステーション"
      }
    },
    {
      "type": "Feature",
      "geometry": {
        "type": "Point",
        "coordinates": [
          138.257588,
          36.272941
        ]
      },
      "properties": {
        "order": 79,
        "name": "マルメロの駅ながと"
      }
    },
    {
      "type": "Feature",
      "geometry": {
        "type": "Point",
        "coordinates": [
          138.012124,
          36.426378
        ]
      },
      "properties": {
        "order": 80,
        "name": "さかきた"
      }
    },
    {
      "type": "Feature",
      "geometry": {
        "type": "Point",
        "coordinates": [
          138.140884,
          36.372865
        ]
      },
      "properties": {
        "order": 81,
        "name": "あおき"
      }
    },
    {
      "type": "Feature",
      "geometry": {
        "type": "Point",
        "coordinates": [
          138.205586,
          36.407122
        ]
      },
      "properties": {
        "order": 82,
        "name": "上田 道と川の駅"
      }
    },
    {
      "type": "Feature",
      "geometry": {
        "type": "Point",
        "coordinates": [
          138.373897,
          36.355715
        ]
      },
      "properties": {
        "order": 83,
        "name": "雷電くるみの里"
      }
    },
    {
      "type": "Feature",
      "geometry": {
        "type": "Point",
        "coordinates": [
          138.359566,
          36.334784
        ]
      },
      "properties": {
        "order": 84,
        "name": "みまき"
      }
    },
    {
      "type": "Feature",
      "geometry": {
        "type": "Point",
        "coordinates": [
          138.331675,
          36.276288
        ]
      },
      "properties": {
        "order": 85,
        "name": "女神の里 たてしな"
      }
    },
    {
      "type": "Feature",
      "geometry": {
        "type": "Point",
        "coordinates": [
          138.404307,
          36.25751
        ]
      },
      "properties": {
        "order": 86,
        "name": "ほっとぱ〜く・浅科"
      }
    },
    {
      "type": "Feature",
      "geometry": {
        "type": "Point",
        "coordinates": [
          138.440822,
          36.236692
        ]
      },
      "properties": {
        "order": 87,
        "name": "ヘルシーテラス佐久南"
      }
    },
    {
      "type": "Feature",
      "geometry": {
        "type": "Point",
        "coordinates": [
          138.4654,
          36.1286
        ]
      },
      "properties": {
        "order": 88,
        "name": "八千穂高原"
      }
    },
    {
      "type": "Feature",
      "geometry": {
        "type": "Point",
        "coordinates": [
          138.765967,
          36.299644
        ]
      },
      "properties": {
        "order": 89,
        "name": "みょうぎ"
      }
    },
    {
      "type": "Feature",
      "geometry": {
        "type": "Point",
        "coordinates": [
          138.79314,
          36.424511
        ]
      },
      "properties": {
        "order": 90,
        "name": "くらぶち小栗の里"
      }
    },
    {
      "type": "Feature",
      "geometry": {
        "type": "Point",
        "coordinates": [
          138.684273,
          36.547513
        ]
      },
      "properties": {
        "order": 91,
        "name": "八ッ場ふるさと館"
      }
    },
    {
      "type": "Feature",
      "geometry": {
        "type": "Point",
        "coordinates": [
          138.73569,
          36.57048
        ]
      },
      "properties": {
        "order": 92,
        "name": "あがつま峡"
      }
    },
    {
      "type": "Feature",
      "geometry": {
        "type": "Point",
        "coordinates": [
          138.829756,
          36.608929
        ]
      },
      "properties": {
        "order": 93,
        "name": "霊山たけやま"
      }
    },
    {
      "type": "Feature",
      "geometry": {
        "type": "Point",
        "coordinates": [
          138.954257,
          36.622498
        ]
      },
      "properties": {
        "order": 94,
        "name": "中山盆地"
      }
    },
    {
      "type": "Feature",
      "geometry": {
        "type": "Point",
        "coordinates": [
          138.952806,
          36.548114
        ]
      },
      "properties": {
        "order": 95,
        "name": "おのこ"
      }
    },
    {
      "type": "Feature",
      "geometry": {
        "type": "Point",
        "coordinates": [
          139.016363,
          36.51514
        ]
      },
      "properties": {
        "order": 96,
        "name": "こもち"
      }
    },
    {
      "type": "Feature",
      "geometry": {
        "type": "Point",
        "coordinates": [
          139.035164,
          36.441341
        ]
      },
      "properties": {
        "order": 97,
        "name": "よしおか温泉"
      }
    },
    {
      "type": "Feature",
      "geometry": {
        "type": "Point",
        "coordinates": [
          139.052828,
          36.439656
        ]
      },
      "properties": {
        "order": 98,
        "name": "まえばし赤城"
      }
    },
    {
      "type": "Feature",
      "geometry": {
        "type": "Point",
        "coordinates": [
          139.094239,
          36.469383
        ]
      },
      "properties": {
        "order": 99,
        "name": "ふじみ"
      }
    },
    {
      "type": "Feature",
      "geometry": {
        "type": "Point",
        "coordinates": [
          139.136429,
          36.45906
        ]
      },
      "properties": {
        "order": 100,
        "name": "ぐりーんふらわー牧場・大胡"
      }
    },
    {
      "type": "Feature",
      "geometry": {
        "type": "Point",
        "coordinates": [
          139.128455,
          36.423695
        ]
      },
      "properties": {
        "order": 101,
        "name": "赤城の恵"
      }
    },
    {
      "type": "Feature",
      "geometry": {
        "type": "Point",
        "coordinates": [
          139.094585,
          36.308334
        ]
      },
      "properties": {
        "order": 102,
        "name": "玉村宿"
      }
    },
    {
      "type": "Feature",
      "geometry": {
        "type": "Point",
        "coordinates": [
          139.071644,
          36.272136
        ]
      },
      "properties": {
        "order": 103,
        "name": "ららん藤岡"
      }
    },
    {
      "type": "Feature",
      "geometry": {
        "type": "Point",
        "coordinates": [
          138.916653,
          36.233749
        ]
      },
      "properties": {
        "order": 104,
        "name": "甘楽"
      }
    },
    {
      "type": "Feature",
      "geometry": {
        "type": "Point",
        "coordinates": [
          138.802018,
          36.224036
        ]
      },
      "properties": {
        "order": 105,
        "name": "しもにた"
      }
    },
    {
      "type": "Feature",
      "geometry": {
        "type": "Point",
        "coordinates": [
          138.741708,
          36.178273
        ]
      },
      "properties": {
        "order": 106,
        "name": "オアシスなんもく"
      }
    },
    {
      "type": "Feature",
      "geometry": {
        "type": "Point",
        "coordinates": [
          138.784106,
          36.080532
        ]
      },
      "properties": {
        "order": 107,
        "name": "上野"
      }
    },
    {
      "type": "Feature",
      "geometry": {
        "type": "Point",
        "coordinates": [
          138.89783,
          36.109242
        ]
      },
      "properties": {
        "order": 108,
        "name": "万葉の里"
      }
    },
    {
      "type": "Feature",
      "geometry": {
        "type": "Point",
        "coordinates": [
          139.040349,
          36.143093
        ]
      },
      "properties": {
        "order": 109,
        "name": "上州おにし"
      }
    },
    {
      "type": "Feature",
      "geometry": {
        "type": "Point",
        "coordinates": [
          139.10965,
          36.076959
        ]
      },
      "properties": {
        "order": 110,
        "name": "みなの"
      }
    },
    {
      "type": "Feature",
      "geometry": {
        "type": "Point",
        "coordinates": [
          139.135557,
          35.976907
        ]
      },
      "properties": {
        "order": 111,
        "name": "果樹公園あしがくぼ"
      }
    },
    {
      "type": "Feature",
      "geometry": {
        "type": "Point",
        "coordinates": [
          139.089397,
          35.997441
        ]
      },
      "properties": {
        "order": 112,
        "name": "ちちぶ"
      }
    },
    {
      "type": "Feature",
      "geometry": {
        "type": "Point",
        "coordinates": [
          139.040109,
          36.049009
        ]
      },
      "properties": {
        "order": 113,
        "name": "龍勢会館"
      }
    },
    {
      "type": "Feature",
      "geometry": {
        "type": "Point",
        "coordinates": [
          138.970964,
          36.004772
        ]
      },
      "properties": {
        "order": 114,
        "name": "両神温泉薬師の湯"
      }
    },
    {
      "type": "Feature",
      "geometry": {
        "type": "Point",
        "coordinates": [
          139.012634,
          35.954414
        ]
      },
      "properties": {
        "order": 115,
        "name": "あらかわ"
      }
    },
    {
      "type": "Feature",
      "geometry": {
        "type": "Point",
        "coordinates": [
          138.938199,
          35.95038
        ]
      },
      "properties": {
        "order": 116,
        "name": "大滝温泉"
      }
    },
    {
      "type": "Feature",
      "geometry": {
        "type": "Point",
        "coordinates": [
          138.923819,
          35.78926
        ]
      },
      "properties": {
        "order": 117,
        "name": "たばやま"
      }
    },
    {
      "type": "Feature",
      "geometry": {
        "type": "Point",
        "coordinates": [
          138.427786,
          35.865738
        ]
      },
      "properties": {
        "order": 118,
        "name": "南きよさと"
      }
    },
    {
      "type": "Feature",
      "geometry": {
        "type": "Point",
        "coordinates": [
          138.257668,
          36.051327
        ]
      },
      "properties": {
        "order": 119,
        "name": "ビーナスライン蓼科湖"
      }
    },
    {
      "type": "Feature",
      "geometry": {
        "type": "Point",
        "coordinates": [
          138.316714,
          35.878901
        ]
      },
      "properties": {
        "order": 120,
        "name": "こぶちさわ"
      }
    },
    {
      "type": "Feature",
      "geometry": {
        "type": "Point",
        "coordinates": [
          138.276911,
          35.863269
        ]
      },
      "properties": {
        "order": 121,
        "name": "信州蔦木宿"
      }
    },
    {
      "type": "Feature",
      "geometry": {
        "type": "Point",
        "coordinates": [
          138.330655,
          35.810325
        ]
      },
      "properties": {
        "order": 122,
        "name": "はくしゅう"
      }
    },
    {
      "type": "Feature",
      "geometry": {
        "type": "Point",
        "coordinates": [
          138.43859,
          35.748412
        ]
      },
      "properties": {
        "order": 123,
        "name": "にらさき"
      }
    },
    {
      "type": "Feature",
      "geometry": {
        "type": "Point",
        "coordinates": [
          138.471159,
          35.638031
        ]
      },
      "properties": {
        "order": 124,
        "name": "しらね"
      }
    },
    {
      "type": "Feature",
      "geometry": {
        "type": "Point",
        "coordinates": [
          138.545212,
          35.58494
        ]
      },
      "properties": {
        "order": 125,
        "name": "とよとみ"
      }
    },
    {
      "type": "Feature",
      "geometry": {
        "type": "Point",
        "coordinates": [
          138.472064,
          35.557015
        ]
      },
      "properties": {
        "order": 126,
        "name": "富士川"
      }
    },
    {
      "type": "Feature",
      "geometry": {
        "type": "Point",
        "coordinates": [
          138.450385,
          35.487969
        ]
      },
      "properties": {
        "order": 127,
        "name": "にしじま和紙の里 かみすきパーク"
      }
    },
    {
      "type": "Feature",
      "geometry": {
        "type": "Point",
        "coordinates": [
          138.437249,
          35.418592
        ]
      },
      "properties": {
        "order": 128,
        "name": "みのぶ・富士川観光センター"
      }
    },
    {
      "type": "Feature",
      "geometry": {
        "type": "Point",
        "coordinates": [
          138.446941,
          35.306755
        ]
      },
      "properties": {
        "order": 129,
        "name": "なんぶ"
      }
    },
    {
      "type": "Feature",
      "geometry": {
        "type": "Point",
        "coordinates": [
          138.485051,
          35.241785
        ]
      },
      "properties": {
        "order": 130,
        "name": "とみざわ"
      }
    },
    {
      "type": "Feature",
      "geometry": {
        "type": "Point",
        "coordinates": [
          138.512894,
          35.469985
        ]
      },
      "properties": {
        "order": 131,
        "name": "しもべ"
      }
    },
    {
      "type": "Feature",
      "geometry": {
        "type": "Point",
        "coordinates": [
          138.698504,
          35.480152
        ]
      },
      "properties": {
        "order": 132,
        "name": "なるさわ"
      }
    },
    {
      "type": "Feature",
      "geometry": {
        "type": "Point",
        "coordinates": [
          138.734305,
          35.504346
        ]
      },
      "properties": {
        "order": 133,
        "name": "かつやま"
      }
    },
    {
      "type": "Feature",
      "geometry": {
        "type": "Point",
        "coordinates": [
          138.80198,
          35.459186
        ]
      },
      "properties": {
        "order": 134,
        "name": "富士吉田"
      }
    },
    {
      "type": "Feature",
      "geometry": {
        "type": "Point",
        "coordinates": [
          138.931227,
          35.582917
        ]
      },
      "properties": {
        "order": 135,
        "name": "つる"
      }
    },
    {
      "type": "Feature",
      "geometry": {
        "type": "Point",
        "coordinates": [
          138.792714,
          35.635934
        ]
      },
      "properties": {
        "order": 136,
        "name": "甲斐大和"
      }
    },
    {
      "type": "Feature",
      "geometry": {
        "type": "Point",
        "coordinates": [
          138.718368,
          35.754462
        ]
      },
      "properties": {
        "order": 137,
        "name": "花かげの郷まきおか"
      }
    },
    {
      "type": "Feature",
      "geometry": {
        "type": "Point",
        "coordinates": [
          138.75525,
          35.862552
        ]
      },
      "properties": {
        "order": 138,
        "name": "みとみ"
      }
    },
    {
      "type": "Feature",
      "geometry": {
        "type": "Point",
        "coordinates": [
          138.949946,
          35.75396
        ]
      },
      "properties": {
        "order": 139,
        "name": "こすげ"
      }
    },
    {
      "type": "Feature",
      "geometry": {
        "type": "Point",
        "coordinates": [
          139.341475,
          35.686624
        ]
      },
      "properties": {
        "order": 140,
        "name": "八王子滝山"
      }
    },
    {
      "type": "Feature",
      "geometry": {
        "type": "Point",
        "coordinates": [
          139.203506,
          36.052482
        ]
      },
      "properties": {
        "order": 141,
        "name": "和紙の里ひがしちちぶ"
      }
    },
    {
      "type": "Feature",
      "geometry": {
        "type": "Point",
        "coordinates": [
          139.227294,
          36.121891
        ]
      },
      "properties": {
        "order": 142,
        "name": "はなぞの"
      }
    },
    {
      "type": "Feature",
      "geometry": {
        "type": "Point",
        "coordinates": [
          139.289029,
          36.15151
        ]
      },
      "properties": {
        "order": 143,
        "name": "かわもと"
      }
    },
    {
      "type": "Feature",
      "geometry": {
        "type": "Point",
        "coordinates": [
          139.281169,
          36.052384
        ]
      },
      "properties": {
        "order": 144,
        "name": "おがわまち"
      }
    },
    {
      "type": "Feature",
      "geometry": {
        "type": "Point",
        "coordinates": [
          139.457688,
          36.036356
        ]
      },
      "properties": {
        "order": 145,
        "name": "いちごの里 よしみ"
      }
    },
    {
      "type": "Feature",
      "geometry": {
        "type": "Point",
        "coordinates": [
          139.526949,
          35.992986
        ]
      },
      "properties": {
        "order": 146,
        "name": "べに花の郷おけがわ"
      }
    },
    {
      "type": "Feature",
      "geometry": {
        "type": "Point",
        "coordinates": [
          139.765769,
          35.848019
        ]
      },
      "properties": {
        "order": 147,
        "name": "川口・あんぎょう"
      }
    },
    {
      "type": "Feature",
      "geometry": {
        "type": "Point",
        "coordinates": [
          139.79478,
          35.996791
        ]
      },
      "properties": {
        "order": 148,
        "name": "庄和"
      }
    },
    {
      "type": "Feature",
      "geometry": {
        "type": "Point",
        "coordinates": [
          139.76926,
          36.024632
        ]
      },
      "properties": {
        "order": 149,
        "name": "アグリパークゆめすぎと"
      }
    },
    {
      "type": "Feature",
      "geometry": {
        "type": "Point",
        "coordinates": [
          139.758332,
          36.095277
        ]
      },
      "properties": {
        "order": 150,
        "name": "ごか"
      }
    },
    {
      "type": "Feature",
      "geometry": {
        "type": "Point",
        "coordinates": [
          139.795303,
          36.102676
        ]
      },
      "properties": {
        "order": 151,
        "name": "さかい"
      }
    },
    {
      "type": "Feature",
      "geometry": {
        "type": "Point",
        "coordinates": [
          139.985314,
          36.083486
        ]
      },
      "properties": {
        "order": 152,
        "name": "常総"
      }
    },
    {
      "type": "Feature",
      "geometry": {
        "type": "Point",
        "coordinates": [
          139.986596,
          36.215841
        ]
      },
      "properties": {
        "order": 153,
        "name": "しもつま"
      }
    },
    {
      "type": "Feature",
      "geometry": {
        "type": "Point",
        "coordinates": [
          139.993416,
          36.322856
        ]
      },
      "properties": {
        "order": 154,
        "name": "グランテラス筑西"
      }
    },
    {
      "type": "Feature",
      "geometry": {
        "type": "Point",
        "coordinates": [
          139.964996,
          36.367336
        ]
      },
      "properties": {
        "order": 155,
        "name": "にのみや"
      }
    },
    {
      "type": "Feature",
      "geometry": {
        "type": "Point",
        "coordinates": [
          140.071976,
          36.431168
        ]
      },
      "properties": {
        "order": 156,
        "name": "ましこ"
      }
    },
    {
      "type": "Feature",
      "geometry": {
        "type": "Point",
        "coordinates": [
          140.274124,
          36.356026
        ]
      },
      "properties": {
        "order": 157,
        "name": "かさま"
      }
    },
    {
      "type": "Feature",
      "geometry": {
        "type": "Point",
        "coordinates": [
          140.403763,
          36.096394
        ]
      },
      "properties": {
        "order": 158,
        "name": "たまつくり"
      }
    },
    {
      "type": "Feature",
      "geometry": {
        "type": "Point",
        "coordinates": [
          140.3797,
          35.90023
        ]
      },
      "properties": {
        "order": 159,
        "name": "発酵の里こうざき"
      }
    },
    {
      "type": "Feature",
      "geometry": {
        "type": "Point",
        "coordinates": [
          140.589245,
          35.946132
        ]
      },
      "properties": {
        "order": 160,
        "name": "いたこ"
      }
    },
    {
      "type": "Feature",
      "geometry": {
        "type": "Point",
        "coordinates": [
          140.675557,
          35.717856
        ]
      },
      "properties": {
        "order": 161,
        "name": "季楽里あさひ"
      }
    },
    {
      "type": "Feature",
      "geometry": {
        "type": "Point",
        "coordinates": [
          140.501594,
          35.601796
        ]
      },
      "properties": {
        "order": 162,
        "name": "オライはすぬま"
      }
    },
    {
      "type": "Feature",
      "geometry": {
        "type": "Point",
        "coordinates": [
          140.383675,
          35.577214
        ]
      },
      "properties": {
        "order": 163,
        "name": "みのりの郷東金"
      }
    },
    {
      "type": "Feature",
      "geometry": {
        "type": "Point",
        "coordinates": [
          140.20666,
          35.457308
        ]
      },
      "properties": {
        "order": 164,
        "name": "ながら"
      }
    },
    {
      "type": "Feature",
      "geometry": {
        "type": "Point",
        "coordinates": [
          140.30368,
          35.352183
        ]
      },
      "properties": {
        "order": 165,
        "name": "つどいの郷むつざわ"
      }
    },
    {
      "type": "Feature",
      "geometry": {
        "type": "Point",
        "coordinates": [
          140.258616,
          35.254825
        ]
      },
      "properties": {
        "order": 166,
        "name": "たけゆらの里おおたき"
      }
    },
    {
      "type": "Feature",
      "geometry": {
        "type": "Point",
        "coordinates": [
          139.906745,
          35.000779
        ]
      },
      "properties": {
        "order": 167,
        "name": "グリーンファーム館山"
      }
    },
    {
      "type": "Feature",
      "geometry": {
        "type": "Point",
        "coordinates": [
          139.894845,
          35.034101
        ]
      },
      "properties": {
        "order": 168,
        "name": "三芳村"
      }
    },
    {
      "type": "Feature",
      "geometry": {
        "type": "Point",
        "coordinates": [
          139.843945,
          35.143021
        ]
      },
      "properties": {
        "order": 169,
        "name": "保田小学校"
      }
    },
    {
      "type": "Feature",
      "geometry": {
        "type": "Point",
        "coordinates": [
          139.8371,
          35.127971
        ]
      },
      "properties": {
        "order": 170,
        "name": "きょなん"
      }
    },
    {
      "type": "Feature",
      "geometry": {
        "type": "Point",
        "coordinates": [
          139.855614,
          35.100508
        ]
      },
      "properties": {
        "order": 171,
        "name": "富楽里とみやま"
      }
    },
    {
      "type": "Feature",
      "geometry": {
        "type": "Point",
        "coordinates": [
          139.860365,
          35.057716
        ]
      },
      "properties": {
        "order": 172,
        "name": "おおつの里"
      }
    },
    {
      "type": "Feature",
      "geometry": {
        "type": "Point",
        "coordinates": [
          139.837131,
          35.037677
        ]
      },
      "properties": {
        "order": 173,
        "name": "とみうら"
      }
    },
    {
      "type": "Feature",
      "geometry": {
        "type": "Point",
        "coordinates": [
          139.877387,
          34.906249
        ]
      },
      "properties": {
        "order": 174,
        "name": "白浜野島崎"
      }
    },
    {
      "type": "Feature",
      "geometry": {
        "type": "Point",
        "coordinates": [
          139.952093,
          34.929901
        ]
      },
      "properties": {
        "order": 175,
        "name": "ちくら・潮風王国"
      }
    },
    {
      "type": "Feature",
      "geometry": {
        "type": "Point",
        "coordinates": [
          139.975265,
          35.008739
        ]
      },
      "properties": {
        "order": 176,
        "name": "ローズマリー公園"
      }
    },
    {
      "type": "Feature",
      "geometry": {
        "type": "Point",
        "coordinates": [
          140.02057,
          35.042582
        ]
      },
      "properties": {
        "order": 177,
        "name": "和田浦 WA・O！"
      }
    },
    {
      "type": "Feature",
      "geometry": {
        "type": "Point",
        "coordinates": [
          140.077089,
          35.063801
        ]
      },
      "properties": {
        "order": 178,
        "name": "鴨川オーシャンパーク"
      }
    },
    {
      "type": "Feature",
      "geometry": {
        "type": "Point",
        "coordinates": [
          140.069545,
          35.198557
        ]
      },
      "properties": {
        "order": 179,
        "name": "ふれあいパーク・きみつ"
      }
    },
    {
      "type": "Feature",
      "geometry": {
        "type": "Point",
        "coordinates": [
          140.052479,
          35.359948
        ]
      },
      "properties": {
        "order": 180,
        "name": "木更津うまくたの里"
      }
    },
    {
      "type": "Feature",
      "geometry": {
        "type": "Point",
        "coordinates": [
          140.109646,
          35.463859
        ]
      },
      "properties": {
        "order": 181,
        "name": "あずの里いちはら"
      }
    },
    {
      "type": "Feature",
      "geometry": {
        "type": "Point",
        "coordinates": [
          139.378542,
          35.320272
        ]
      },
      "properties": {
        "order": 182,
        "name": "湘南ちがさき"
      }
    },
    {
      "type": "Feature",
      "geometry": {
        "type": "Point",
        "coordinates": [
          139.277173,
          35.482522
        ]
      },
      "properties": {
        "order": 183,
        "name": "清川"
      }
    },
    {
      "type": "Feature",
      "geometry": {
        "type": "Point",
        "coordinates": [
          139.118491,
          35.326109
        ]
      },
      "properties": {
        "order": 184,
        "name": "足柄・金太郎のふるさと"
      }
    },
    {
      "type": "Feature",
      "geometry": {
        "type": "Point",
        "coordinates": [
          138.989848,
          35.503387
        ]
      },
      "properties": {
        "order": 185,
        "name": "どうし"
      }
    },
    {
      "type": "Feature",
      "geometry": {
        "type": "Point",
        "coordinates": [
          139.031484,
          35.379876
        ]
      },
      "properties": {
        "order": 186,
        "name": "山北"
      }
    },
    {
      "type": "Feature",
      "geometry": {
        "type": "Point",
        "coordinates": [
          139.01561,
          35.186764
        ]
      },
      "properties": {
        "order": 187,
        "name": "箱根峠"
      }
    },
    {
      "type": "Feature",
      "geometry": {
        "type": "Point",
        "coordinates": [
          139.919413,
          35.748842
        ]
      },
      "properties": {
        "order": 188,
        "name": "いちかわ"
      }
    }
  ]
}