{
  "type": "FeatureCollection",
  "features": [
    {
      "type": "Feature",
      "geometry": {
        "type": "LineString",
        "coordinates": [
          [
            140.013575,
            35.658229
          ],
          [
            140.013978,
            35.658654
          ],
          [
            140.014182,
            35.658871
          ],
          [
            140.014182,
            35.658949
          ],
          [
            140.014396,
            35.65919
          ],
          [
            140.014514,
            35.659225
          ],
          [
            140.014823,
            35.659563
          ],
          [
            140.013905,
            35.660158
          ],
          [
            140.012904,
            35.660863
          ],
          [
            140.011736,
            35.661808
          ],
          [
            140.011626,
            35.661901
          ],
          [
            140.0114,
            35.662102
          ],
          [
            140.011137,
            35.662358
          ],
          [
            140.009873,
            35.663572
          ],
          [
            140.007913,
            35.665418
          ],
          [
            140.007855,
            35.665471
          ],
          [
            140.006813,
            35.666464
          ],
          [
            140.005949,
            35.667288
          ],
          [
            140.004666,
            35.668507
          ],
          [
            140.004575,
            35.6686
          ],
          [
            140.004503,
            35.668669
          ],
          [
            140.004019,
            35.669128
          ],
          [
            140.002827,
            35.670261
          ],
          [
            140.002736,
            35.670348
          ],
          [
            140.002312,
            35.67075
          ],
          [
            140.002032,
            35.671058
          ],
          [
            140.001931,
            35.671204
          ],
          [
            140.000799,
            35.673379
          ],
          [
            140.000452,
            35.67414
          ],
          [
            140.000326,
            35.674389
          ],
          [
            139.999849,
            35.675333
          ],
          [
            139.999956,
            35.675385
          ],
          [
            140.000885,
            35.675693
          ],
          [
            140.002123,
            35.676104
          ],
          [
            140.002288,
            35.676162
          ],
          [
            140.002587,
            35.676254
          ],
          [
            140.002648,
            35.676314
          ],
          [
            140.002617,
            35.676465
          ],
          [
            140.002328,
            35.677201
          ],
          [
            140.00199,
            35.677952
          ],
          [
            140.001757,
            35.678342
          ],
          [
            140.001354,
            35.678891
          ],
          [
            140.001172,
            35.679131
          ],
          [
            140.000802,
            35.679506
          ],
          [
            140.000594,
            35.679693
          ],
          [
            140.000095,
            35.680087
          ],
          [
            139.999407,
            35.680523
          ],
          [
            139.998964,
            35.680769
          ],
          [
            139.99809,
            35.681217
          ],
          [
            139.995768,
            35.682318
          ],
          [
            139.991365,
            35.68437
          ],
          [
            139.990604,
            35.684696
          ],
          [
            139.990289,
            35.684814
          ],
          [
            139.989754,
            35.685002
          ],
          [
            139.988846,
            35.685278
          ],
          [
            139.984717,
            35.686348
          ],
          [
            139.970691,
            35.690037
          ],
          [
            139.963215,
            35.692019
          ],
          [
            139.962193,
            35.692249
          ],
          [
            139.961543,
            35.692369
          ],
          [
            139.960746,
            35.69247
          ],
          [
            139.959971,
            35.692519
          ],
          [
            139.958945,
            35.692508
          ],
          [
            139.958106,
            35.692434
          ],
          [
            139.957655,
            35.692368
          ],
          [
            139.957229,
            35.692293
          ],
          [
            139.956702,
            35.692175
          ],
          [
            139.956207,
            35.692039
          ],
          [
            139.955531,
            35.691815
          ],
          [
            139.955014,
            35.691612
          ],
          [
            139.954537,
            35.691399
          ],
          [
            139.953707,
            35.690966
          ],
          [
            139.953136,
            35.690635
          ],
          [
            139.952036,
            35.689845
          ],
          [
            139.951598,
            35.689549
          ],
          [
            139.950061,
            35.688607
          ],
          [
            139.949727,
            35.688366
          ],
          [
            139.949335,
            35.688035
          ],
          [
            139.949158,
            35.687853
          ],
          [
            139.949037,
            35.68772
          ],
          [
            139.948332,
            35.686811
          ],
          [
            139.948112,
            35.686583
          ],
          [
            139.947986,
            35.686484
          ],
          [
            139.947694,
            35.686298
          ],
          [
            139.947416,
            35.686168
          ],
          [
            139.947148,
            35.686087
          ],
          [
            139.946912,
            35.686056
          ],
          [
            139.946785,
            35.686057
          ],
          [
            139.946537,
            35.686094
          ],
          [
            139.946244,
            35.686208
          ],
          [
            139.946099,
            35.6863
          ],
          [
            139.945997,
            35.686389
          ],
          [
            139.945869,
            35.686539
          ],
          [
            139.945759,
            35.686777
          ],
          [
            139.945529,
            35.687674
          ],
          [
            139.94533,
            35.688197
          ],
          [
            139.945168,
            35.688519
          ],
          [
            139.944968,
            35.688858
          ],
          [
            139.944709,
            35.689221
          ],
          [
            139.944529,
            35.689414
          ],
          [
            139.944063,
            35.689906
          ],
          [
            139.943589,
            35.690352
          ],
          [
            139.942859,
            35.690999
          ],
          [
            139.941453,
            35.692286
          ],
          [
            139.941172,
            35.692568
          ],
          [
            139.940878,
            35.692894
          ],
          [
            139.9397,
            35.694238
          ],
          [
            139.938763,
            35.695266
          ],
          [
            139.936635,
            35.697524
          ],
          [
            139.936036,
            35.698158
          ],
          [
            139.935266,
            35.699015
          ],
          [
            139.934755,
            35.699557
          ],
          [
            139.934335,
            35.699962
          ],
          [
            139.93385,
            35.700388
          ],
          [
            139.933221,
            35.700872
          ],
          [
            139.932614,
            35.701294
          ],
          [
            139.932203,
            35.701553
          ],
          [
            139.931799,
            35.701783
          ],
          [
            139.929868,
            35.702814
          ],
          [
            139.929343,
            35.703131
          ],
          [
            139.928768,
            35.703532
          ],
          [
            139.928342,
            35.703879
          ],
          [
            139.927685,
            35.704515
          ],
          [
            139.927449,
            35.704798
          ],
          [
            139.927235,
            35.705079
          ],
          [
            139.926839,
            35.705665
          ],
          [
            139.925705,
            35.70756
          ],
          [
            139.924802,
            35.708977
          ],
          [
            139.924245,
            35.709804
          ],
          [
            139.92351,
            35.710851
          ],
          [
            139.922997,
            35.71155
          ],
          [
            139.922465,
            35.712233
          ],
          [
            139.92051,
            35.714628
          ],
          [
            139.919075,
            35.716444
          ],
          [
            139.918087,
            35.71773
          ],
          [
            139.917088,
            35.71904
          ],
          [
            139.916595,
            35.719595
          ],
          [
            139.916397,
            35.719855
          ],
          [
            139.916228,
            35.720117
          ],
          [
            139.916075,
            35.720408
          ],
          [
            139.915923,
            35.720778
          ],
          [
            139.915836,
            35.721084
          ],
          [
            139.9158,
            35.721309
          ],
          [
            139.91578,
            35.721537
          ],
          [
            139.915782,
            35.721812
          ],
          [
            139.915812,
            35.72212
          ],
          [
            139.915859,
            35.72236
          ],
          [
            139.915893,
            35.722481
          ],
          [
            139.915982,
            35.722666
          ],
          [
            139.916134,
            35.723198
          ],
          [
            139.916299,
            35.723585
          ],
          [
            139.916494,
            35.72395
          ],
          [
            139.916649,
            35.724195
          ],
          [
            139.916872,
            35.72452
          ],
          [
            139.917124,
            35.725073
          ],
          [
            139.917246,
            35.725284
          ],
          [
            139.917333,
            35.725402
          ],
          [
            139.917631,
            35.725712
          ],
          [
            139.917948,
            35.726108
          ],
          [
            139.91818,
            35.726498
          ],
          [
            139.917331,
            35.726904
          ],
          [
            139.916888,
            35.72712
          ],
          [
            139.916685,
            35.727218
          ],
          [
            139.916321,
            35.727374
          ],
          [
            139.91624,
            35.727407
          ],
          [
            139.915926,
            35.727528
          ],
          [
            139.915824,
            35.72757
          ],
          [
            139.915591,
            35.72767
          ],
          [
            139.915182,
            35.727845
          ],
          [
            139.914856,
            35.728004
          ],
          [
            139.914495,
            35.728185
          ],
          [
            139.914268,
            35.728293
          ],
          [
            139.914049,
            35.728399
          ],
          [
            139.913721,
            35.728551
          ],
          [
            139.913976,
            35.729084
          ],
          [
            139.914263,
            35.730129
          ],
          [
            139.9143,
            35.730253
          ],
          [
            139.914539,
            35.731108
          ],
          [
            139.914579,
            35.731234
          ],
          [
            139.914652,
            35.731463
          ],
          [
            139.914763,
            35.7317
          ],
          [
            139.91497,
            35.732005
          ],
          [
            139.915068,
            35.732239
          ],
          [
            139.915067,
            35.732457
          ],
          [
            139.914916,
            35.733005
          ],
          [
            139.914963,
            35.733211
          ],
          [
            139.9157,
            35.734293
          ],
          [
            139.916023,
            35.734772
          ],
          [
            139.916107,
            35.734897
          ],
          [
            139.916272,
            35.735151
          ],
          [
            139.916292,
            35.735181
          ],
          [
            139.916364,
            35.735284
          ],
          [
            139.91638,
            35.735309
          ],
          [
            139.916667,
            35.735724
          ],
          [
            139.91692,
            35.736099
          ],
          [
            139.917117,
            35.736503
          ],
          [
            139.917266,
            35.736833
          ],
          [
            139.917594,
            35.737749
          ],
          [
            139.917602,
            35.737767
          ],
          [
            139.91769,
            35.738119
          ],
          [
            139.917714,
            35.738483
          ],
          [
            139.917707,
            35.738893
          ],
          [
            139.917726,
            35.739423
          ],
          [
            139.917796,
            35.740123
          ],
          [
            139.917857,
            35.740865
          ],
          [
            139.917876,
            35.741058
          ],
          [
            139.917895,
            35.741255
          ],
          [
            139.917948,
            35.741844
          ],
          [
            139.918007,
            35.741982
          ],
          [
            139.918179,
            35.742195
          ],
          [
            139.918303,
            35.742298
          ],
          [
            139.918375,
            35.742359
          ],
          [
            139.918569,
            35.742525
          ],
          [
            139.91895,
            35.742848
          ],
          [
            139.919164,
            35.74305
          ],
          [
            139.919242,
            35.743148
          ],
          [
            139.919308,
            35.7434
          ],
          [
            139.919377,
            35.743645
          ],
          [
            139.919432,
            35.743735
          ],
          [
            139.919599,
            35.74388
          ],
          [
            139.919688,
            35.743928
          ],
          [
            139.919633,
            35.744323
          ],
          [
            139.919519,
            35.745176
          ],
          [
            139.918963,
            35.748765
          ],
          [
            139.91918,
            35.748782
          ],
          [
            139.919394,
            35.748777
          ],
          [
            139.919474,
            35.748733
          ],
          [
            139.919509,
            35.748686
          ],
          [
            139.919561,
            35.74846
          ],
          [
            139.919593,
            35.748404
          ],
          [
            139.919693,
            35.748345
          ],
          [
            139.919908,
            35.748321
          ],
          [
            139.919923,
            35.748456
          ],
          [
            139.9199,
            35.748507
          ],
          [
            139.919602,
            35.748791
          ],
          [
            139.919446,
            35.74888
          ]
        ]
      },
      "properties": {
        "order": 1,
        "from": "幕張駅",
        "to": "いちかわ",
        "title": "幕張駅 → いちかわ",
        "distance_meters": 17108,
        "duration_seconds": 1159.1
      }
    },
    {
      "type": "Feature",
      "geometry": {
        "type": "LineString",
        "coordinates": [
          [
            139.919446,
            35.74888
          ],
          [
            139.919395,
            35.74891
          ],
          [
            139.919357,
            35.748959
          ],
          [
            139.919271,
            35.749463
          ],
          [
            139.919278,
            35.749525
          ],
          [
            139.919311,
            35.749588
          ],
          [
            139.919357,
            35.749615
          ],
          [
            139.919366,
            35.749794
          ],
          [
            139.919377,
            35.749954
          ],
          [
            139.919387,
            35.750105
          ],
          [
            139.91911,
            35.750095
          ],
          [
            139.919089,
            35.750234
          ],
          [
            139.918929,
            35.751227
          ],
          [
            139.918919,
            35.751352
          ],
          [
            139.918996,
            35.75142
          ],
          [
            139.91916,
            35.752112
          ],
          [
            139.918816,
            35.752115
          ],
          [
            139.918615,
            35.752124
          ],
          [
            139.918411,
            35.75213
          ],
          [
            139.918266,
            35.7528
          ],
          [
            139.918124,
            35.753447
          ],
          [
            139.918061,
            35.753665
          ],
          [
            139.917926,
            35.754023
          ],
          [
            139.917676,
            35.754532
          ],
          [
            139.917453,
            35.754863
          ],
          [
            139.917639,
            35.754953
          ],
          [
            139.917963,
            35.755123
          ],
          [
            139.918063,
            35.755231
          ],
          [
            139.918105,
            35.755341
          ],
          [
            139.91812,
            35.755532
          ],
          [
            139.918123,
            35.755566
          ],
          [
            139.918128,
            35.755832
          ],
          [
            139.918145,
            35.756283
          ],
          [
            139.918171,
            35.756632
          ],
          [
            139.918205,
            35.756746
          ],
          [
            139.918288,
            35.75703
          ],
          [
            139.918348,
            35.757204
          ],
          [
            139.918442,
            35.757479
          ],
          [
            139.918635,
            35.758075
          ],
          [
            139.918737,
            35.758455
          ],
          [
            139.918763,
            35.758782
          ],
          [
            139.918775,
            35.759145
          ],
          [
            139.918804,
            35.759786
          ],
          [
            139.91881,
            35.760064
          ],
          [
            139.918843,
            35.760785
          ],
          [
            139.918848,
            35.760906
          ],
          [
            139.918857,
            35.761152
          ],
          [
            139.918762,
            35.76161
          ],
          [
            139.918755,
            35.761746
          ],
          [
            139.918887,
            35.762049
          ],
          [
            139.919004,
            35.762289
          ],
          [
            139.919095,
            35.762452
          ],
          [
            139.919184,
            35.762544
          ],
          [
            139.919441,
            35.762742
          ],
          [
            139.919531,
            35.762811
          ],
          [
            139.919618,
            35.762933
          ],
          [
            139.919626,
            35.763062
          ],
          [
            139.919569,
            35.763474
          ],
          [
            139.919571,
            35.76367
          ],
          [
            139.919564,
            35.763911
          ],
          [
            139.919552,
            35.764345
          ],
          [
            139.922581,
            35.76437
          ],
          [
            139.922873,
            35.764371
          ],
          [
            139.925661,
            35.764383
          ],
          [
            139.926281,
            35.764361
          ],
          [
            139.926732,
            35.76431
          ],
          [
            139.926842,
            35.764298
          ],
          [
            139.92741,
            35.764194
          ],
          [
            139.927996,
            35.76404
          ],
          [
            139.928556,
            35.763842
          ],
          [
            139.930007,
            35.763274
          ],
          [
            139.931414,
            35.762694
          ],
          [
            139.932431,
            35.762275
          ],
          [
            139.93332,
            35.762981
          ],
          [
            139.933385,
            35.763077
          ],
          [
            139.933772,
            35.763937
          ],
          [
            139.934029,
            35.764508
          ],
          [
            139.934272,
            35.765039
          ],
          [
            139.934734,
            35.766067
          ],
          [
            139.934887,
            35.766473
          ],
          [
            139.935051,
            35.767004
          ],
          [
            139.935286,
            35.767862
          ],
          [
            139.935424,
            35.768322
          ],
          [
            139.935648,
            35.768789
          ],
          [
            139.935895,
            35.769162
          ],
          [
            139.936097,
            35.769397
          ],
          [
            139.936287,
            35.769616
          ],
          [
            139.936363,
            35.769743
          ],
          [
            139.936854,
            35.769676
          ],
          [
            139.937115,
            35.769661
          ],
          [
            139.937725,
            35.769645
          ],
          [
            139.937814,
            35.769644
          ],
          [
            139.938261,
            35.769624
          ],
          [
            139.938708,
            35.769629
          ],
          [
            139.939498,
            35.769677
          ],
          [
            139.940353,
            35.769745
          ],
          [
            139.9408,
            35.769819
          ],
          [
            139.941214,
            35.769915
          ],
          [
            139.94151,
            35.770002
          ],
          [
            139.941889,
            35.770141
          ],
          [
            139.942399,
            35.770358
          ],
          [
            139.942209,
            35.770997
          ],
          [
            139.941938,
            35.771951
          ],
          [
            139.94141,
            35.773702
          ],
          [
            139.941297,
            35.774085
          ],
          [
            139.941179,
            35.774387
          ],
          [
            139.941077,
            35.774571
          ],
          [
            139.941201,
            35.774647
          ],
          [
            139.941243,
            35.774756
          ],
          [
            139.941468,
            35.775269
          ],
          [
            139.941703,
            35.775756
          ],
          [
            139.941749,
            35.775819
          ],
          [
            139.941908,
            35.776165
          ],
          [
            139.942077,
            35.776539
          ],
          [
            139.942396,
            35.777335
          ],
          [
            139.94255,
            35.777742
          ],
          [
            139.942742,
            35.778363
          ],
          [
            139.942958,
            35.77903
          ],
          [
            139.943057,
            35.779319
          ],
          [
            139.943102,
            35.779563
          ],
          [
            139.94312,
            35.779898
          ],
          [
            139.943119,
            35.78003
          ],
          [
            139.943079,
            35.780215
          ],
          [
            139.942993,
            35.780429
          ],
          [
            139.942678,
            35.780937
          ],
          [
            139.942571,
            35.781142
          ],
          [
            139.942525,
            35.781355
          ],
          [
            139.942509,
            35.781616
          ],
          [
            139.942551,
            35.781724
          ],
          [
            139.94264,
            35.781844
          ],
          [
            139.943146,
            35.782168
          ],
          [
            139.943774,
            35.78254
          ],
          [
            139.943944,
            35.782669
          ],
          [
            139.943996,
            35.782722
          ],
          [
            139.944113,
            35.782855
          ],
          [
            139.944215,
            35.78301
          ],
          [
            139.944408,
            35.783386
          ],
          [
            139.944622,
            35.783885
          ],
          [
            139.944694,
            35.784051
          ],
          [
            139.944763,
            35.784218
          ],
          [
            139.944893,
            35.784517
          ],
          [
            139.945056,
            35.784891
          ],
          [
            139.945175,
            35.78518
          ],
          [
            139.945418,
            35.785715
          ],
          [
            139.945472,
            35.785751
          ],
          [
            139.945411,
            35.785846
          ],
          [
            139.945199,
            35.786102
          ],
          [
            139.944708,
            35.786752
          ],
          [
            139.944425,
            35.787127
          ],
          [
            139.943647,
            35.78815
          ],
          [
            139.943398,
            35.788481
          ],
          [
            139.943267,
            35.788743
          ],
          [
            139.943205,
            35.788824
          ],
          [
            139.943138,
            35.788883
          ],
          [
            139.943011,
            35.78892
          ],
          [
            139.942932,
            35.788937
          ],
          [
            139.942944,
            35.789043
          ],
          [
            139.942983,
            35.789316
          ],
          [
            139.943096,
            35.790003
          ],
          [
            139.943126,
            35.790333
          ],
          [
            139.943135,
            35.790585
          ],
          [
            139.943104,
            35.79104
          ],
          [
            139.94307,
            35.791326
          ],
          [
            139.943027,
            35.791619
          ],
          [
            139.94295,
            35.792277
          ],
          [
            139.942907,
            35.792606
          ],
          [
            139.942931,
            35.792687
          ],
          [
            139.942841,
            35.793207
          ],
          [
            139.942657,
            35.794178
          ],
          [
            139.942564,
            35.794559
          ],
          [
            139.942316,
            35.79522
          ],
          [
            139.942168,
            35.795497
          ],
          [
            139.941984,
            35.795642
          ],
          [
            139.941822,
            35.795897
          ],
          [
            139.941506,
            35.796377
          ],
          [
            139.941523,
            35.796398
          ],
          [
            139.941645,
            35.79655
          ],
          [
            139.941657,
            35.796563
          ],
          [
            139.942275,
            35.797313
          ],
          [
            139.942989,
            35.798168
          ],
          [
            139.943445,
            35.79866
          ],
          [
            139.944245,
            35.799359
          ],
          [
            139.944646,
            35.799709
          ],
          [
            139.944657,
            35.799718
          ],
          [
            139.944951,
            35.799968
          ],
          [
            139.945272,
            35.800253
          ],
          [
            139.944862,
            35.800479
          ],
          [
            139.94443,
            35.800727
          ],
          [
            139.94404,
            35.800948
          ],
          [
            139.943774,
            35.801093
          ],
          [
            139.944037,
            35.801459
          ],
          [
            139.944225,
            35.801669
          ],
          [
            139.944361,
            35.801815
          ],
          [
            139.944899,
            35.802286
          ],
          [
            139.945506,
            35.802714
          ],
          [
            139.945635,
            35.802814
          ],
          [
            139.945953,
            35.803089
          ],
          [
            139.946365,
            35.80346
          ],
          [
            139.946628,
            35.803691
          ],
          [
            139.946649,
            35.80371
          ],
          [
            139.947113,
            35.804116
          ],
          [
            139.947761,
            35.804699
          ],
          [
            139.948345,
            35.805228
          ],
          [
            139.948384,
            35.805269
          ],
          [
            139.948656,
            35.805547
          ],
          [
            139.948715,
            35.805607
          ],
          [
            139.949107,
            35.806022
          ],
          [
            139.949737,
            35.80667
          ],
          [
            139.950155,
            35.807099
          ],
          [
            139.950257,
            35.807247
          ],
          [
            139.950351,
            35.807479
          ],
          [
            139.950394,
            35.807816
          ],
          [
            139.950394,
            35.807825
          ],
          [
            139.950456,
            35.808884
          ],
          [
            139.950459,
            35.809277
          ],
          [
            139.950461,
            35.809376
          ],
          [
            139.950465,
            35.809688
          ],
          [
            139.950737,
            35.809757
          ],
          [
            139.951553,
            35.809977
          ],
          [
            139.952602,
            35.810258
          ],
          [
            139.953298,
            35.810437
          ],
          [
            139.953862,
            35.810582
          ],
          [
            139.955532,
            35.811023
          ],
          [
            139.955784,
            35.811092
          ],
          [
            139.95611,
            35.811181
          ],
          [
            139.95642,
            35.811262
          ],
          [
            139.956989,
            35.81142
          ],
          [
            139.95744,
            35.811542
          ],
          [
            139.957458,
            35.811549
          ],
          [
            139.957994,
            35.811757
          ],
          [
            139.95845,
            35.811933
          ],
          [
            139.958863,
            35.812139
          ],
          [
            139.959217,
            35.812302
          ],
          [
            139.959521,
            35.812423
          ],
          [
            139.959694,
            35.812499
          ],
          [
            139.960312,
            35.812781
          ],
          [
            139.960793,
            35.813067
          ],
          [
            139.960987,
            35.813158
          ],
          [
            139.961228,
            35.813246
          ],
          [
            139.961733,
            35.813424
          ],
          [
            139.961971,
            35.813508
          ],
          [
            139.962042,
            35.813543
          ],
          [
            139.962438,
            35.813685
          ],
          [
            139.962717,
            35.813782
          ],
          [
            139.962903,
            35.813853
          ],
          [
            139.963045,
            35.813901
          ],
          [
            139.963573,
            35.814092
          ],
          [
            139.963606,
            35.814105
          ],
          [
            139.964057,
            35.814332
          ],
          [
            139.964405,
            35.814514
          ],
          [
            139.964751,
            35.814697
          ],
          [
            139.964828,
            35.814734
          ],
          [
            139.965065,
            35.814848
          ],
          [
            139.965404,
            35.815011
          ],
          [
            139.965553,
            35.81508
          ],
          [
            139.965594,
            35.815097
          ],
          [
            139.966229,
            35.815354
          ],
          [
            139.966373,
            35.815413
          ],
          [
            139.966652,
            35.81552
          ],
          [
            139.967454,
            35.815826
          ],
          [
            139.967942,
            35.816015
          ],
          [
            139.968141,
            35.816094
          ],
          [
            139.968491,
            35.81622
          ],
          [
            139.968892,
            35.816377
          ],
          [
            139.969056,
            35.816451
          ],
          [
            139.970252,
            35.817034
          ],
          [
            139.970927,
            35.817357
          ],
          [
            139.970974,
            35.817381
          ],
          [
            139.971052,
            35.817418
          ],
          [
            139.971211,
            35.817495
          ],
          [
            139.971396,
            35.817584
          ],
          [
            139.971806,
            35.817819
          ],
          [
            139.972123,
            35.818051
          ],
          [
            139.972322,
            35.818225
          ],
          [
            139.972637,
            35.81854
          ],
          [
            139.972739,
            35.818649
          ],
          [
            139.973759,
            35.819744
          ],
          [
            139.974138,
            35.820161
          ],
          [
            139.974234,
            35.820267
          ],
          [
            139.974535,
            35.820585
          ],
          [
            139.974714,
            35.820778
          ],
          [
            139.974811,
            35.820884
          ],
          [
            139.97488,
            35.820959
          ],
          [
            139.975146,
            35.82125
          ],
          [
            139.975179,
            35.821284
          ],
          [
            139.975349,
            35.821509
          ],
          [
            139.975525,
            35.821827
          ],
          [
            139.975551,
            35.82189
          ],
          [
            139.975692,
            35.822196
          ],
          [
            139.975772,
            35.822367
          ],
          [
            139.975813,
            35.822453
          ],
          [
            139.976101,
            35.822339
          ],
          [
            139.976222,
            35.822348
          ],
          [
            139.976498,
            35.822443
          ],
          [
            139.977048,
            35.822662
          ],
          [
            139.977447,
            35.822762
          ],
          [
            139.978038,
            35.822809
          ],
          [
            139.978409,
            35.822833
          ],
          [
            139.978504,
            35.822834
          ],
          [
            139.978838,
            35.822819
          ],
          [
            139.979047,
            35.82281
          ],
          [
            139.97931,
            35.822787
          ],
          [
            139.979563,
            35.822761
          ],
          [
            139.979811,
            35.822733
          ],
          [
            139.979952,
            35.822717
          ],
          [
            139.980078,
            35.822705
          ],
          [
            139.980274,
            35.822674
          ],
          [
            139.980475,
            35.822613
          ],
          [
            139.980826,
            35.822427
          ],
          [
            139.980994,
            35.822328
          ],
          [
            139.981065,
            35.822306
          ],
          [
            139.981172,
            35.822298
          ],
          [
            139.981294,
            35.822327
          ],
          [
            139.98217,
            35.823184
          ],
          [
            139.982507,
            35.823509
          ],
          [
            139.982573,
            35.823565
          ],
          [
            139.982721,
            35.823646
          ],
          [
            139.983128,
            35.823793
          ],
          [
            139.983358,
            35.823862
          ],
          [
            139.983639,
            35.823943
          ],
          [
            139.983932,
            35.824032
          ],
          [
            139.984227,
            35.824117
          ],
          [
            139.98431,
            35.824142
          ],
          [
            139.984642,
            35.824219
          ],
          [
            139.984931,
            35.824293
          ],
          [
            139.985266,
            35.824466
          ],
          [
            139.985524,
            35.824642
          ],
          [
            139.985751,
            35.824796
          ],
          [
            139.985911,
            35.824933
          ],
          [
            139.986075,
            35.825099
          ],
          [
            139.986317,
            35.82534
          ],
          [
            139.986409,
            35.825432
          ],
          [
            139.986815,
            35.825834
          ],
          [
            139.986918,
            35.825932
          ],
          [
            139.987084,
            35.826052
          ],
          [
            139.987377,
            35.826242
          ],
          [
            139.987663,
            35.826391
          ],
          [
            139.987719,
            35.826415
          ],
          [
            139.987941,
            35.826511
          ],
          [
            139.988559,
            35.82682
          ],
          [
            139.988743,
            35.827103
          ],
          [
            139.989155,
            35.827794
          ],
          [
            139.989295,
            35.828006
          ],
          [
            139.989339,
            35.828073
          ],
          [
            139.989401,
            35.828243
          ],
          [
            139.989416,
            35.828342
          ],
          [
            139.989411,
            35.828471
          ],
          [
            139.989405,
            35.828596
          ],
          [
            139.989312,
            35.828984
          ],
          [
            139.989304,
            35.829038
          ],
          [
            139.989305,
            35.829113
          ],
          [
            139.989352,
            35.829251
          ],
          [
            139.989414,
            35.82934
          ],
          [
            139.989533,
            35.829487
          ],
          [
            139.989747,
            35.829564
          ],
          [
            139.989915,
            35.829585
          ],
          [
            139.990171,
            35.829726
          ],
          [
            139.990495,
            35.829801
          ],
          [
            139.990676,
            35.82983
          ],
          [
            139.990849,
            35.829839
          ],
          [
            139.991319,
            35.829761
          ],
          [
            139.991972,
            35.829726
          ],
          [
            139.992177,
            35.829767
          ],
          [
            139.992445,
            35.829848
          ],
          [
            139.992909,
            35.829963
          ],
          [
            139.994261,
            35.830267
          ],
          [
            139.994754,
            35.830379
          ],
          [
            139.994804,
            35.830391
          ],
          [
            139.995552,
            35.830563
          ],
          [
            139.995473,
            35.831002
          ],
          [
            139.995343,
            35.831502
          ],
          [
            139.995344,
            35.831558
          ],
          [
            139.995376,
            35.831637
          ],
          [
            139.995489,
            35.831824
          ],
          [
            139.995618,
            35.831955
          ],
          [
            139.995694,
            35.832011
          ],
          [
            139.995975,
            35.832159
          ],
          [
            139.996041,
            35.832232
          ],
          [
            139.996233,
            35.832593
          ],
          [
            139.996324,
            35.832692
          ],
          [
            139.996384,
            35.832718
          ],
          [
            139.996808,
            35.832698
          ],
          [
            139.996857,
            35.832713
          ],
          [
            139.996914,
            35.832819
          ],
          [
            139.997124,
            35.833214
          ],
          [
            139.997387,
            35.833767
          ],
          [
            139.99747,
            35.834044
          ],
          [
            139.997468,
            35.834285
          ],
          [
            139.997619,
            35.834681
          ],
          [
            139.997634,
            35.834719
          ],
          [
            139.99774,
            35.834944
          ],
          [
            139.997791,
            35.835019
          ],
          [
            139.997865,
            35.83509
          ],
          [
            139.997896,
            35.835116
          ],
          [
            139.998138,
            35.835318
          ],
          [
            139.998251,
            35.835464
          ],
          [
            139.998461,
            35.835751
          ],
          [
            139.998526,
            35.835793
          ],
          [
            139.998214,
            35.836113
          ],
          [
            139.998148,
            35.836181
          ],
          [
            139.998508,
            35.836427
          ],
          [
            139.998968,
            35.836743
          ],
          [
            140.00017,
            35.837567
          ],
          [
            140.001595,
            35.838523
          ],
          [
            140.001812,
            35.838753
          ],
          [
            140.003615,
            35.839971
          ],
          [
            140.003716,
            35.840039
          ],
          [
            140.004449,
            35.840539
          ],
          [
            140.004666,
            35.840684
          ],
          [
            140.005391,
            35.841175
          ],
          [
            140.005967,
            35.841471
          ],
          [
            140.006206,
            35.841655
          ],
          [
            140.00679,
            35.842049
          ],
          [
            140.007406,
            35.842461
          ],
          [
            140.007618,
            35.842597
          ],
          [
            140.007708,
            35.84266
          ],
          [
            140.008302,
            35.843083
          ],
          [
            140.00848,
            35.843259
          ],
          [
            140.009207,
            35.844107
          ],
          [
            140.00972,
            35.843882
          ],
          [
            140.010088,
            35.844232
          ],
          [
            140.010713,
            35.844657
          ],
          [
            140.011342,
            35.845079
          ],
          [
            140.011612,
            35.845258
          ],
          [
            140.011812,
            35.845392
          ],
          [
            140.011957,
            35.845488
          ],
          [
            140.013599,
            35.846583
          ],
          [
            140.013696,
            35.846649
          ],
          [
            140.014103,
            35.846934
          ],
          [
            140.014323,
            35.847135
          ],
          [
            140.015707,
            35.848801
          ],
          [
            140.016257,
            35.84946
          ],
          [
            140.016518,
            35.849711
          ],
          [
            140.016739,
            35.849881
          ],
          [
            140.017395,
            35.850319
          ],
          [
            140.018061,
            35.850805
          ],
          [
            140.021248,
            35.853024
          ],
          [
            140.021359,
            35.853102
          ],
          [
            140.021782,
            35.853405
          ],
          [
            140.02205,
            35.853636
          ],
          [
            140.022184,
            35.853777
          ],
          [
            140.022236,
            35.853842
          ],
          [
            140.022569,
            35.854301
          ],
          [
            140.022807,
            35.854753
          ],
          [
            140.022921,
            35.855068
          ],
          [
            140.023192,
            35.855703
          ],
          [
            140.023509,
            35.856443
          ],
          [
            140.023882,
            35.85731
          ],
          [
            140.023763,
            35.857348
          ],
          [
            140.023605,
            35.857373
          ],
          [
            140.023475,
            35.857372
          ],
          [
            140.023297,
            35.857364
          ],
          [
            140.023171,
            35.857335
          ],
          [
            140.023108,
            35.857302
          ],
          [
            140.023065,
            35.857252
          ],
          [
            140.023013,
            35.85733
          ],
          [
            140.02306,
            35.857784
          ]
        ]
      },
      "properties": {
        "order": 2,
        "from": "いちかわ",
        "to": "しょうなん",
        "title": "いちかわ → しょうなん",
        "distance_meters": 18928,
        "duration_seconds": 1525.2
      }
    },
    {
      "type": "Feature",
      "geometry": {
        "type": "LineString",
        "coordinates": [
          [
            140.02306,
            35.857784
          ],
          [
            140.023013,
            35.85733
          ],
          [
            140.023065,
            35.857252
          ],
          [
            140.023108,
            35.857302
          ],
          [
            140.023171,
            35.857335
          ],
          [
            140.023297,
            35.857364
          ],
          [
            140.023475,
            35.857372
          ],
          [
            140.023605,
            35.857373
          ],
          [
            140.023763,
            35.857348
          ],
          [
            140.023882,
            35.85731
          ],
          [
            140.023992,
            35.857555
          ],
          [
            140.026261,
            35.862767
          ],
          [
            140.026414,
            35.863111
          ],
          [
            140.026551,
            35.863441
          ],
          [
            140.026697,
            35.863928
          ],
          [
            140.026744,
            35.864112
          ],
          [
            140.026793,
            35.864299
          ],
          [
            140.026861,
            35.864713
          ],
          [
            140.026888,
            35.865705
          ],
          [
            140.026892,
            35.866246
          ],
          [
            140.026905,
            35.866924
          ],
          [
            140.026905,
            35.866966
          ],
          [
            140.026928,
            35.868083
          ],
          [
            140.02693,
            35.868581
          ],
          [
            140.026971,
            35.868724
          ],
          [
            140.027042,
            35.86893
          ],
          [
            140.027159,
            35.869192
          ],
          [
            140.027323,
            35.869493
          ],
          [
            140.027548,
            35.869812
          ],
          [
            140.028156,
            35.870489
          ],
          [
            140.028362,
            35.870719
          ],
          [
            140.028977,
            35.871395
          ],
          [
            140.029159,
            35.871655
          ],
          [
            140.029327,
            35.871995
          ],
          [
            140.029397,
            35.872286
          ],
          [
            140.029408,
            35.872413
          ],
          [
            140.029499,
            35.872896
          ],
          [
            140.029671,
            35.87388
          ],
          [
            140.029687,
            35.873964
          ],
          [
            140.029763,
            35.874205
          ],
          [
            140.02991,
            35.874548
          ],
          [
            140.030012,
            35.874721
          ],
          [
            140.030198,
            35.874982
          ],
          [
            140.030731,
            35.875711
          ],
          [
            140.031178,
            35.876316
          ],
          [
            140.031667,
            35.876959
          ],
          [
            140.031937,
            35.877342
          ],
          [
            140.032224,
            35.877706
          ],
          [
            140.032373,
            35.877858
          ],
          [
            140.032562,
            35.878017
          ],
          [
            140.032828,
            35.878198
          ],
          [
            140.033205,
            35.878385
          ],
          [
            140.033407,
            35.878452
          ],
          [
            140.033699,
            35.878524
          ],
          [
            140.033978,
            35.878573
          ],
          [
            140.034664,
            35.87864
          ],
          [
            140.0369,
            35.878957
          ],
          [
            140.03784,
            35.879117
          ],
          [
            140.038665,
            35.879259
          ],
          [
            140.039252,
            35.879388
          ],
          [
            140.039562,
            35.879484
          ],
          [
            140.040023,
            35.879657
          ],
          [
            140.040315,
            35.87979
          ],
          [
            140.041149,
            35.880229
          ],
          [
            140.042412,
            35.880891
          ],
          [
            140.04313,
            35.881269
          ],
          [
            140.043515,
            35.881481
          ],
          [
            140.043863,
            35.881698
          ],
          [
            140.044343,
            35.882019
          ],
          [
            140.046087,
            35.883247
          ],
          [
            140.046749,
            35.883648
          ],
          [
            140.047575,
            35.88403
          ],
          [
            140.050078,
            35.88494
          ],
          [
            140.050744,
            35.88521
          ],
          [
            140.051232,
            35.885466
          ],
          [
            140.051519,
            35.885649
          ],
          [
            140.051781,
            35.885831
          ],
          [
            140.052203,
            35.886179
          ],
          [
            140.052383,
            35.88635
          ],
          [
            140.052715,
            35.88673
          ],
          [
            140.058705,
            35.894619
          ],
          [
            140.05906,
            35.895086
          ],
          [
            140.059675,
            35.895893
          ],
          [
            140.059941,
            35.896241
          ],
          [
            140.060337,
            35.896802
          ],
          [
            140.06049,
            35.897008
          ],
          [
            140.061147,
            35.898026
          ],
          [
            140.061706,
            35.898958
          ],
          [
            140.062102,
            35.899628
          ],
          [
            140.062366,
            35.900081
          ],
          [
            140.062264,
            35.900318
          ],
          [
            140.062165,
            35.900531
          ],
          [
            140.062125,
            35.900685
          ],
          [
            140.062124,
            35.900935
          ],
          [
            140.06214,
            35.901023
          ],
          [
            140.062222,
            35.901383
          ],
          [
            140.062233,
            35.901445
          ],
          [
            140.062332,
            35.901985
          ],
          [
            140.062324,
            35.902386
          ],
          [
            140.062259,
            35.902575
          ],
          [
            140.062203,
            35.902656
          ],
          [
            140.062116,
            35.902726
          ],
          [
            140.061225,
            35.903224
          ],
          [
            140.06099,
            35.903381
          ],
          [
            140.060564,
            35.903664
          ],
          [
            140.060316,
            35.903786
          ],
          [
            140.060054,
            35.903989
          ],
          [
            140.059942,
            35.904183
          ],
          [
            140.05999,
            35.904265
          ],
          [
            140.060054,
            35.90452
          ],
          [
            140.060105,
            35.904607
          ],
          [
            140.060326,
            35.904805
          ],
          [
            140.060686,
            35.905238
          ],
          [
            140.060869,
            35.905694
          ],
          [
            140.060986,
            35.905849
          ],
          [
            140.06144,
            35.906482
          ],
          [
            140.061517,
            35.906683
          ],
          [
            140.061518,
            35.907031
          ],
          [
            140.061468,
            35.907197
          ],
          [
            140.061468,
            35.907394
          ],
          [
            140.061494,
            35.907927
          ],
          [
            140.061508,
            35.908015
          ],
          [
            140.061737,
            35.908407
          ],
          [
            140.061808,
            35.908525
          ],
          [
            140.062077,
            35.908938
          ],
          [
            140.062341,
            35.909415
          ],
          [
            140.062536,
            35.909752
          ],
          [
            140.06267,
            35.910025
          ],
          [
            140.06267,
            35.910177
          ],
          [
            140.062618,
            35.910301
          ],
          [
            140.062595,
            35.910358
          ],
          [
            140.062396,
            35.910551
          ],
          [
            140.062359,
            35.910633
          ],
          [
            140.062123,
            35.911107
          ],
          [
            140.062021,
            35.911485
          ],
          [
            140.06208,
            35.91184
          ],
          [
            140.062112,
            35.911972
          ],
          [
            140.062054,
            35.912406
          ],
          [
            140.062107,
            35.912481
          ],
          [
            140.062122,
            35.912842
          ],
          [
            140.062043,
            35.913036
          ],
          [
            140.061764,
            35.913493
          ],
          [
            140.061618,
            35.913732
          ],
          [
            140.061741,
            35.914062
          ],
          [
            140.061792,
            35.914218
          ],
          [
            140.061902,
            35.914557
          ],
          [
            140.062026,
            35.914852
          ],
          [
            140.062316,
            35.914823
          ],
          [
            140.062605,
            35.914833
          ],
          [
            140.063276,
            35.915365
          ],
          [
            140.063632,
            35.915744
          ],
          [
            140.063989,
            35.915945
          ],
          [
            140.064558,
            35.91636
          ],
          [
            140.064812,
            35.916602
          ],
          [
            140.064933,
            35.91675
          ],
          [
            140.065878,
            35.918196
          ],
          [
            140.066386,
            35.919005
          ],
          [
            140.066643,
            35.918945
          ],
          [
            140.066911,
            35.918915
          ],
          [
            140.067162,
            35.918911
          ],
          [
            140.068318,
            35.91932
          ],
          [
            140.068841,
            35.919728
          ],
          [
            140.068983,
            35.919909
          ],
          [
            140.06928,
            35.92016
          ],
          [
            140.069647,
            35.920347
          ],
          [
            140.070289,
            35.920551
          ],
          [
            140.070291,
            35.920561
          ],
          [
            140.070303,
            35.920634
          ],
          [
            140.070304,
            35.920639
          ],
          [
            140.070471,
            35.921197
          ],
          [
            140.070494,
            35.921273
          ],
          [
            140.070776,
            35.922291
          ],
          [
            140.070829,
            35.92239
          ],
          [
            140.071659,
            35.92318
          ],
          [
            140.072059,
            35.92354
          ],
          [
            140.072314,
            35.923831
          ],
          [
            140.072353,
            35.923892
          ],
          [
            140.07339,
            35.925262
          ],
          [
            140.073638,
            35.92564
          ],
          [
            140.07413,
            35.92638
          ],
          [
            140.073629,
            35.926764
          ],
          [
            140.073364,
            35.926966
          ],
          [
            140.072817,
            35.927384
          ],
          [
            140.072419,
            35.92769
          ],
          [
            140.072031,
            35.928018
          ],
          [
            140.071773,
            35.928289
          ],
          [
            140.07161,
            35.928494
          ],
          [
            140.071315,
            35.928946
          ],
          [
            140.071218,
            35.929137
          ],
          [
            140.071135,
            35.929319
          ],
          [
            140.071008,
            35.92968
          ],
          [
            140.070909,
            35.930133
          ],
          [
            140.070903,
            35.930201
          ],
          [
            140.070805,
            35.931194
          ],
          [
            140.07075,
            35.931761
          ],
          [
            140.070745,
            35.931821
          ],
          [
            140.070693,
            35.932391
          ],
          [
            140.070663,
            35.932674
          ],
          [
            140.070593,
            35.933404
          ],
          [
            140.070554,
            35.933745
          ],
          [
            140.070546,
            35.933822
          ],
          [
            140.070494,
            35.934361
          ],
          [
            140.070487,
            35.934437
          ],
          [
            140.070379,
            35.935438
          ],
          [
            140.070285,
            35.935715
          ],
          [
            140.070165,
            35.935935
          ],
          [
            140.069996,
            35.936155
          ],
          [
            140.069638,
            35.936478
          ],
          [
            140.069318,
            35.936667
          ],
          [
            140.069063,
            35.936765
          ],
          [
            140.068793,
            35.936843
          ],
          [
            140.068559,
            35.936878
          ],
          [
            140.068298,
            35.93689
          ],
          [
            140.068035,
            35.936883
          ],
          [
            140.067711,
            35.936881
          ],
          [
            140.067561,
            35.93688
          ],
          [
            140.067048,
            35.936872
          ],
          [
            140.066821,
            35.936893
          ],
          [
            140.066729,
            35.936921
          ],
          [
            140.066556,
            35.937014
          ],
          [
            140.066354,
            35.937216
          ],
          [
            140.065128,
            35.938661
          ],
          [
            140.06509,
            35.938706
          ],
          [
            140.064325,
            35.939601
          ],
          [
            140.064034,
            35.939891
          ],
          [
            140.063723,
            35.940151
          ],
          [
            140.063355,
            35.940421
          ],
          [
            140.062879,
            35.940792
          ],
          [
            140.06257,
            35.941096
          ],
          [
            140.062336,
            35.94136
          ],
          [
            140.061252,
            35.942627
          ],
          [
            140.061191,
            35.942696
          ],
          [
            140.060491,
            35.943517
          ],
          [
            140.060087,
            35.943997
          ],
          [
            140.059825,
            35.944311
          ],
          [
            140.059346,
            35.944872
          ],
          [
            140.058504,
            35.945856
          ],
          [
            140.057857,
            35.946579
          ],
          [
            140.057047,
            35.9473
          ],
          [
            140.05699,
            35.947348
          ],
          [
            140.055608,
            35.94857
          ],
          [
            140.055461,
            35.948702
          ],
          [
            140.055266,
            35.948868
          ],
          [
            140.054274,
            35.949753
          ],
          [
            140.05379,
            35.950183
          ],
          [
            140.053177,
            35.950726
          ],
          [
            140.052458,
            35.951357
          ],
          [
            140.052176,
            35.951609
          ],
          [
            140.051765,
            35.951981
          ],
          [
            140.051351,
            35.952351
          ],
          [
            140.050596,
            35.953029
          ],
          [
            140.050193,
            35.953394
          ],
          [
            140.050032,
            35.953588
          ],
          [
            140.049975,
            35.953675
          ],
          [
            140.04931,
            35.954885
          ],
          [
            140.048851,
            35.955721
          ],
          [
            140.048747,
            35.955911
          ],
          [
            140.048582,
            35.956219
          ],
          [
            140.04835,
            35.956643
          ],
          [
            140.047833,
            35.957583
          ],
          [
            140.047541,
            35.958077
          ],
          [
            140.04745,
            35.958237
          ],
          [
            140.047144,
            35.958745
          ],
          [
            140.047071,
            35.958834
          ],
          [
            140.046964,
            35.958919
          ],
          [
            140.046554,
            35.959164
          ],
          [
            140.045863,
            35.959552
          ],
          [
            140.045415,
            35.959806
          ],
          [
            140.044942,
            35.960066
          ],
          [
            140.04347,
            35.960853
          ],
          [
            140.042452,
            35.961414
          ],
          [
            140.04149,
            35.961953
          ],
          [
            140.041458,
            35.961971
          ],
          [
            140.040531,
            35.962483
          ],
          [
            140.039492,
            35.963056
          ],
          [
            140.039001,
            35.96333
          ],
          [
            140.038705,
            35.963495
          ],
          [
            140.038133,
            35.963823
          ],
          [
            140.037542,
            35.964162
          ],
          [
            140.035505,
            35.965282
          ],
          [
            140.034121,
            35.966047
          ],
          [
            140.033494,
            35.966393
          ],
          [
            140.032506,
            35.966936
          ],
          [
            140.031499,
            35.967513
          ],
          [
            140.030496,
            35.968074
          ],
          [
            140.03002,
            35.96835
          ],
          [
            140.029593,
            35.96864
          ],
          [
            140.029432,
            35.968758
          ],
          [
            140.028947,
            35.969175
          ],
          [
            140.028721,
            35.969409
          ],
          [
            140.028337,
            35.969871
          ],
          [
            140.028119,
            35.970193
          ],
          [
            140.026933,
            35.971956
          ],
          [
            140.026372,
            35.972752
          ],
          [
            140.026277,
            35.972863
          ],
          [
            140.025983,
            35.973182
          ],
          [
            140.025548,
            35.973575
          ],
          [
            140.025195,
            35.973843
          ],
          [
            140.024624,
            35.974195
          ],
          [
            140.024353,
            35.97433
          ],
          [
            140.02323,
            35.974799
          ],
          [
            140.023207,
            35.974809
          ],
          [
            140.022926,
            35.974924
          ],
          [
            140.022781,
            35.975007
          ],
          [
            140.022581,
            35.975169
          ],
          [
            140.02247,
            35.975296
          ],
          [
            140.022449,
            35.975327
          ],
          [
            140.022379,
            35.975427
          ],
          [
            140.022362,
            35.975451
          ],
          [
            140.022212,
            35.97578
          ],
          [
            140.021983,
            35.976461
          ],
          [
            140.021751,
            35.977216
          ],
          [
            140.021602,
            35.977714
          ],
          [
            140.021109,
            35.979471
          ],
          [
            140.020879,
            35.980254
          ],
          [
            140.020568,
            35.981302
          ],
          [
            140.020036,
            35.983074
          ],
          [
            140.02,
            35.983192
          ],
          [
            140.019619,
            35.984465
          ],
          [
            140.019574,
            35.984625
          ],
          [
            140.019449,
            35.985047
          ],
          [
            140.01941,
            35.98518
          ],
          [
            140.019325,
            35.985479
          ],
          [
            140.019169,
            35.986022
          ],
          [
            140.018972,
            35.98667
          ],
          [
            140.018754,
            35.987414
          ],
          [
            140.018417,
            35.988565
          ],
          [
            140.01793,
            35.990213
          ],
          [
            140.017831,
            35.990545
          ],
          [
            140.017692,
            35.991012
          ],
          [
            140.01756,
            35.991462
          ],
          [
            140.01698,
            35.993403
          ],
          [
            140.016655,
            35.994486
          ],
          [
            140.016279,
            35.995784
          ],
          [
            140.015336,
            35.999
          ],
          [
            140.014761,
            36.000876
          ],
          [
            140.014635,
            36.001293
          ],
          [
            140.014346,
            36.002267
          ],
          [
            140.01424,
            36.00263
          ],
          [
            140.01396,
            36.003591
          ],
          [
            140.013891,
            36.003833
          ],
          [
            140.013184,
            36.006188
          ],
          [
            140.012624,
            36.008094
          ],
          [
            140.012493,
            36.008541
          ],
          [
            140.011758,
            36.011009
          ],
          [
            140.011684,
            36.011244
          ],
          [
            140.011623,
            36.011449
          ],
          [
            140.011275,
            36.012623
          ],
          [
            140.011266,
            36.012643
          ],
          [
            140.010748,
            36.014407
          ],
          [
            140.010274,
            36.015973
          ],
          [
            140.010222,
            36.016096
          ],
          [
            140.010059,
            36.016354
          ],
          [
            140.009896,
            36.016556
          ],
          [
            140.009782,
            36.016669
          ],
          [
            140.009514,
            36.016858
          ],
          [
            140.00935,
            36.016953
          ],
          [
            140.008976,
            36.017108
          ],
          [
            140.00817,
            36.017338
          ],
          [
            140.007966,
            36.01741
          ],
          [
            140.007784,
            36.017485
          ],
          [
            140.007485,
            36.017651
          ],
          [
            140.007218,
            36.017841
          ],
          [
            140.006982,
            36.018056
          ],
          [
            140.006762,
            36.018316
          ],
          [
            140.006536,
            36.018621
          ],
          [
            140.006451,
            36.018731
          ],
          [
            140.005045,
            36.020614
          ],
          [
            140.004988,
            36.020681
          ],
          [
            140.004418,
            36.021443
          ],
          [
            140.004069,
            36.021859
          ],
          [
            140.003864,
            36.022063
          ],
          [
            140.003784,
            36.022145
          ],
          [
            140.003774,
            36.022156
          ],
          [
            140.003242,
            36.022682
          ],
          [
            140.002922,
            36.023009
          ],
          [
            140.002614,
            36.02331
          ],
          [
            140.002457,
            36.023434
          ],
          [
            140.002298,
            36.023531
          ],
          [
            140.00203,
            36.023666
          ],
          [
            140.001887,
            36.023721
          ],
          [
            140.001346,
            36.023905
          ],
          [
            140.0009,
            36.024023
          ],
          [
            140.00078,
            36.024057
          ],
          [
            140.000978,
            36.024681
          ],
          [
            140.001054,
            36.024992
          ],
          [
            140.001089,
            36.025416
          ],
          [
            140.001056,
            36.02589
          ],
          [
            140.001,
            36.026188
          ],
          [
            140.000639,
            36.027342
          ],
          [
            140.000625,
            36.027405
          ],
          [
            140.000573,
            36.027727
          ],
          [
            140.00057,
            36.027778
          ],
          [
            140.000567,
            36.028212
          ],
          [
            140.000602,
            36.028526
          ],
          [
            140.000668,
            36.028815
          ],
          [
            140.000791,
            36.029171
          ],
          [
            140.001002,
            36.029585
          ],
          [
            140.002033,
            36.03109
          ],
          [
            140.002209,
            36.031376
          ],
          [
            140.002368,
            36.031702
          ],
          [
            140.002479,
            36.031974
          ],
          [
            140.002571,
            36.032259
          ],
          [
            140.002633,
            36.032516
          ],
          [
            140.002697,
            36.032976
          ],
          [
            140.002782,
            36.035854
          ],
          [
            140.00278,
            36.036155
          ],
          [
            140.002746,
            36.036421
          ],
          [
            140.002611,
            36.036949
          ],
          [
            140.002527,
            36.037159
          ],
          [
            140.002482,
            36.037256
          ],
          [
            140.002337,
            36.037544
          ],
          [
            140.002083,
            36.037943
          ],
          [
            140.001791,
            36.03831
          ],
          [
            140.001562,
            36.038536
          ],
          [
            140.000802,
            36.039208
          ],
          [
            140.000455,
            36.039571
          ],
          [
            140.00029,
            36.039784
          ],
          [
            139.999914,
            36.040376
          ],
          [
            139.999811,
            36.040615
          ],
          [
            139.99964,
            36.041108
          ],
          [
            139.999571,
            36.04144
          ],
          [
            139.99946,
            36.042222
          ],
          [
            139.999047,
            36.045036
          ],
          [
            139.998957,
            36.045542
          ],
          [
            139.998859,
            36.045934
          ],
          [
            139.998733,
            36.046319
          ],
          [
            139.998513,
            36.046915
          ],
          [
            139.997824,
            36.048501
          ],
          [
            139.997065,
            36.050314
          ],
          [
            139.996296,
            36.052115
          ],
          [
            139.995867,
            36.053081
          ],
          [
            139.995722,
            36.053422
          ],
          [
            139.995618,
            36.053666
          ],
          [
            139.995513,
            36.053912
          ],
          [
            139.994834,
            36.0555
          ],
          [
            139.994074,
            36.057306
          ],
          [
            139.993287,
            36.059146
          ],
          [
            139.992517,
            36.060948
          ],
          [
            139.991839,
            36.062507
          ],
          [
            139.991552,
            36.06318
          ],
          [
            139.990794,
            36.064962
          ],
          [
            139.990374,
            36.065939
          ],
          [
            139.989865,
            36.067152
          ],
          [
            139.98964,
            36.067747
          ],
          [
            139.988687,
            36.070514
          ],
          [
            139.987384,
            36.074401
          ],
          [
            139.987166,
            36.075046
          ],
          [
            139.986516,
            36.077013
          ],
          [
            139.984882,
            36.081879
          ],
          [
            139.984659,
            36.082492
          ],
          [
            139.98417,
            36.084051
          ],
          [
            139.984082,
            36.084437
          ],
          [
            139.984029,
            36.084926
          ],
          [
            139.98413,
            36.084931
          ],
          [
            139.984174,
            36.084522
          ],
          [
            139.984295,
            36.084367
          ],
          [
            139.984686,
            36.083132
          ],
          [
            139.985171,
            36.083246
          ]
        ]
      },
      "properties": {
        "order": 3,
        "from": "しょうなん",
        "to": "常総",
        "title": "しょうなん → 常総",
        "distance_meters": 30862,
        "duration_seconds": 2629.9
      }
    },
    {
      "type": "Feature",
      "geometry": {
        "type": "LineString",
        "coordinates": [
          [
            139.985171,
            36.083246
          ],
          [
            139.984686,
            36.083132
          ],
          [
            139.984856,
            36.082576
          ],
          [
            139.985009,
            36.082188
          ],
          [
            139.985474,
            36.081159
          ],
          [
            139.985584,
            36.081042
          ],
          [
            139.985705,
            36.080968
          ],
          [
            139.985938,
            36.08089
          ],
          [
            139.986272,
            36.080846
          ],
          [
            139.986578,
            36.080761
          ],
          [
            139.98663,
            36.080757
          ],
          [
            139.98682,
            36.080794
          ],
          [
            139.986704,
            36.081049
          ],
          [
            139.986138,
            36.082755
          ],
          [
            139.985628,
            36.084263
          ],
          [
            139.985393,
            36.084925
          ],
          [
            139.985337,
            36.084994
          ],
          [
            139.985252,
            36.085049
          ],
          [
            139.985153,
            36.085075
          ],
          [
            139.985026,
            36.085079
          ],
          [
            139.98413,
            36.084931
          ],
          [
            139.984029,
            36.084926
          ],
          [
            139.984051,
            36.085432
          ],
          [
            139.984097,
            36.085813
          ],
          [
            139.984286,
            36.086434
          ],
          [
            139.984485,
            36.086967
          ],
          [
            139.984795,
            36.087862
          ],
          [
            139.985035,
            36.088543
          ],
          [
            139.985128,
            36.088801
          ],
          [
            139.985558,
            36.089955
          ],
          [
            139.985726,
            36.090503
          ],
          [
            139.985807,
            36.090896
          ],
          [
            139.985843,
            36.091277
          ],
          [
            139.985826,
            36.091816
          ],
          [
            139.985598,
            36.093901
          ],
          [
            139.98541,
            36.095526
          ],
          [
            139.985343,
            36.096137
          ],
          [
            139.984713,
            36.101847
          ],
          [
            139.984552,
            36.103261
          ],
          [
            139.984396,
            36.104684
          ],
          [
            139.984325,
            36.105292
          ],
          [
            139.984239,
            36.106122
          ],
          [
            139.98417,
            36.10667
          ],
          [
            139.984064,
            36.107726
          ],
          [
            139.983941,
            36.108773
          ],
          [
            139.983922,
            36.108938
          ],
          [
            139.983853,
            36.109625
          ],
          [
            139.983718,
            36.110886
          ],
          [
            139.983711,
            36.110935
          ],
          [
            139.983383,
            36.113798
          ],
          [
            139.983299,
            36.114504
          ],
          [
            139.983106,
            36.116416
          ],
          [
            139.982883,
            36.118321
          ],
          [
            139.982677,
            36.120231
          ],
          [
            139.982595,
            36.121022
          ],
          [
            139.982541,
            36.121561
          ],
          [
            139.982507,
            36.121881
          ],
          [
            139.982123,
            36.125215
          ],
          [
            139.982038,
            36.125997
          ],
          [
            139.981984,
            36.126789
          ],
          [
            139.981985,
            36.127016
          ],
          [
            139.982025,
            36.127729
          ],
          [
            139.982085,
            36.128121
          ],
          [
            139.982202,
            36.128642
          ],
          [
            139.982288,
            36.128945
          ],
          [
            139.98242,
            36.129281
          ],
          [
            139.983081,
            36.130742
          ],
          [
            139.98356,
            36.131834
          ],
          [
            139.983882,
            36.132551
          ],
          [
            139.984707,
            36.134345
          ],
          [
            139.98513,
            36.135285
          ],
          [
            139.985946,
            36.137079
          ],
          [
            139.98677,
            36.13891
          ],
          [
            139.987256,
            36.13999
          ],
          [
            139.987586,
            36.140715
          ],
          [
            139.988405,
            36.142525
          ],
          [
            139.989224,
            36.144318
          ],
          [
            139.990035,
            36.14611
          ],
          [
            139.990504,
            36.147186
          ],
          [
            139.990699,
            36.14761
          ],
          [
            139.990837,
            36.147917
          ],
          [
            139.990964,
            36.148196
          ],
          [
            139.991135,
            36.148582
          ],
          [
            139.991297,
            36.148924
          ],
          [
            139.991644,
            36.1497
          ],
          [
            139.991872,
            36.150205
          ],
          [
            139.992128,
            36.150758
          ],
          [
            139.992476,
            36.151524
          ],
          [
            139.993285,
            36.15331
          ],
          [
            139.994125,
            36.155142
          ],
          [
            139.994586,
            36.156186
          ],
          [
            139.99491,
            36.156956
          ],
          [
            139.995133,
            36.157627
          ],
          [
            139.995306,
            36.158306
          ],
          [
            139.995337,
            36.158471
          ],
          [
            139.995408,
            36.158898
          ],
          [
            139.995448,
            36.159164
          ],
          [
            139.995474,
            36.159603
          ],
          [
            139.995495,
            36.160338
          ],
          [
            139.995463,
            36.160945
          ],
          [
            139.995372,
            36.161616
          ],
          [
            139.995291,
            36.162028
          ],
          [
            139.995145,
            36.16261
          ],
          [
            139.995012,
            36.163011
          ],
          [
            139.994923,
            36.163269
          ],
          [
            139.994809,
            36.163597
          ],
          [
            139.99469,
            36.163929
          ],
          [
            139.994003,
            36.165919
          ],
          [
            139.993004,
            36.168807
          ],
          [
            139.992341,
            36.170772
          ],
          [
            139.992231,
            36.171149
          ],
          [
            139.992077,
            36.171732
          ],
          [
            139.991763,
            36.173142
          ],
          [
            139.990746,
            36.177626
          ],
          [
            139.990518,
            36.17858
          ],
          [
            139.990386,
            36.179155
          ],
          [
            139.989784,
            36.181849
          ],
          [
            139.989702,
            36.181844
          ],
          [
            139.989477,
            36.182836
          ],
          [
            139.989558,
            36.182833
          ],
          [
            139.989003,
            36.185305
          ],
          [
            139.988673,
            36.186804
          ],
          [
            139.988588,
            36.187172
          ],
          [
            139.988468,
            36.187688
          ],
          [
            139.98838,
            36.188063
          ],
          [
            139.987879,
            36.190248
          ],
          [
            139.987487,
            36.191943
          ],
          [
            139.987335,
            36.192602
          ],
          [
            139.986885,
            36.194632
          ],
          [
            139.986764,
            36.195068
          ],
          [
            139.98644,
            36.195989
          ],
          [
            139.986126,
            36.196704
          ],
          [
            139.985809,
            36.197335
          ],
          [
            139.985434,
            36.197969
          ],
          [
            139.984972,
            36.19876
          ],
          [
            139.984706,
            36.199252
          ],
          [
            139.984503,
            36.199711
          ],
          [
            139.984321,
            36.200227
          ],
          [
            139.984124,
            36.201045
          ],
          [
            139.984061,
            36.201455
          ],
          [
            139.984036,
            36.202233
          ],
          [
            139.984101,
            36.202901
          ],
          [
            139.984309,
            36.204455
          ],
          [
            139.984377,
            36.204955
          ],
          [
            139.984426,
            36.205327
          ],
          [
            139.985594,
            36.214336
          ],
          [
            139.985636,
            36.214709
          ],
          [
            139.985671,
            36.215022
          ],
          [
            139.985708,
            36.215308
          ],
          [
            139.985951,
            36.217054
          ],
          [
            139.986002,
            36.21746
          ],
          [
            139.986053,
            36.217882
          ],
          [
            139.986166,
            36.217825
          ],
          [
            139.985952,
            36.21619
          ],
          [
            139.986255,
            36.216174
          ],
          [
            139.986201,
            36.215836
          ],
          [
            139.986159,
            36.215764
          ],
          [
            139.986406,
            36.215623
          ]
        ]
      },
      "properties": {
        "order": 4,
        "from": "常総",
        "to": "しもつま",
        "title": "常総 → しもつま",
        "distance_meters": 16494,
        "duration_seconds": 1073.0
      }
    },
    {
      "type": "Feature",
      "geometry": {
        "type": "LineString",
        "coordinates": [
          [
            139.986406,
            36.215623
          ],
          [
            139.986159,
            36.215764
          ],
          [
            139.986201,
            36.215836
          ],
          [
            139.986255,
            36.216174
          ],
          [
            139.986473,
            36.216103
          ],
          [
            139.987328,
            36.217189
          ],
          [
            139.986166,
            36.217825
          ],
          [
            139.986053,
            36.217882
          ],
          [
            139.985649,
            36.218098
          ],
          [
            139.98421,
            36.218885
          ],
          [
            139.98371,
            36.219181
          ],
          [
            139.982882,
            36.21962
          ],
          [
            139.982376,
            36.219894
          ],
          [
            139.982201,
            36.21996
          ],
          [
            139.981961,
            36.220013
          ],
          [
            139.981762,
            36.220039
          ],
          [
            139.980429,
            36.219981
          ],
          [
            139.980006,
            36.220037
          ],
          [
            139.979777,
            36.22009
          ],
          [
            139.979245,
            36.220224
          ],
          [
            139.977591,
            36.22036
          ],
          [
            139.976875,
            36.220384
          ],
          [
            139.976928,
            36.220778
          ],
          [
            139.97709,
            36.221541
          ],
          [
            139.977181,
            36.22212
          ],
          [
            139.977212,
            36.222309
          ],
          [
            139.977224,
            36.222383
          ],
          [
            139.97725,
            36.222543
          ],
          [
            139.977255,
            36.222576
          ],
          [
            139.977281,
            36.22271
          ],
          [
            139.977306,
            36.222831
          ],
          [
            139.977378,
            36.223244
          ],
          [
            139.977393,
            36.223357
          ],
          [
            139.977403,
            36.223421
          ],
          [
            139.977427,
            36.223568
          ],
          [
            139.977431,
            36.223594
          ],
          [
            139.977482,
            36.223915
          ],
          [
            139.977491,
            36.223967
          ],
          [
            139.977525,
            36.224154
          ],
          [
            139.977634,
            36.2249
          ],
          [
            139.97765,
            36.225024
          ],
          [
            139.977755,
            36.225835
          ],
          [
            139.977932,
            36.227215
          ],
          [
            139.977962,
            36.227382
          ],
          [
            139.977997,
            36.228011
          ],
          [
            139.977993,
            36.228306
          ],
          [
            139.977867,
            36.229215
          ],
          [
            139.977811,
            36.229818
          ],
          [
            139.977795,
            36.229949
          ],
          [
            139.977744,
            36.230384
          ],
          [
            139.977712,
            36.230509
          ],
          [
            139.977599,
            36.230961
          ],
          [
            139.977484,
            36.231271
          ],
          [
            139.977014,
            36.232245
          ],
          [
            139.976794,
            36.232777
          ],
          [
            139.976716,
            36.233014
          ],
          [
            139.976582,
            36.233356
          ],
          [
            139.976537,
            36.233595
          ],
          [
            139.97654,
            36.234308
          ],
          [
            139.976557,
            36.235687
          ],
          [
            139.976557,
            36.235716
          ],
          [
            139.976555,
            36.235812
          ],
          [
            139.976514,
            36.237073
          ],
          [
            139.976547,
            36.237588
          ],
          [
            139.976641,
            36.238142
          ],
          [
            139.976723,
            36.238489
          ],
          [
            139.976745,
            36.238595
          ],
          [
            139.976975,
            36.239847
          ],
          [
            139.976992,
            36.23993
          ],
          [
            139.977105,
            36.240752
          ],
          [
            139.977264,
            36.241614
          ],
          [
            139.977415,
            36.242503
          ],
          [
            139.977557,
            36.243427
          ],
          [
            139.977695,
            36.244121
          ],
          [
            139.977735,
            36.244337
          ],
          [
            139.977965,
            36.245555
          ],
          [
            139.977998,
            36.245864
          ],
          [
            139.977985,
            36.246022
          ],
          [
            139.977921,
            36.246317
          ],
          [
            139.977866,
            36.246802
          ],
          [
            139.97735,
            36.24803
          ],
          [
            139.977006,
            36.248744
          ],
          [
            139.976927,
            36.248914
          ],
          [
            139.97683,
            36.249125
          ],
          [
            139.97644,
            36.249901
          ],
          [
            139.976181,
            36.250486
          ],
          [
            139.976003,
            36.250937
          ],
          [
            139.975835,
            36.251899
          ],
          [
            139.975743,
            36.252344
          ],
          [
            139.975715,
            36.252464
          ],
          [
            139.975568,
            36.253053
          ],
          [
            139.975432,
            36.2536
          ],
          [
            139.975071,
            36.255084
          ],
          [
            139.975051,
            36.255153
          ],
          [
            139.974965,
            36.255501
          ],
          [
            139.974767,
            36.256276
          ],
          [
            139.974704,
            36.256535
          ],
          [
            139.97453,
            36.257241
          ],
          [
            139.974215,
            36.25858
          ],
          [
            139.974025,
            36.259298
          ],
          [
            139.97401,
            36.259359
          ],
          [
            139.973662,
            36.260867
          ],
          [
            139.973204,
            36.262716
          ],
          [
            139.972852,
            36.264128
          ],
          [
            139.972381,
            36.266086
          ],
          [
            139.972044,
            36.267439
          ],
          [
            139.971954,
            36.267839
          ],
          [
            139.971949,
            36.267863
          ],
          [
            139.971598,
            36.269347
          ],
          [
            139.971358,
            36.270265
          ],
          [
            139.971318,
            36.270438
          ],
          [
            139.971154,
            36.271137
          ],
          [
            139.971088,
            36.271387
          ],
          [
            139.970729,
            36.272884
          ],
          [
            139.970155,
            36.275146
          ],
          [
            139.970007,
            36.275921
          ],
          [
            139.970029,
            36.276198
          ],
          [
            139.97007,
            36.276341
          ],
          [
            139.970143,
            36.276481
          ],
          [
            139.970308,
            36.27669
          ],
          [
            139.971156,
            36.277468
          ],
          [
            139.971771,
            36.278037
          ],
          [
            139.972057,
            36.278314
          ],
          [
            139.971861,
            36.278453
          ],
          [
            139.971814,
            36.278553
          ],
          [
            139.971956,
            36.279416
          ],
          [
            139.972364,
            36.281674
          ],
          [
            139.972416,
            36.281993
          ],
          [
            139.972606,
            36.282948
          ],
          [
            139.972637,
            36.283225
          ],
          [
            139.972653,
            36.283367
          ],
          [
            139.972712,
            36.28377
          ],
          [
            139.972806,
            36.284269
          ],
          [
            139.973452,
            36.287883
          ],
          [
            139.973458,
            36.287916
          ],
          [
            139.973603,
            36.288712
          ],
          [
            139.973706,
            36.289281
          ],
          [
            139.974174,
            36.291842
          ],
          [
            139.97421,
            36.292032
          ],
          [
            139.974546,
            36.293986
          ],
          [
            139.974948,
            36.296101
          ],
          [
            139.974954,
            36.296137
          ],
          [
            139.975076,
            36.296797
          ],
          [
            139.975086,
            36.296845
          ],
          [
            139.975221,
            36.297617
          ],
          [
            139.975277,
            36.29796
          ],
          [
            139.97548,
            36.299074
          ],
          [
            139.975501,
            36.299201
          ],
          [
            139.975665,
            36.30023
          ],
          [
            139.975714,
            36.300482
          ],
          [
            139.975859,
            36.300487
          ],
          [
            139.976904,
            36.300606
          ],
          [
            139.978362,
            36.300777
          ],
          [
            139.979346,
            36.300892
          ],
          [
            139.980475,
            36.30102
          ],
          [
            139.981784,
            36.301174
          ],
          [
            139.982925,
            36.301312
          ],
          [
            139.983656,
            36.301385
          ],
          [
            139.984641,
            36.301503
          ],
          [
            139.984705,
            36.30151
          ],
          [
            139.985386,
            36.301591
          ],
          [
            139.985432,
            36.301596
          ],
          [
            139.985888,
            36.301653
          ],
          [
            139.986107,
            36.301694
          ],
          [
            139.986317,
            36.30175
          ],
          [
            139.986517,
            36.301826
          ],
          [
            139.987002,
            36.302087
          ],
          [
            139.987343,
            36.302321
          ],
          [
            139.987589,
            36.30248
          ],
          [
            139.987872,
            36.302665
          ],
          [
            139.988221,
            36.302884
          ],
          [
            139.988504,
            36.303071
          ],
          [
            139.988724,
            36.303196
          ],
          [
            139.989217,
            36.303407
          ],
          [
            139.989729,
            36.303617
          ],
          [
            139.990215,
            36.303833
          ],
          [
            139.990594,
            36.304027
          ],
          [
            139.99087,
            36.304189
          ],
          [
            139.99119,
            36.304416
          ],
          [
            139.991503,
            36.304674
          ],
          [
            139.991793,
            36.304956
          ],
          [
            139.992061,
            36.30525
          ],
          [
            139.992313,
            36.305608
          ],
          [
            139.992574,
            36.306079
          ],
          [
            139.992743,
            36.306509
          ],
          [
            139.992898,
            36.307084
          ],
          [
            139.993094,
            36.308016
          ],
          [
            139.993351,
            36.309288
          ],
          [
            139.993381,
            36.309437
          ],
          [
            139.993444,
            36.309746
          ],
          [
            139.993508,
            36.310031
          ],
          [
            139.993685,
            36.310799
          ],
          [
            139.993882,
            36.311406
          ],
          [
            139.994412,
            36.312708
          ],
          [
            139.994815,
            36.31369
          ],
          [
            139.995109,
            36.314384
          ],
          [
            139.995219,
            36.314685
          ],
          [
            139.995305,
            36.315059
          ],
          [
            139.995339,
            36.315398
          ],
          [
            139.995341,
            36.315486
          ],
          [
            139.995323,
            36.315851
          ],
          [
            139.995248,
            36.316256
          ],
          [
            139.995211,
            36.316493
          ],
          [
            139.995203,
            36.316682
          ],
          [
            139.995218,
            36.316885
          ],
          [
            139.995307,
            36.317444
          ],
          [
            139.995334,
            36.317657
          ],
          [
            139.995353,
            36.31808
          ],
          [
            139.995398,
            36.319096
          ],
          [
            139.995444,
            36.319981
          ],
          [
            139.995533,
            36.321871
          ],
          [
            139.995534,
            36.321909
          ],
          [
            139.99505,
            36.321935
          ],
          [
            139.99493,
            36.321949
          ],
          [
            139.994783,
            36.32199
          ],
          [
            139.994737,
            36.322047
          ],
          [
            139.994752,
            36.322513
          ],
          [
            139.994751,
            36.322624
          ],
          [
            139.994719,
            36.322736
          ],
          [
            139.994634,
            36.322862
          ],
          [
            139.994537,
            36.322948
          ],
          [
            139.994416,
            36.323014
          ],
          [
            139.994078,
            36.323129
          ],
          [
            139.993985,
            36.323152
          ],
          [
            139.993686,
            36.323187
          ],
          [
            139.993622,
            36.323212
          ],
          [
            139.99362,
            36.323234
          ],
          [
            139.993437,
            36.323238
          ],
          [
            139.993405,
            36.323136
          ]
        ]
      },
      "properties": {
        "order": 5,
        "from": "しもつま",
        "to": "グランテラス筑西",
        "title": "しもつま → グランテラス筑西",
        "distance_meters": 14206,
        "duration_seconds": 1082.7
      }
    },
    {
      "type": "Feature",
      "geometry": {
        "type": "LineString",
        "coordinates": [
          [
            139.993405,
            36.323136
          ],
          [
            139.993437,
            36.323238
          ],
          [
            139.99362,
            36.323234
          ],
          [
            139.993619,
            36.323333
          ],
          [
            139.993622,
            36.323535
          ],
          [
            139.993123,
            36.323548
          ],
          [
            139.993059,
            36.323568
          ],
          [
            139.993009,
            36.323626
          ],
          [
            139.993006,
            36.323709
          ],
          [
            139.993087,
            36.323878
          ],
          [
            139.993352,
            36.324442
          ],
          [
            139.994113,
            36.324209
          ],
          [
            139.994625,
            36.324027
          ],
          [
            139.995571,
            36.323654
          ],
          [
            139.996464,
            36.323288
          ],
          [
            139.998821,
            36.322329
          ],
          [
            139.999755,
            36.322001
          ],
          [
            140.000144,
            36.321881
          ],
          [
            140.000511,
            36.321795
          ],
          [
            140.000554,
            36.321786
          ],
          [
            140.000608,
            36.321774
          ],
          [
            140.001444,
            36.321614
          ],
          [
            140.002172,
            36.321522
          ],
          [
            140.00292,
            36.321468
          ],
          [
            140.003728,
            36.321455
          ],
          [
            140.00411,
            36.321461
          ],
          [
            140.004778,
            36.321496
          ],
          [
            140.005829,
            36.32163
          ],
          [
            140.006247,
            36.321707
          ],
          [
            140.006759,
            36.321823
          ],
          [
            140.007632,
            36.322062
          ],
          [
            140.008025,
            36.322192
          ],
          [
            140.008321,
            36.322304
          ],
          [
            140.008824,
            36.322494
          ],
          [
            140.009197,
            36.322658
          ],
          [
            140.009593,
            36.322857
          ],
          [
            140.010086,
            36.323127
          ],
          [
            140.010208,
            36.323197
          ],
          [
            140.010565,
            36.323401
          ],
          [
            140.010666,
            36.323466
          ],
          [
            140.011827,
            36.324234
          ],
          [
            140.012304,
            36.324549
          ],
          [
            140.012813,
            36.324905
          ],
          [
            140.013728,
            36.325554
          ],
          [
            140.014008,
            36.325749
          ],
          [
            140.014909,
            36.326383
          ],
          [
            140.015492,
            36.326793
          ],
          [
            140.016526,
            36.327527
          ],
          [
            140.017265,
            36.328014
          ],
          [
            140.018182,
            36.328678
          ],
          [
            140.018223,
            36.328706
          ],
          [
            140.02052,
            36.330314
          ],
          [
            140.021015,
            36.330663
          ],
          [
            140.023062,
            36.332127
          ],
          [
            140.024044,
            36.332816
          ],
          [
            140.02461,
            36.333218
          ],
          [
            140.024803,
            36.333355
          ],
          [
            140.026313,
            36.334424
          ],
          [
            140.026754,
            36.334731
          ],
          [
            140.027694,
            36.335411
          ],
          [
            140.028659,
            36.336064
          ],
          [
            140.02918,
            36.336395
          ],
          [
            140.029843,
            36.336773
          ],
          [
            140.030519,
            36.337136
          ],
          [
            140.030849,
            36.337294
          ],
          [
            140.031154,
            36.337486
          ],
          [
            140.031311,
            36.337609
          ],
          [
            140.031445,
            36.337754
          ],
          [
            140.031556,
            36.337918
          ],
          [
            140.032048,
            36.338777
          ],
          [
            140.033281,
            36.340937
          ],
          [
            140.033513,
            36.34128
          ],
          [
            140.03376,
            36.341546
          ],
          [
            140.033995,
            36.341738
          ],
          [
            140.034306,
            36.341945
          ],
          [
            140.034539,
            36.342055
          ],
          [
            140.034898,
            36.342184
          ],
          [
            140.035237,
            36.342266
          ],
          [
            140.037384,
            36.342576
          ],
          [
            140.038667,
            36.342746
          ],
          [
            140.039923,
            36.342884
          ],
          [
            140.040237,
            36.34293
          ],
          [
            140.040661,
            36.343042
          ],
          [
            140.04119,
            36.343274
          ],
          [
            140.041647,
            36.343547
          ],
          [
            140.043078,
            36.344508
          ],
          [
            140.043378,
            36.344716
          ],
          [
            140.044121,
            36.345107
          ],
          [
            140.047623,
            36.346754
          ],
          [
            140.049805,
            36.347762
          ],
          [
            140.050076,
            36.347894
          ],
          [
            140.05087,
            36.348273
          ],
          [
            140.051561,
            36.348602
          ],
          [
            140.051901,
            36.34876
          ],
          [
            140.052687,
            36.349136
          ],
          [
            140.053197,
            36.349385
          ],
          [
            140.053614,
            36.349559
          ],
          [
            140.054116,
            36.349706
          ],
          [
            140.054414,
            36.349774
          ],
          [
            140.055208,
            36.349946
          ],
          [
            140.057211,
            36.350386
          ],
          [
            140.058908,
            36.350753
          ],
          [
            140.059812,
            36.350952
          ],
          [
            140.060047,
            36.351115
          ],
          [
            140.061047,
            36.351288
          ],
          [
            140.062799,
            36.351477
          ],
          [
            140.063424,
            36.35153
          ],
          [
            140.065451,
            36.351701
          ],
          [
            140.068788,
            36.351998
          ],
          [
            140.072269,
            36.352312
          ],
          [
            140.07408,
            36.352503
          ],
          [
            140.074514,
            36.352581
          ],
          [
            140.075102,
            36.352708
          ],
          [
            140.075566,
            36.352895
          ],
          [
            140.076424,
            36.353322
          ],
          [
            140.079044,
            36.354677
          ],
          [
            140.080255,
            36.355307
          ],
          [
            140.081403,
            36.355844
          ],
          [
            140.081146,
            36.356252
          ],
          [
            140.08099,
            36.35652
          ],
          [
            140.080929,
            36.356712
          ],
          [
            140.08089,
            36.357025
          ],
          [
            140.08092,
            36.357276
          ],
          [
            140.080961,
            36.357423
          ],
          [
            140.081085,
            36.357714
          ],
          [
            140.08128,
            36.358016
          ],
          [
            140.081409,
            36.358301
          ],
          [
            140.081612,
            36.358638
          ],
          [
            140.081896,
            36.359229
          ],
          [
            140.082007,
            36.359367
          ],
          [
            140.08237,
            36.360047
          ],
          [
            140.082532,
            36.360351
          ],
          [
            140.082749,
            36.360758
          ],
          [
            140.082848,
            36.36087
          ],
          [
            140.08297,
            36.360965
          ],
          [
            140.083132,
            36.361028
          ],
          [
            140.083321,
            36.361057
          ],
          [
            140.083427,
            36.361052
          ],
          [
            140.083612,
            36.361005
          ],
          [
            140.08376,
            36.360924
          ],
          [
            140.083873,
            36.360816
          ],
          [
            140.083914,
            36.360743
          ],
          [
            140.083962,
            36.360588
          ],
          [
            140.084002,
            36.36019
          ],
          [
            140.084063,
            36.359935
          ],
          [
            140.084206,
            36.359703
          ],
          [
            140.084279,
            36.359622
          ],
          [
            140.08443,
            36.359509
          ],
          [
            140.084976,
            36.359202
          ],
          [
            140.085825,
            36.358773
          ],
          [
            140.08678,
            36.358212
          ],
          [
            140.087045,
            36.358067
          ],
          [
            140.089535,
            36.356678
          ],
          [
            140.090889,
            36.355966
          ],
          [
            140.092249,
            36.355297
          ],
          [
            140.093986,
            36.354516
          ],
          [
            140.095183,
            36.354018
          ],
          [
            140.096281,
            36.353592
          ],
          [
            140.09807,
            36.352952
          ],
          [
            140.098565,
            36.352782
          ],
          [
            140.099296,
            36.352532
          ],
          [
            140.100853,
            36.351928
          ],
          [
            140.101969,
            36.351453
          ],
          [
            140.102777,
            36.351073
          ],
          [
            140.103552,
            36.35069
          ],
          [
            140.104338,
            36.350274
          ],
          [
            140.106903,
            36.34883
          ],
          [
            140.107979,
            36.348207
          ],
          [
            140.109317,
            36.347402
          ],
          [
            140.111465,
            36.34621
          ],
          [
            140.112283,
            36.345803
          ],
          [
            140.11316,
            36.345398
          ],
          [
            140.114055,
            36.345015
          ],
          [
            140.114963,
            36.344672
          ],
          [
            140.11711,
            36.34394
          ],
          [
            140.118053,
            36.343655
          ],
          [
            140.119001,
            36.343406
          ],
          [
            140.119985,
            36.343171
          ],
          [
            140.12107,
            36.342954
          ],
          [
            140.122327,
            36.342732
          ],
          [
            140.123415,
            36.342569
          ],
          [
            140.124519,
            36.342429
          ],
          [
            140.125553,
            36.342333
          ],
          [
            140.127898,
            36.342164
          ],
          [
            140.129388,
            36.342097
          ],
          [
            140.133002,
            36.341993
          ],
          [
            140.134628,
            36.341995
          ],
          [
            140.136196,
            36.342017
          ],
          [
            140.137414,
            36.342069
          ],
          [
            140.138839,
            36.342153
          ],
          [
            140.139939,
            36.342255
          ],
          [
            140.14114,
            36.3424
          ],
          [
            140.142022,
            36.342528
          ],
          [
            140.142956,
            36.342696
          ],
          [
            140.143828,
            36.342865
          ],
          [
            140.144694,
            36.343054
          ],
          [
            140.146235,
            36.343439
          ],
          [
            140.148047,
            36.343979
          ],
          [
            140.148852,
            36.344249
          ],
          [
            140.149699,
            36.34456
          ],
          [
            140.151222,
            36.345176
          ],
          [
            140.152027,
            36.345536
          ],
          [
            140.154229,
            36.34656
          ],
          [
            140.154976,
            36.346879
          ],
          [
            140.155613,
            36.347134
          ],
          [
            140.156514,
            36.347451
          ],
          [
            140.157381,
            36.347709
          ],
          [
            140.158344,
            36.34795
          ],
          [
            140.158848,
            36.348056
          ],
          [
            140.160071,
            36.348257
          ],
          [
            140.16093,
            36.348345
          ],
          [
            140.1615,
            36.348384
          ],
          [
            140.162673,
            36.348427
          ],
          [
            140.16333,
            36.34842
          ],
          [
            140.164053,
            36.34839
          ],
          [
            140.164724,
            36.348336
          ],
          [
            140.165418,
            36.348264
          ],
          [
            140.165872,
            36.348196
          ],
          [
            140.166501,
            36.34809
          ],
          [
            140.167137,
            36.347962
          ],
          [
            140.167787,
            36.347808
          ],
          [
            140.168534,
            36.347611
          ],
          [
            140.169134,
            36.347435
          ],
          [
            140.170904,
            36.346874
          ],
          [
            140.172796,
            36.346268
          ],
          [
            140.177465,
            36.344768
          ],
          [
            140.178452,
            36.344479
          ],
          [
            140.179572,
            36.344175
          ],
          [
            140.180392,
            36.343972
          ],
          [
            140.181937,
            36.343623
          ],
          [
            140.18258,
            36.34349
          ],
          [
            140.183683,
            36.343291
          ],
          [
            140.184537,
            36.343147
          ],
          [
            140.186039,
            36.342927
          ],
          [
            140.187177,
            36.342791
          ],
          [
            140.188377,
            36.342675
          ],
          [
            140.189554,
            36.342587
          ],
          [
            140.190783,
            36.342523
          ],
          [
            140.192714,
            36.342471
          ],
          [
            140.194203,
            36.342475
          ],
          [
            140.195625,
            36.34253
          ],
          [
            140.196841,
            36.342602
          ],
          [
            140.198232,
            36.342714
          ],
          [
            140.199529,
            36.342853
          ],
          [
            140.202351,
            36.343212
          ],
          [
            140.203585,
            36.343318
          ],
          [
            140.204886,
            36.343396
          ],
          [
            140.205832,
            36.343417
          ],
          [
            140.206916,
            36.343427
          ],
          [
            140.208501,
            36.343385
          ],
          [
            140.209334,
            36.343337
          ],
          [
            140.210275,
            36.343263
          ],
          [
            140.211194,
            36.34317
          ],
          [
            140.21289,
            36.342943
          ],
          [
            140.214023,
            36.342751
          ],
          [
            140.215748,
            36.342397
          ],
          [
            140.22083,
            36.341203
          ],
          [
            140.222175,
            36.340902
          ],
          [
            140.223379,
            36.34067
          ],
          [
            140.224478,
            36.340478
          ],
          [
            140.225714,
            36.340297
          ],
          [
            140.227156,
            36.340129
          ],
          [
            140.228283,
            36.340025
          ],
          [
            140.229428,
            36.339954
          ],
          [
            140.230597,
            36.339909
          ],
          [
            140.231646,
            36.339904
          ],
          [
            140.233449,
            36.339953
          ],
          [
            140.235311,
            36.340102
          ],
          [
            140.236358,
            36.340216
          ],
          [
            140.238402,
            36.340492
          ],
          [
            140.239604,
            36.340698
          ],
          [
            140.24109,
            36.340991
          ],
          [
            140.243681,
            36.341583
          ],
          [
            140.244843,
            36.3419
          ],
          [
            140.247963,
            36.342856
          ],
          [
            140.248944,
            36.343129
          ],
          [
            140.249693,
            36.343303
          ],
          [
            140.250271,
            36.343422
          ],
          [
            140.251363,
            36.34359
          ],
          [
            140.251907,
            36.343659
          ],
          [
            140.252409,
            36.343703
          ],
          [
            140.253544,
            36.343763
          ],
          [
            140.254152,
            36.34377
          ],
          [
            140.255168,
            36.343757
          ],
          [
            140.255663,
            36.343736
          ],
          [
            140.256609,
            36.343668
          ],
          [
            140.257665,
            36.343551
          ],
          [
            140.25871,
            36.343405
          ],
          [
            140.25969,
            36.34322
          ],
          [
            140.260717,
            36.342988
          ],
          [
            140.261722,
            36.342716
          ],
          [
            140.262879,
            36.342359
          ],
          [
            140.265781,
            36.341323
          ],
          [
            140.266573,
            36.341083
          ],
          [
            140.267367,
            36.34087
          ],
          [
            140.268474,
            36.340642
          ],
          [
            140.26957,
            36.340478
          ],
          [
            140.271358,
            36.34029
          ],
          [
            140.272,
            36.34025
          ],
          [
            140.272465,
            36.340231
          ],
          [
            140.272796,
            36.340277
          ],
          [
            140.273093,
            36.340385
          ],
          [
            140.273359,
            36.340539
          ],
          [
            140.27447,
            36.341394
          ],
          [
            140.274904,
            36.341752
          ],
          [
            140.275054,
            36.341884
          ],
          [
            140.275247,
            36.34205
          ],
          [
            140.275891,
            36.342494
          ],
          [
            140.276234,
            36.34269
          ],
          [
            140.276426,
            36.342776
          ],
          [
            140.276843,
            36.342913
          ],
          [
            140.277075,
            36.342966
          ],
          [
            140.27733,
            36.343004
          ],
          [
            140.277584,
            36.343019
          ],
          [
            140.278053,
            36.343012
          ],
          [
            140.278344,
            36.343006
          ],
          [
            140.278776,
            36.342921
          ],
          [
            140.278918,
            36.342932
          ],
          [
            140.278949,
            36.342948
          ],
          [
            140.278997,
            36.342982
          ],
          [
            140.279069,
            36.343069
          ],
          [
            140.279401,
            36.343832
          ],
          [
            140.279541,
            36.344026
          ],
          [
            140.279581,
            36.344124
          ],
          [
            140.279887,
            36.344927
          ],
          [
            140.27998,
            36.345333
          ],
          [
            140.280035,
            36.345891
          ],
          [
            140.280006,
            36.346439
          ],
          [
            140.279967,
            36.346699
          ],
          [
            140.279026,
            36.350356
          ],
          [
            140.278828,
            36.351101
          ],
          [
            140.278721,
            36.351427
          ],
          [
            140.278679,
            36.351526
          ],
          [
            140.278503,
            36.351813
          ],
          [
            140.278376,
            36.351976
          ],
          [
            140.278217,
            36.352141
          ],
          [
            140.27795,
            36.352357
          ],
          [
            140.277552,
            36.352595
          ],
          [
            140.277079,
            36.352861
          ],
          [
            140.27672,
            36.353061
          ],
          [
            140.2764,
            36.353263
          ],
          [
            140.276233,
            36.353378
          ],
          [
            140.275868,
            36.353692
          ],
          [
            140.274603,
            36.354867
          ],
          [
            140.274238,
            36.355207
          ],
          [
            140.273872,
            36.355542
          ],
          [
            140.273684,
            36.355714
          ]
        ]
      },
      "properties": {
        "order": 6,
        "from": "グランテラス筑西",
        "to": "かさま",
        "title": "グランテラス筑西 → かさま",
        "distance_meters": 30411,
        "duration_seconds": 1525.9
      }
    },
    {
      "type": "Feature",
      "geometry": {
        "type": "LineString",
        "coordinates": [
          [
            140.273684,
            36.355714
          ],
          [
            140.273872,
            36.355542
          ],
          [
            140.274238,
            36.355207
          ],
          [
            140.274657,
            36.355502
          ],
          [
            140.275289,
            36.355948
          ],
          [
            140.275629,
            36.356192
          ],
          [
            140.275814,
            36.356301
          ],
          [
            140.276011,
            36.356398
          ],
          [
            140.276269,
            36.356498
          ],
          [
            140.276636,
            36.356601
          ],
          [
            140.276911,
            36.356641
          ],
          [
            140.27729,
            36.356665
          ],
          [
            140.277661,
            36.356646
          ],
          [
            140.277645,
            36.356736
          ],
          [
            140.277485,
            36.357223
          ],
          [
            140.277455,
            36.357489
          ],
          [
            140.277477,
            36.358469
          ],
          [
            140.277495,
            36.358606
          ],
          [
            140.277599,
            36.358964
          ],
          [
            140.277592,
            36.359116
          ],
          [
            140.277535,
            36.359267
          ],
          [
            140.277382,
            36.359564
          ],
          [
            140.277243,
            36.359784
          ],
          [
            140.277151,
            36.360083
          ],
          [
            140.27711,
            36.360313
          ],
          [
            140.277094,
            36.36056
          ],
          [
            140.27747,
            36.362577
          ],
          [
            140.277521,
            36.3628
          ],
          [
            140.277603,
            36.362983
          ],
          [
            140.277759,
            36.363206
          ],
          [
            140.279403,
            36.365149
          ],
          [
            140.2796,
            36.365402
          ],
          [
            140.279836,
            36.365805
          ],
          [
            140.279959,
            36.366074
          ],
          [
            140.280033,
            36.36629
          ],
          [
            140.280179,
            36.366871
          ],
          [
            140.280326,
            36.367551
          ],
          [
            140.280364,
            36.367886
          ],
          [
            140.280349,
            36.368036
          ],
          [
            140.280326,
            36.368352
          ],
          [
            140.28025,
            36.368881
          ],
          [
            140.280181,
            36.369292
          ],
          [
            140.280141,
            36.369437
          ],
          [
            140.279886,
            36.370254
          ],
          [
            140.279753,
            36.370576
          ],
          [
            140.27957,
            36.370836
          ],
          [
            140.279116,
            36.371358
          ],
          [
            140.279022,
            36.371503
          ],
          [
            140.27896,
            36.371641
          ],
          [
            140.278872,
            36.371965
          ],
          [
            140.278679,
            36.372871
          ],
          [
            140.278543,
            36.373241
          ],
          [
            140.278236,
            36.373922
          ],
          [
            140.278157,
            36.374139
          ],
          [
            140.278145,
            36.374355
          ],
          [
            140.27818,
            36.374516
          ],
          [
            140.278277,
            36.374728
          ],
          [
            140.278758,
            36.375311
          ],
          [
            140.278851,
            36.375482
          ],
          [
            140.278899,
            36.375634
          ],
          [
            140.278905,
            36.375864
          ],
          [
            140.278562,
            36.377127
          ],
          [
            140.278445,
            36.377524
          ],
          [
            140.278424,
            36.377671
          ],
          [
            140.278461,
            36.377989
          ],
          [
            140.278512,
            36.378109
          ],
          [
            140.278637,
            36.378275
          ],
          [
            140.281599,
            36.381776
          ],
          [
            140.283111,
            36.383538
          ],
          [
            140.2835,
            36.384139
          ],
          [
            140.283787,
            36.384651
          ],
          [
            140.284121,
            36.38532
          ],
          [
            140.284251,
            36.38564
          ],
          [
            140.284361,
            36.385947
          ],
          [
            140.284631,
            36.386893
          ],
          [
            140.284746,
            36.387307
          ],
          [
            140.284806,
            36.387625
          ],
          [
            140.284834,
            36.387961
          ],
          [
            140.284833,
            36.388556
          ],
          [
            140.284793,
            36.388977
          ],
          [
            140.284594,
            36.389842
          ],
          [
            140.284544,
            36.390154
          ],
          [
            140.284557,
            36.390721
          ],
          [
            140.284546,
            36.390839
          ],
          [
            140.284473,
            36.391159
          ],
          [
            140.284372,
            36.391515
          ],
          [
            140.283979,
            36.392883
          ],
          [
            140.283861,
            36.393519
          ],
          [
            140.283787,
            36.393712
          ],
          [
            140.283682,
            36.393893
          ],
          [
            140.283515,
            36.394076
          ],
          [
            140.283225,
            36.394298
          ],
          [
            140.283044,
            36.394412
          ],
          [
            140.282722,
            36.394547
          ],
          [
            140.282266,
            36.394701
          ],
          [
            140.281608,
            36.395033
          ],
          [
            140.280859,
            36.395467
          ],
          [
            140.280385,
            36.39573
          ],
          [
            140.279796,
            36.395984
          ],
          [
            140.27911,
            36.396439
          ],
          [
            140.278871,
            36.396532
          ],
          [
            140.277977,
            36.396792
          ],
          [
            140.277872,
            36.396825
          ],
          [
            140.277581,
            36.396916
          ],
          [
            140.277418,
            36.396988
          ],
          [
            140.277248,
            36.397102
          ],
          [
            140.27712,
            36.397237
          ],
          [
            140.27703,
            36.397366
          ],
          [
            140.276451,
            36.398391
          ],
          [
            140.276927,
            36.39853
          ],
          [
            140.277663,
            36.398693
          ],
          [
            140.278176,
            36.398781
          ],
          [
            140.278566,
            36.398881
          ],
          [
            140.278801,
            36.398971
          ],
          [
            140.279024,
            36.399081
          ],
          [
            140.279799,
            36.399609
          ],
          [
            140.280081,
            36.399823
          ],
          [
            140.280216,
            36.399972
          ],
          [
            140.280474,
            36.4003
          ],
          [
            140.280818,
            36.400685
          ],
          [
            140.281004,
            36.400865
          ],
          [
            140.281284,
            36.401079
          ],
          [
            140.281614,
            36.401291
          ],
          [
            140.28187,
            36.401412
          ],
          [
            140.282217,
            36.401553
          ],
          [
            140.282579,
            36.40166
          ],
          [
            140.284082,
            36.402051
          ],
          [
            140.284349,
            36.40214
          ],
          [
            140.28452,
            36.402222
          ],
          [
            140.28486,
            36.402413
          ],
          [
            140.285195,
            36.402648
          ],
          [
            140.285439,
            36.402854
          ],
          [
            140.286286,
            36.403574
          ],
          [
            140.286458,
            36.403729
          ],
          [
            140.286593,
            36.403877
          ],
          [
            140.287208,
            36.404704
          ],
          [
            140.287651,
            36.405466
          ],
          [
            140.287903,
            36.405928
          ],
          [
            140.288126,
            36.406293
          ],
          [
            140.288723,
            36.407344
          ],
          [
            140.289015,
            36.407641
          ],
          [
            140.289335,
            36.407908
          ],
          [
            140.290549,
            36.408632
          ],
          [
            140.291952,
            36.409441
          ],
          [
            140.29216,
            36.409568
          ],
          [
            140.292188,
            36.409584
          ],
          [
            140.293165,
            36.41013
          ],
          [
            140.294056,
            36.410552
          ],
          [
            140.294565,
            36.410772
          ],
          [
            140.296027,
            36.411435
          ],
          [
            140.298165,
            36.412393
          ],
          [
            140.299139,
            36.412886
          ],
          [
            140.299876,
            36.413417
          ],
          [
            140.300513,
            36.413851
          ],
          [
            140.300632,
            36.41391
          ],
          [
            140.300939,
            36.414076
          ],
          [
            140.301739,
            36.414406
          ],
          [
            140.302704,
            36.414709
          ],
          [
            140.302957,
            36.414788
          ],
          [
            140.305187,
            36.415527
          ],
          [
            140.306104,
            36.415836
          ],
          [
            140.306696,
            36.415959
          ],
          [
            140.30724,
            36.416033
          ],
          [
            140.30759,
            36.41608
          ],
          [
            140.309545,
            36.416115
          ],
          [
            140.309913,
            36.416147
          ],
          [
            140.310244,
            36.416235
          ],
          [
            140.310717,
            36.416397
          ],
          [
            140.311149,
            36.416607
          ],
          [
            140.312116,
            36.417124
          ],
          [
            140.312877,
            36.41753
          ],
          [
            140.313731,
            36.418059
          ],
          [
            140.313793,
            36.418112
          ],
          [
            140.314889,
            36.419028
          ],
          [
            140.315082,
            36.41919
          ],
          [
            140.315467,
            36.419488
          ],
          [
            140.317103,
            36.42116
          ],
          [
            140.317299,
            36.421361
          ],
          [
            140.317582,
            36.4217
          ],
          [
            140.317753,
            36.421967
          ],
          [
            140.317863,
            36.42225
          ],
          [
            140.317892,
            36.422448
          ],
          [
            140.3179,
            36.422682
          ],
          [
            140.317869,
            36.423041
          ],
          [
            140.317661,
            36.424349
          ],
          [
            140.317626,
            36.424566
          ],
          [
            140.317526,
            36.425311
          ],
          [
            140.317535,
            36.425595
          ],
          [
            140.317585,
            36.425807
          ],
          [
            140.317673,
            36.42605
          ],
          [
            140.317784,
            36.426244
          ],
          [
            140.317927,
            36.426421
          ],
          [
            140.318073,
            36.426577
          ],
          [
            140.318813,
            36.427234
          ],
          [
            140.318931,
            36.427378
          ],
          [
            140.319001,
            36.427542
          ],
          [
            140.319044,
            36.427894
          ],
          [
            140.319117,
            36.428892
          ],
          [
            140.319178,
            36.429143
          ],
          [
            140.319356,
            36.429556
          ],
          [
            140.320654,
            36.432206
          ],
          [
            140.320926,
            36.432675
          ],
          [
            140.321291,
            36.433222
          ],
          [
            140.322013,
            36.434136
          ],
          [
            140.322161,
            36.434266
          ],
          [
            140.32236,
            36.434385
          ],
          [
            140.322685,
            36.434507
          ],
          [
            140.324758,
            36.434902
          ],
          [
            140.325309,
            36.43505
          ],
          [
            140.325507,
            36.435128
          ],
          [
            140.325606,
            36.435191
          ],
          [
            140.325772,
            36.435358
          ],
          [
            140.325857,
            36.435556
          ],
          [
            140.325885,
            36.435778
          ],
          [
            140.325711,
            36.436762
          ],
          [
            140.325696,
            36.43696
          ],
          [
            140.325721,
            36.437217
          ],
          [
            140.325817,
            36.43757
          ],
          [
            140.325819,
            36.437789
          ],
          [
            140.325754,
            36.438012
          ],
          [
            140.325535,
            36.438418
          ],
          [
            140.325493,
            36.438525
          ],
          [
            140.325462,
            36.438727
          ],
          [
            140.325508,
            36.43975
          ],
          [
            140.325674,
            36.440851
          ],
          [
            140.325711,
            36.44098
          ],
          [
            140.325779,
            36.441126
          ],
          [
            140.326939,
            36.442595
          ],
          [
            140.32709,
            36.442879
          ],
          [
            140.327128,
            36.44316
          ],
          [
            140.326896,
            36.443763
          ],
          [
            140.326907,
            36.443988
          ],
          [
            140.32703,
            36.444229
          ],
          [
            140.327274,
            36.444417
          ],
          [
            140.328479,
            36.445004
          ],
          [
            140.329101,
            36.445413
          ],
          [
            140.329279,
            36.445582
          ],
          [
            140.329328,
            36.445632
          ],
          [
            140.329823,
            36.446121
          ],
          [
            140.330054,
            36.446307
          ],
          [
            140.330353,
            36.446465
          ],
          [
            140.331752,
            36.446874
          ],
          [
            140.332633,
            36.447127
          ],
          [
            140.332911,
            36.447163
          ],
          [
            140.333159,
            36.447206
          ],
          [
            140.334371,
            36.447241
          ],
          [
            140.335162,
            36.447264
          ],
          [
            140.336171,
            36.447294
          ],
          [
            140.336586,
            36.447358
          ],
          [
            140.337215,
            36.447531
          ],
          [
            140.337707,
            36.447765
          ],
          [
            140.338662,
            36.448352
          ],
          [
            140.339361,
            36.448799
          ],
          [
            140.339566,
            36.44901
          ],
          [
            140.339746,
            36.449314
          ],
          [
            140.339823,
            36.449567
          ],
          [
            140.33989,
            36.450321
          ],
          [
            140.339898,
            36.45041
          ],
          [
            140.339925,
            36.450672
          ],
          [
            140.339939,
            36.450813
          ],
          [
            140.339953,
            36.450919
          ],
          [
            140.339964,
            36.45121
          ],
          [
            140.339915,
            36.451479
          ],
          [
            140.339868,
            36.451588
          ],
          [
            140.339591,
            36.452031
          ],
          [
            140.339183,
            36.452683
          ],
          [
            140.338868,
            36.453238
          ],
          [
            140.338501,
            36.453926
          ],
          [
            140.338404,
            36.454164
          ],
          [
            140.338279,
            36.454499
          ],
          [
            140.338179,
            36.454904
          ],
          [
            140.33813,
            36.455434
          ],
          [
            140.338146,
            36.455861
          ],
          [
            140.338247,
            36.456369
          ],
          [
            140.33831,
            36.456587
          ],
          [
            140.338895,
            36.458217
          ],
          [
            140.339017,
            36.458562
          ],
          [
            140.339064,
            36.458637
          ],
          [
            140.339525,
            36.459019
          ],
          [
            140.339913,
            36.459305
          ],
          [
            140.340297,
            36.459466
          ],
          [
            140.340986,
            36.459693
          ],
          [
            140.341278,
            36.459833
          ],
          [
            140.342923,
            36.461033
          ],
          [
            140.343301,
            36.461263
          ],
          [
            140.343511,
            36.46135
          ],
          [
            140.344406,
            36.461647
          ],
          [
            140.344743,
            36.461775
          ],
          [
            140.345662,
            36.462186
          ],
          [
            140.34633,
            36.462525
          ],
          [
            140.346648,
            36.46273
          ],
          [
            140.34683,
            36.462878
          ],
          [
            140.347468,
            36.463468
          ],
          [
            140.348693,
            36.464648
          ],
          [
            140.348867,
            36.464838
          ],
          [
            140.349052,
            36.465087
          ],
          [
            140.349662,
            36.46605
          ],
          [
            140.349781,
            36.46619
          ],
          [
            140.350117,
            36.46646
          ],
          [
            140.350568,
            36.466732
          ],
          [
            140.352119,
            36.467639
          ],
          [
            140.352568,
            36.467907
          ],
          [
            140.35272,
            36.468014
          ],
          [
            140.353004,
            36.468244
          ],
          [
            140.353831,
            36.469044
          ],
          [
            140.354078,
            36.469259
          ],
          [
            140.354626,
            36.469692
          ],
          [
            140.355969,
            36.470609
          ],
          [
            140.356092,
            36.470691
          ],
          [
            140.356324,
            36.470851
          ],
          [
            140.357478,
            36.471641
          ],
          [
            140.357834,
            36.471904
          ],
          [
            140.358352,
            36.472325
          ],
          [
            140.35907,
            36.47303
          ],
          [
            140.359233,
            36.473239
          ],
          [
            140.359333,
            36.47341
          ],
          [
            140.359432,
            36.473632
          ],
          [
            140.359502,
            36.473937
          ],
          [
            140.359499,
            36.474613
          ],
          [
            140.359536,
            36.474876
          ],
          [
            140.359597,
            36.475008
          ],
          [
            140.359687,
            36.475133
          ],
          [
            140.359907,
            36.475312
          ],
          [
            140.360128,
            36.475453
          ],
          [
            140.36109,
            36.476002
          ],
          [
            140.362451,
            36.476793
          ],
          [
            140.362644,
            36.476909
          ],
          [
            140.363192,
            36.477257
          ],
          [
            140.363498,
            36.477475
          ],
          [
            140.363799,
            36.477676
          ],
          [
            140.364015,
            36.477797
          ],
          [
            140.36442,
            36.477955
          ],
          [
            140.364875,
            36.478084
          ],
          [
            140.365439,
            36.478233
          ],
          [
            140.365684,
            36.478364
          ],
          [
            140.365852,
            36.478478
          ],
          [
            140.366419,
            36.478911
          ],
          [
            140.36664,
            36.479108
          ],
          [
            140.367365,
            36.47989
          ],
          [
            140.368511,
            36.481098
          ],
          [
            140.368821,
            36.481377
          ],
          [
            140.368927,
            36.481467
          ],
          [
            140.369278,
            36.481694
          ],
          [
            140.370722,
            36.482451
          ],
          [
            140.370898,
            36.482545
          ],
          [
            140.370474,
            36.483246
          ],
          [
            140.370195,
            36.483716
          ],
          [
            140.370036,
            36.48395
          ],
          [
            140.369929,
            36.484096
          ],
          [
            140.369592,
            36.484384
          ],
          [
            140.369168,
            36.484708
          ],
          [
            140.368637,
            36.485018
          ],
          [
            140.367529,
            36.485508
          ],
          [
            140.366978,
            36.485728
          ],
          [
            140.366062,
            36.486186
          ],
          [
            140.365578,
            36.486377
          ],
          [
            140.364596,
            36.486693
          ],
          [
            140.364181,
            36.486865
          ],
          [
            140.363893,
            36.487017
          ],
          [
            140.363328,
            36.487398
          ],
          [
            140.362886,
            36.487757
          ],
          [
            140.362445,
            36.488177
          ],
          [
            140.362392,
            36.488227
          ],
          [
            140.36219,
            36.488655
          ],
          [
            140.362099,
            36.48889
          ],
          [
            140.362026,
            36.489203
          ],
          [
            140.362012,
            36.489526
          ],
          [
            140.362034,
            36.489873
          ],
          [
            140.362039,
            36.49013
          ],
          [
            140.36199,
            36.490249
          ],
          [
            140.362111,
            36.490273
          ],
          [
            140.362196,
            36.490465
          ],
          [
            140.362363,
            36.490952
          ],
          [
            140.362844,
            36.492418
          ],
          [
            140.362939,
            36.492616
          ],
          [
            140.363185,
            36.4929
          ],
          [
            140.363627,
            36.493286
          ],
          [
            140.363799,
            36.493467
          ],
          [
            140.363992,
            36.493712
          ],
          [
            140.364616,
            36.494812
          ],
          [
            140.364834,
            36.495125
          ],
          [
            140.365029,
            36.495396
          ],
          [
            140.366198,
            36.496726
          ],
          [
            140.366984,
            36.4976
          ],
          [
            140.367282,
            36.497916
          ],
          [
            140.367383,
            36.497999
          ],
          [
            140.367433,
            36.49811
          ],
          [
            140.367611,
            36.498307
          ],
          [
            140.368184,
            36.498893
          ],
          [
            140.368602,
            36.499371
          ],
          [
            140.36923,
            36.500122
          ],
          [
            140.369412,
            36.500375
          ],
          [
            140.36968,
            36.500847
          ],
          [
            140.369791,
            36.501138
          ],
          [
            140.36985,
            36.501355
          ],
          [
            140.369925,
            36.501759
          ],
          [
            140.369913,
            36.501976
          ],
          [
            140.369702,
            36.502827
          ],
          [
            140.369684,
            36.503037
          ],
          [
            140.369717,
            36.503257
          ],
          [
            140.369777,
            36.503495
          ],
          [
            140.369787,
            36.503553
          ],
          [
            140.369809,
            36.503684
          ],
          [
            140.369806,
            36.503824
          ],
          [
            140.369715,
            36.504058
          ],
          [
            140.369556,
            36.504332
          ],
          [
            140.369436,
            36.504567
          ],
          [
            140.368551,
            36.506085
          ],
          [
            140.367542,
            36.507828
          ],
          [
            140.366529,
            36.509575
          ],
          [
            140.365513,
            36.511302
          ],
          [
            140.364553,
            36.512969
          ],
          [
            140.364499,
            36.513028
          ],
          [
            140.364444,
            36.513074
          ],
          [
            140.364297,
            36.513138
          ],
          [
            140.364633,
            36.51381
          ],
          [
            140.36474,
            36.513923
          ],
          [
            140.364878,
            36.513998
          ],
          [
            140.365049,
            36.514058
          ],
          [
            140.365431,
            36.514133
          ],
          [
            140.366681,
            36.514338
          ],
          [
            140.366291,
            36.515058
          ],
          [
            140.365624,
            36.516264
          ],
          [
            140.365447,
            36.516547
          ],
          [
            140.365298,
            36.516756
          ],
          [
            140.364963,
            36.517132
          ],
          [
            140.364569,
            36.517494
          ],
          [
            140.36434,
            36.517697
          ],
          [
            140.363675,
            36.518263
          ],
          [
            140.362363,
            36.519386
          ],
          [
            140.36151,
            36.520131
          ],
          [
            140.36117,
            36.520424
          ],
          [
            140.360838,
            36.520712
          ],
          [
            140.360536,
            36.520966
          ],
          [
            140.360273,
            36.521181
          ],
          [
            140.359915,
            36.521435
          ],
          [
            140.359737,
            36.521562
          ],
          [
            140.359227,
            36.521935
          ],
          [
            140.358594,
            36.522318
          ],
          [
            140.357619,
            36.522845
          ],
          [
            140.35685,
            36.52323
          ],
          [
            140.356746,
            36.523293
          ],
          [
            140.356188,
            36.523549
          ],
          [
            140.355612,
            36.523818
          ],
          [
            140.354303,
            36.524441
          ],
          [
            140.353818,
            36.524667
          ],
          [
            140.353587,
            36.52479
          ],
          [
            140.353347,
            36.524935
          ],
          [
            140.353209,
            36.525058
          ],
          [
            140.353094,
            36.525192
          ],
          [
            140.352998,
            36.525351
          ],
          [
            140.352654,
            36.526157
          ],
          [
            140.352627,
            36.526235
          ],
          [
            140.352324,
            36.527063
          ],
          [
            140.352152,
            36.527472
          ],
          [
            140.351908,
            36.528156
          ],
          [
            140.351552,
            36.529415
          ],
          [
            140.351209,
            36.530628
          ],
          [
            140.351003,
            36.531233
          ],
          [
            140.350884,
            36.531535
          ],
          [
            140.350643,
            36.532025
          ],
          [
            140.350386,
            36.532473
          ],
          [
            140.350068,
            36.532928
          ],
          [
            140.349936,
            36.533085
          ],
          [
            140.349408,
            36.533715
          ],
          [
            140.348713,
            36.53442
          ],
          [
            140.34794,
            36.535032
          ],
          [
            140.347417,
            36.535391
          ],
          [
            140.346385,
            36.536135
          ],
          [
            140.34593,
            36.53645
          ],
          [
            140.345647,
            36.536649
          ],
          [
            140.344886,
            36.537112
          ],
          [
            140.343675,
            36.537738
          ],
          [
            140.343104,
            36.537992
          ],
          [
            140.341373,
            36.538851
          ],
          [
            140.339548,
            36.539758
          ],
          [
            140.338731,
            36.540174
          ],
          [
            140.337832,
            36.540605
          ],
          [
            140.337597,
            36.540735
          ],
          [
            140.337436,
            36.540847
          ],
          [
            140.337125,
            36.541135
          ],
          [
            140.33685,
            36.541487
          ],
          [
            140.336547,
            36.541997
          ],
          [
            140.336288,
            36.542484
          ],
          [
            140.335839,
            36.543318
          ],
          [
            140.335649,
            36.543557
          ],
          [
            140.33545,
            36.543709
          ],
          [
            140.335275,
            36.54379
          ],
          [
            140.334994,
            36.543871
          ],
          [
            140.333422,
            36.544252
          ],
          [
            140.333686,
            36.544657
          ],
          [
            140.333347,
            36.544788
          ],
          [
            140.333263,
            36.544786
          ],
          [
            140.333135,
            36.544757
          ]
        ]
      },
      "properties": {
        "order": 7,
        "from": "かさま",
        "to": "かつら",
        "title": "かさま → かつら",
        "distance_meters": 28858,
        "duration_seconds": 2089.1
      }
    },
    {
      "type": "Feature",
      "geometry": {
        "type": "LineString",
        "coordinates": [
          [
            140.333135,
            36.544757
          ],
          [
            140.333263,
            36.544786
          ],
          [
            140.333347,
            36.544788
          ],
          [
            140.333686,
            36.544657
          ],
          [
            140.333422,
            36.544252
          ],
          [
            140.332814,
            36.544409
          ],
          [
            140.332506,
            36.544507
          ],
          [
            140.332376,
            36.544601
          ],
          [
            140.332152,
            36.544813
          ],
          [
            140.331939,
            36.545072
          ],
          [
            140.331778,
            36.545319
          ],
          [
            140.331717,
            36.54546
          ],
          [
            140.33163,
            36.545749
          ],
          [
            140.33158,
            36.546072
          ],
          [
            140.331549,
            36.546641
          ],
          [
            140.331498,
            36.548487
          ],
          [
            140.33149,
            36.548706
          ],
          [
            140.332005,
            36.548698
          ],
          [
            140.333736,
            36.548666
          ],
          [
            140.33438,
            36.548716
          ],
          [
            140.334718,
            36.548786
          ],
          [
            140.334989,
            36.548849
          ],
          [
            140.335214,
            36.548928
          ],
          [
            140.335503,
            36.549058
          ],
          [
            140.335724,
            36.549182
          ],
          [
            140.336509,
            36.549673
          ],
          [
            140.337015,
            36.550006
          ],
          [
            140.337171,
            36.550087
          ],
          [
            140.337415,
            36.550192
          ],
          [
            140.337738,
            36.550276
          ],
          [
            140.337972,
            36.550297
          ],
          [
            140.338297,
            36.550291
          ],
          [
            140.338494,
            36.550262
          ],
          [
            140.338618,
            36.550229
          ],
          [
            140.338665,
            36.550219
          ],
          [
            140.339749,
            36.549884
          ],
          [
            140.339996,
            36.549806
          ],
          [
            140.340322,
            36.549645
          ],
          [
            140.340462,
            36.54956
          ],
          [
            140.340584,
            36.549456
          ],
          [
            140.340901,
            36.549103
          ],
          [
            140.341024,
            36.54895
          ],
          [
            140.341184,
            36.5488
          ],
          [
            140.341413,
            36.548639
          ],
          [
            140.341595,
            36.548553
          ],
          [
            140.341761,
            36.548494
          ],
          [
            140.342535,
            36.548274
          ],
          [
            140.342755,
            36.548168
          ],
          [
            140.343048,
            36.547836
          ],
          [
            140.343195,
            36.547574
          ],
          [
            140.343299,
            36.546937
          ],
          [
            140.343348,
            36.546772
          ],
          [
            140.343391,
            36.546676
          ],
          [
            140.343456,
            36.546588
          ],
          [
            140.343579,
            36.546486
          ],
          [
            140.343936,
            36.546337
          ],
          [
            140.344152,
            36.546271
          ],
          [
            140.344385,
            36.54621
          ],
          [
            140.344569,
            36.546184
          ],
          [
            140.344759,
            36.546162
          ],
          [
            140.345161,
            36.546151
          ],
          [
            140.34574,
            36.546201
          ],
          [
            140.346368,
            36.546245
          ],
          [
            140.349433,
            36.546515
          ],
          [
            140.350185,
            36.54657
          ],
          [
            140.350775,
            36.546613
          ],
          [
            140.352176,
            36.546642
          ],
          [
            140.354695,
            36.546683
          ],
          [
            140.355247,
            36.547184
          ],
          [
            140.355517,
            36.547476
          ],
          [
            140.355587,
            36.547523
          ],
          [
            140.355643,
            36.547531
          ],
          [
            140.355718,
            36.54752
          ],
          [
            140.355784,
            36.547719
          ],
          [
            140.355926,
            36.548006
          ],
          [
            140.356259,
            36.548464
          ],
          [
            140.356437,
            36.548752
          ],
          [
            140.356541,
            36.548955
          ],
          [
            140.356657,
            36.549265
          ],
          [
            140.35681,
            36.549769
          ],
          [
            140.356958,
            36.550051
          ],
          [
            140.35718,
            36.55031
          ],
          [
            140.357993,
            36.551097
          ],
          [
            140.358374,
            36.551577
          ],
          [
            140.359189,
            36.552687
          ],
          [
            140.359412,
            36.553083
          ],
          [
            140.359635,
            36.553621
          ],
          [
            140.359756,
            36.553853
          ],
          [
            140.359962,
            36.554152
          ],
          [
            140.360252,
            36.554522
          ],
          [
            140.360345,
            36.554611
          ],
          [
            140.361104,
            36.555472
          ],
          [
            140.361335,
            36.555806
          ],
          [
            140.361448,
            36.556011
          ],
          [
            140.361555,
            36.556261
          ],
          [
            140.361814,
            36.557367
          ],
          [
            140.361924,
            36.557555
          ],
          [
            140.362073,
            36.557719
          ],
          [
            140.362298,
            36.557865
          ],
          [
            140.362815,
            36.55806
          ],
          [
            140.36317,
            36.558271
          ],
          [
            140.36326,
            36.558353
          ],
          [
            140.363389,
            36.5585
          ],
          [
            140.363828,
            36.559168
          ],
          [
            140.363961,
            36.559422
          ],
          [
            140.364019,
            36.559604
          ],
          [
            140.364074,
            36.559915
          ],
          [
            140.364057,
            36.560233
          ],
          [
            140.363918,
            36.560982
          ],
          [
            140.363812,
            36.561727
          ],
          [
            140.363779,
            36.56308
          ],
          [
            140.363782,
            36.563871
          ],
          [
            140.363811,
            36.564026
          ],
          [
            140.363862,
            36.564175
          ],
          [
            140.363979,
            36.564372
          ],
          [
            140.364071,
            36.564482
          ],
          [
            140.364224,
            36.564608
          ],
          [
            140.365452,
            36.565279
          ],
          [
            140.365722,
            36.565388
          ],
          [
            140.366805,
            36.565733
          ],
          [
            140.368079,
            36.566468
          ],
          [
            140.368229,
            36.566602
          ],
          [
            140.368289,
            36.566685
          ],
          [
            140.368349,
            36.566803
          ],
          [
            140.368383,
            36.566915
          ],
          [
            140.368422,
            36.56738
          ],
          [
            140.368482,
            36.567553
          ],
          [
            140.368552,
            36.567704
          ],
          [
            140.368795,
            36.568049
          ],
          [
            140.368893,
            36.568298
          ],
          [
            140.368946,
            36.568557
          ],
          [
            140.368943,
            36.568716
          ],
          [
            140.368883,
            36.568963
          ],
          [
            140.368612,
            36.569729
          ],
          [
            140.36847,
            36.570426
          ],
          [
            140.368468,
            36.570509
          ],
          [
            140.368473,
            36.570723
          ],
          [
            140.368515,
            36.570901
          ],
          [
            140.368572,
            36.571018
          ],
          [
            140.368643,
            36.571107
          ],
          [
            140.368742,
            36.571198
          ],
          [
            140.368858,
            36.571258
          ],
          [
            140.369126,
            36.571351
          ],
          [
            140.369207,
            36.571398
          ],
          [
            140.369325,
            36.571524
          ],
          [
            140.369582,
            36.572039
          ],
          [
            140.369756,
            36.572316
          ],
          [
            140.369959,
            36.572576
          ],
          [
            140.370153,
            36.572742
          ],
          [
            140.370397,
            36.573002
          ],
          [
            140.370725,
            36.573355
          ],
          [
            140.370997,
            36.573685
          ],
          [
            140.372594,
            36.572872
          ],
          [
            140.373059,
            36.572629
          ],
          [
            140.373188,
            36.572548
          ],
          [
            140.373298,
            36.572463
          ],
          [
            140.37343,
            36.572327
          ],
          [
            140.373521,
            36.572254
          ],
          [
            140.373571,
            36.572235
          ],
          [
            140.374025,
            36.572168
          ],
          [
            140.374215,
            36.572093
          ],
          [
            140.376571,
            36.57101
          ],
          [
            140.378694,
            36.569964
          ],
          [
            140.379536,
            36.569608
          ],
          [
            140.37973,
            36.569564
          ],
          [
            140.380264,
            36.569524
          ],
          [
            140.380487,
            36.569489
          ],
          [
            140.381631,
            36.56922
          ],
          [
            140.382521,
            36.569018
          ],
          [
            140.382785,
            36.568922
          ],
          [
            140.382862,
            36.568845
          ],
          [
            140.384422,
            36.568715
          ],
          [
            140.38546,
            36.568646
          ],
          [
            140.38581,
            36.568589
          ],
          [
            140.386288,
            36.568487
          ],
          [
            140.386757,
            36.56833
          ],
          [
            140.387258,
            36.568107
          ],
          [
            140.387714,
            36.567861
          ],
          [
            140.388281,
            36.567449
          ],
          [
            140.388753,
            36.567073
          ],
          [
            140.389035,
            36.566882
          ],
          [
            140.389589,
            36.56656
          ],
          [
            140.389719,
            36.566819
          ],
          [
            140.390059,
            36.567586
          ],
          [
            140.390434,
            36.568371
          ],
          [
            140.390885,
            36.568991
          ],
          [
            140.391443,
            36.569646
          ],
          [
            140.391958,
            36.570154
          ],
          [
            140.392527,
            36.570757
          ],
          [
            140.39288,
            36.571208
          ],
          [
            140.393228,
            36.571534
          ],
          [
            140.3936,
            36.571956
          ],
          [
            140.394378,
            36.572687
          ],
          [
            140.395092,
            36.5734
          ],
          [
            140.395702,
            36.573971
          ],
          [
            140.396389,
            36.574687
          ],
          [
            140.396719,
            36.575065
          ],
          [
            140.396797,
            36.5751
          ],
          [
            140.397086,
            36.575307
          ],
          [
            140.39723,
            36.575383
          ],
          [
            140.397709,
            36.575629
          ],
          [
            140.398197,
            36.575827
          ],
          [
            140.398503,
            36.575921
          ],
          [
            140.398948,
            36.576031
          ],
          [
            140.400101,
            36.576401
          ],
          [
            140.400874,
            36.576608
          ],
          [
            140.401206,
            36.576667
          ],
          [
            140.401503,
            36.57668
          ],
          [
            140.402028,
            36.576469
          ],
          [
            140.40249,
            36.576168
          ],
          [
            140.403102,
            36.575834
          ],
          [
            140.403309,
            36.575687
          ],
          [
            140.40341,
            36.575583
          ],
          [
            140.4035,
            36.575402
          ],
          [
            140.403561,
            36.575203
          ],
          [
            140.403999,
            36.575112
          ],
          [
            140.40451,
            36.575078
          ],
          [
            140.404728,
            36.575109
          ],
          [
            140.405129,
            36.575212
          ],
          [
            140.405344,
            36.57525
          ],
          [
            140.405548,
            36.575266
          ],
          [
            140.405867,
            36.575205
          ],
          [
            140.405882,
            36.575263
          ],
          [
            140.406,
            36.575794
          ],
          [
            140.406435,
            36.577614
          ],
          [
            140.40649,
            36.577883
          ],
          [
            140.406586,
            36.578273
          ],
          [
            140.407195,
            36.580748
          ],
          [
            140.407704,
            36.582801
          ],
          [
            140.408015,
            36.584079
          ],
          [
            140.408228,
            36.584869
          ],
          [
            140.40843,
            36.585376
          ],
          [
            140.408678,
            36.585817
          ],
          [
            140.408818,
            36.586114
          ],
          [
            140.409374,
            36.586924
          ],
          [
            140.409569,
            36.58718
          ],
          [
            140.410209,
            36.587949
          ],
          [
            140.410459,
            36.588337
          ],
          [
            140.410681,
            36.588826
          ],
          [
            140.410861,
            36.589295
          ],
          [
            140.410998,
            36.589835
          ],
          [
            140.411323,
            36.591092
          ],
          [
            140.411535,
            36.59197
          ],
          [
            140.411575,
            36.592104
          ],
          [
            140.411699,
            36.592714
          ],
          [
            140.411778,
            36.593149
          ],
          [
            140.411792,
            36.593585
          ],
          [
            140.411746,
            36.593859
          ],
          [
            140.411682,
            36.59421
          ],
          [
            140.411623,
            36.594393
          ],
          [
            140.411505,
            36.594596
          ],
          [
            140.411354,
            36.59486
          ],
          [
            140.411161,
            36.595106
          ],
          [
            140.410794,
            36.595474
          ],
          [
            140.410619,
            36.595611
          ],
          [
            140.410209,
            36.595887
          ],
          [
            140.409493,
            36.59627
          ],
          [
            140.409582,
            36.596353
          ],
          [
            140.409682,
            36.596404
          ],
          [
            140.409778,
            36.596421
          ],
          [
            140.409892,
            36.596418
          ],
          [
            140.409996,
            36.596395
          ],
          [
            140.410118,
            36.596542
          ],
          [
            140.410113,
            36.596721
          ],
          [
            140.410035,
            36.596724
          ],
          [
            140.409806,
            36.596806
          ],
          [
            140.409677,
            36.596882
          ],
          [
            140.40959,
            36.596933
          ]
        ]
      },
      "properties": {
        "order": 8,
        "from": "かつら",
        "to": "常陸大宮",
        "title": "かつら → 常陸大宮",
        "distance_meters": 13222,
        "duration_seconds": 1038.7
      }
    },
    {
      "type": "Feature",
      "geometry": {
        "type": "LineString",
        "coordinates": [
          [
            140.40959,
            36.596933
          ],
          [
            140.409677,
            36.596882
          ],
          [
            140.409806,
            36.596806
          ],
          [
            140.410035,
            36.596724
          ],
          [
            140.410113,
            36.596721
          ],
          [
            140.410118,
            36.596542
          ],
          [
            140.409996,
            36.596395
          ],
          [
            140.409892,
            36.596418
          ],
          [
            140.409778,
            36.596421
          ],
          [
            140.409682,
            36.596404
          ],
          [
            140.409582,
            36.596353
          ],
          [
            140.409493,
            36.59627
          ],
          [
            140.408574,
            36.596816
          ],
          [
            140.408007,
            36.597135
          ],
          [
            140.407096,
            36.597637
          ],
          [
            140.406851,
            36.59782
          ],
          [
            140.406379,
            36.598203
          ],
          [
            140.405558,
            36.598809
          ],
          [
            140.404485,
            36.599684
          ],
          [
            140.403048,
            36.600799
          ],
          [
            140.40235,
            36.601312
          ],
          [
            140.40191,
            36.601691
          ],
          [
            140.401385,
            36.602194
          ],
          [
            140.400585,
            36.603114
          ],
          [
            140.400226,
            36.603576
          ],
          [
            140.399944,
            36.603995
          ],
          [
            140.399695,
            36.604402
          ],
          [
            140.399362,
            36.605007
          ],
          [
            140.398914,
            36.605984
          ],
          [
            140.398729,
            36.606473
          ],
          [
            140.398456,
            36.607362
          ],
          [
            140.398365,
            36.60772
          ],
          [
            140.398273,
            36.608172
          ],
          [
            140.398198,
            36.608843
          ],
          [
            140.398189,
            36.609073
          ],
          [
            140.398169,
            36.609657
          ],
          [
            140.398172,
            36.610395
          ],
          [
            140.398214,
            36.610888
          ],
          [
            140.398287,
            36.611401
          ],
          [
            140.398338,
            36.611703
          ],
          [
            140.398415,
            36.611996
          ],
          [
            140.398436,
            36.612055
          ],
          [
            140.398452,
            36.612166
          ],
          [
            140.398471,
            36.612206
          ],
          [
            140.39857,
            36.612621
          ],
          [
            140.397996,
            36.612543
          ],
          [
            140.397512,
            36.612505
          ],
          [
            140.397291,
            36.612478
          ],
          [
            140.397179,
            36.612457
          ],
          [
            140.396827,
            36.612416
          ],
          [
            140.396655,
            36.612375
          ],
          [
            140.396361,
            36.612368
          ],
          [
            140.395998,
            36.612378
          ],
          [
            140.394835,
            36.612495
          ],
          [
            140.394546,
            36.612503
          ],
          [
            140.39419,
            36.612516
          ],
          [
            140.39386,
            36.612468
          ],
          [
            140.392873,
            36.61213
          ],
          [
            140.392261,
            36.611911
          ],
          [
            140.391959,
            36.611706
          ],
          [
            140.391742,
            36.611485
          ],
          [
            140.39158,
            36.611239
          ],
          [
            140.391479,
            36.61097
          ],
          [
            140.391452,
            36.610854
          ],
          [
            140.39138,
            36.609983
          ],
          [
            140.391321,
            36.609728
          ],
          [
            140.391199,
            36.60947
          ],
          [
            140.39109,
            36.609315
          ],
          [
            140.390983,
            36.609187
          ],
          [
            140.390799,
            36.609037
          ],
          [
            140.390454,
            36.608848
          ],
          [
            140.390306,
            36.608773
          ],
          [
            140.390121,
            36.608725
          ],
          [
            140.389653,
            36.608639
          ],
          [
            140.388648,
            36.608544
          ],
          [
            140.388465,
            36.608508
          ],
          [
            140.388269,
            36.60846
          ],
          [
            140.387474,
            36.608121
          ],
          [
            140.387425,
            36.608074
          ],
          [
            140.387089,
            36.607915
          ],
          [
            140.386818,
            36.60774
          ],
          [
            140.386518,
            36.607449
          ],
          [
            140.386233,
            36.607228
          ],
          [
            140.386043,
            36.607101
          ],
          [
            140.385956,
            36.607044
          ],
          [
            140.38563,
            36.606885
          ],
          [
            140.385358,
            36.606772
          ],
          [
            140.384415,
            36.606416
          ],
          [
            140.384052,
            36.606242
          ],
          [
            140.383232,
            36.605858
          ],
          [
            140.383005,
            36.60572
          ],
          [
            140.382787,
            36.605571
          ],
          [
            140.382657,
            36.605443
          ],
          [
            140.382561,
            36.605312
          ],
          [
            140.382484,
            36.605164
          ],
          [
            140.382379,
            36.604795
          ],
          [
            140.382301,
            36.604388
          ],
          [
            140.382292,
            36.604228
          ],
          [
            140.382229,
            36.604137
          ],
          [
            140.382195,
            36.604042
          ],
          [
            140.382115,
            36.603901
          ],
          [
            140.382022,
            36.603773
          ],
          [
            140.381892,
            36.603644
          ],
          [
            140.381529,
            36.603356
          ],
          [
            140.38116,
            36.603084
          ],
          [
            140.380952,
            36.602949
          ],
          [
            140.380764,
            36.602855
          ],
          [
            140.380646,
            36.602814
          ],
          [
            140.380391,
            36.602759
          ],
          [
            140.380178,
            36.602737
          ],
          [
            140.379805,
            36.602737
          ],
          [
            140.37948,
            36.602747
          ],
          [
            140.379175,
            36.602776
          ],
          [
            140.378903,
            36.602845
          ],
          [
            140.378503,
            36.602991
          ],
          [
            140.378333,
            36.603017
          ],
          [
            140.378148,
            36.603018
          ],
          [
            140.376954,
            36.602809
          ],
          [
            140.376444,
            36.602673
          ],
          [
            140.376073,
            36.602516
          ],
          [
            140.375569,
            36.60221
          ],
          [
            140.375015,
            36.601916
          ],
          [
            140.374498,
            36.60154
          ],
          [
            140.374034,
            36.601322
          ],
          [
            140.373156,
            36.601026
          ],
          [
            140.37224,
            36.600696
          ],
          [
            140.372147,
            36.600664
          ],
          [
            140.371835,
            36.60057
          ],
          [
            140.3716,
            36.600526
          ],
          [
            140.371221,
            36.600515
          ],
          [
            140.370664,
            36.600589
          ],
          [
            140.370089,
            36.600677
          ],
          [
            140.368499,
            36.600919
          ],
          [
            140.368118,
            36.600891
          ],
          [
            140.367687,
            36.600746
          ],
          [
            140.366698,
            36.600281
          ],
          [
            140.366374,
            36.600174
          ],
          [
            140.366025,
            36.600102
          ],
          [
            140.364781,
            36.600009
          ],
          [
            140.364456,
            36.599968
          ],
          [
            140.362159,
            36.599487
          ],
          [
            140.361683,
            36.599465
          ],
          [
            140.361295,
            36.599543
          ],
          [
            140.361084,
            36.599633
          ],
          [
            140.360676,
            36.599907
          ],
          [
            140.360484,
            36.599967
          ],
          [
            140.360365,
            36.599965
          ],
          [
            140.360235,
            36.599924
          ],
          [
            140.360145,
            36.599866
          ],
          [
            140.359941,
            36.599717
          ],
          [
            140.359864,
            36.599639
          ],
          [
            140.359764,
            36.59946
          ],
          [
            140.359688,
            36.599209
          ],
          [
            140.359639,
            36.599124
          ],
          [
            140.359598,
            36.599086
          ],
          [
            140.359324,
            36.59894
          ],
          [
            140.359038,
            36.598698
          ],
          [
            140.358843,
            36.598581
          ],
          [
            140.358739,
            36.598558
          ],
          [
            140.358643,
            36.598564
          ],
          [
            140.358346,
            36.59865
          ],
          [
            140.358147,
            36.598688
          ],
          [
            140.357894,
            36.598671
          ],
          [
            140.357198,
            36.598501
          ],
          [
            140.357059,
            36.598453
          ],
          [
            140.35694,
            36.598405
          ],
          [
            140.35665,
            36.598249
          ],
          [
            140.356527,
            36.598157
          ],
          [
            140.356341,
            36.598005
          ],
          [
            140.355753,
            36.597342
          ],
          [
            140.355564,
            36.597228
          ],
          [
            140.355438,
            36.597177
          ],
          [
            140.355325,
            36.597149
          ],
          [
            140.354414,
            36.597017
          ],
          [
            140.354302,
            36.596977
          ],
          [
            140.354184,
            36.596916
          ],
          [
            140.353898,
            36.596682
          ],
          [
            140.353603,
            36.596767
          ],
          [
            140.35332,
            36.59679
          ],
          [
            140.352976,
            36.596761
          ],
          [
            140.352456,
            36.596684
          ],
          [
            140.352278,
            36.596681
          ],
          [
            140.352075,
            36.596701
          ],
          [
            140.351888,
            36.596748
          ],
          [
            140.35168,
            36.596813
          ],
          [
            140.351509,
            36.596898
          ],
          [
            140.351327,
            36.597017
          ],
          [
            140.350645,
            36.59757
          ],
          [
            140.35039,
            36.597825
          ],
          [
            140.35029,
            36.597962
          ],
          [
            140.350186,
            36.59815
          ],
          [
            140.34999,
            36.598557
          ],
          [
            140.349905,
            36.598677
          ],
          [
            140.349554,
            36.599063
          ],
          [
            140.349393,
            36.599192
          ],
          [
            140.349207,
            36.599313
          ],
          [
            140.348977,
            36.599422
          ],
          [
            140.348432,
            36.599629
          ],
          [
            140.34752,
            36.599909
          ],
          [
            140.347027,
            36.600036
          ],
          [
            140.345642,
            36.600345
          ],
          [
            140.344873,
            36.600553
          ],
          [
            140.344197,
            36.600699
          ],
          [
            140.343948,
            36.600733
          ],
          [
            140.343699,
            36.600738
          ],
          [
            140.342484,
            36.600692
          ],
          [
            140.340377,
            36.600622
          ],
          [
            140.340213,
            36.600634
          ],
          [
            140.340047,
            36.600664
          ],
          [
            140.338975,
            36.600975
          ],
          [
            140.338366,
            36.601129
          ],
          [
            140.337961,
            36.601266
          ],
          [
            140.337707,
            36.601391
          ],
          [
            140.337303,
            36.601733
          ],
          [
            140.33657,
            36.602567
          ],
          [
            140.336166,
            36.602963
          ],
          [
            140.335956,
            36.603152
          ],
          [
            140.335543,
            36.603411
          ],
          [
            140.335326,
            36.603504
          ],
          [
            140.334964,
            36.603584
          ],
          [
            140.334648,
            36.603625
          ],
          [
            140.334275,
            36.603629
          ],
          [
            140.33386,
            36.603603
          ],
          [
            140.333296,
            36.60349
          ],
          [
            140.332851,
            36.603427
          ],
          [
            140.332243,
            36.60339
          ],
          [
            140.330666,
            36.603257
          ],
          [
            140.330392,
            36.603264
          ],
          [
            140.329813,
            36.603366
          ],
          [
            140.329542,
            36.603432
          ],
          [
            140.329258,
            36.603432
          ],
          [
            140.327721,
            36.603306
          ],
          [
            140.327059,
            36.603209
          ],
          [
            140.326226,
            36.603044
          ],
          [
            140.325636,
            36.602932
          ],
          [
            140.324889,
            36.602745
          ],
          [
            140.324532,
            36.603239
          ],
          [
            140.324274,
            36.603542
          ],
          [
            140.32338,
            36.60431
          ],
          [
            140.322733,
            36.604901
          ],
          [
            140.322117,
            36.605526
          ],
          [
            140.321833,
            36.605837
          ],
          [
            140.32159,
            36.606101
          ],
          [
            140.321347,
            36.606348
          ],
          [
            140.321118,
            36.606542
          ],
          [
            140.32096,
            36.606644
          ],
          [
            140.320617,
            36.606808
          ],
          [
            140.320002,
            36.60702
          ],
          [
            140.319363,
            36.607253
          ],
          [
            140.31855,
            36.607569
          ],
          [
            140.318365,
            36.607732
          ],
          [
            140.318307,
            36.607811
          ],
          [
            140.318263,
            36.607913
          ],
          [
            140.318214,
            36.608081
          ],
          [
            140.318203,
            36.608599
          ],
          [
            140.318165,
            36.608801
          ],
          [
            140.318029,
            36.6092
          ],
          [
            140.317828,
            36.609888
          ],
          [
            140.317744,
            36.610056
          ],
          [
            140.317567,
            36.610302
          ],
          [
            140.317463,
            36.61041
          ],
          [
            140.317116,
            36.610703
          ],
          [
            140.316966,
            36.610822
          ],
          [
            140.316865,
            36.610909
          ],
          [
            140.316656,
            36.611141
          ],
          [
            140.316016,
            36.612002
          ],
          [
            140.31582,
            36.612346
          ],
          [
            140.315766,
            36.612479
          ],
          [
            140.315674,
            36.61276
          ],
          [
            140.315622,
            36.613023
          ],
          [
            140.315609,
            36.613441
          ],
          [
            140.315741,
            36.61608
          ],
          [
            140.315755,
            36.616816
          ],
          [
            140.315727,
            36.617342
          ],
          [
            140.315644,
            36.617874
          ],
          [
            140.315528,
            36.618302
          ],
          [
            140.315201,
            36.619111
          ],
          [
            140.314981,
            36.619629
          ],
          [
            140.314872,
            36.61983
          ],
          [
            140.314674,
            36.620106
          ],
          [
            140.31456,
            36.620224
          ],
          [
            140.314416,
            36.620333
          ],
          [
            140.3142,
            36.620458
          ],
          [
            140.313767,
            36.620601
          ],
          [
            140.313421,
            36.620673
          ],
          [
            140.31161,
            36.620997
          ],
          [
            140.310487,
            36.621213
          ],
          [
            140.310157,
            36.621264
          ],
          [
            140.309903,
            36.621296
          ],
          [
            140.3096,
            36.621304
          ],
          [
            140.308755,
            36.621195
          ],
          [
            140.308272,
            36.621163
          ],
          [
            140.307834,
            36.621156
          ],
          [
            140.307591,
            36.621159
          ],
          [
            140.307156,
            36.621173
          ],
          [
            140.306219,
            36.621204
          ],
          [
            140.305376,
            36.621226
          ],
          [
            140.305034,
            36.621233
          ],
          [
            140.304388,
            36.621253
          ],
          [
            140.30419,
            36.621259
          ],
          [
            140.303967,
            36.621266
          ],
          [
            140.303136,
            36.621276
          ],
          [
            140.302936,
            36.621276
          ],
          [
            140.301391,
            36.621239
          ],
          [
            140.300907,
            36.621211
          ],
          [
            140.300692,
            36.621212
          ],
          [
            140.300496,
            36.621235
          ],
          [
            140.300168,
            36.621304
          ],
          [
            140.299977,
            36.621368
          ],
          [
            140.29954,
            36.621535
          ],
          [
            140.299011,
            36.621747
          ],
          [
            140.298758,
            36.621865
          ],
          [
            140.298608,
            36.621989
          ],
          [
            140.298414,
            36.622228
          ],
          [
            140.298279,
            36.622509
          ],
          [
            140.298093,
            36.62296
          ],
          [
            140.297701,
            36.62389
          ],
          [
            140.297504,
            36.624246
          ],
          [
            140.296849,
            36.625062
          ],
          [
            140.296324,
            36.6256
          ],
          [
            140.296147,
            36.625829
          ],
          [
            140.295589,
            36.626592
          ],
          [
            140.294873,
            36.627707
          ],
          [
            140.294502,
            36.628362
          ],
          [
            140.294395,
            36.628641
          ],
          [
            140.294277,
            36.629098
          ],
          [
            140.294256,
            36.629289
          ],
          [
            140.29432,
            36.630437
          ],
          [
            140.29432,
            36.630721
          ],
          [
            140.294301,
            36.631007
          ],
          [
            140.294202,
            36.631487
          ],
          [
            140.293365,
            36.634528
          ],
          [
            140.293185,
            36.635032
          ],
          [
            140.292979,
            36.635482
          ],
          [
            140.292882,
            36.635654
          ],
          [
            140.29262,
            36.636074
          ],
          [
            140.29229,
            36.636553
          ],
          [
            140.291964,
            36.637018
          ],
          [
            140.29167,
            36.637434
          ],
          [
            140.2913,
            36.638011
          ],
          [
            140.290887,
            36.638747
          ],
          [
            140.290621,
            36.639354
          ],
          [
            140.289575,
            36.641911
          ],
          [
            140.288891,
            36.643394
          ],
          [
            140.288663,
            36.643957
          ],
          [
            140.288615,
            36.644151
          ],
          [
            140.288577,
            36.644446
          ],
          [
            140.288545,
            36.645503
          ],
          [
            140.288505,
            36.646045
          ],
          [
            140.288344,
            36.64719
          ],
          [
            140.287996,
            36.649337
          ],
          [
            140.287703,
            36.651274
          ],
          [
            140.287261,
            36.653967
          ],
          [
            140.287105,
            36.654715
          ],
          [
            140.286936,
            36.655349
          ],
          [
            140.286818,
            36.655749
          ],
          [
            140.286688,
            36.656187
          ],
          [
            140.28653,
            36.656711
          ],
          [
            140.286413,
            36.657095
          ],
          [
            140.285974,
            36.656996
          ],
          [
            140.284557,
            36.656683
          ],
          [
            140.284415,
            36.656652
          ],
          [
            140.282891,
            36.65632
          ],
          [
            140.281621,
            36.656036
          ],
          [
            140.281297,
            36.655935
          ],
          [
            140.280945,
            36.655798
          ],
          [
            140.280263,
            36.655476
          ],
          [
            140.280197,
            36.655566
          ],
          [
            140.280152,
            36.65559
          ],
          [
            140.280047,
            36.65558
          ]
        ]
      },
      "properties": {
        "order": 9,
        "from": "常陸大宮",
        "to": "みわ",
        "title": "常陸大宮 → みわ",
        "distance_meters": 18553,
        "duration_seconds": 1275.0
      }
    },
    {
      "type": "Feature",
      "geometry": {
        "type": "LineString",
        "coordinates": [
          [
            140.280047,
            36.65558
          ],
          [
            140.280152,
            36.65559
          ],
          [
            140.280197,
            36.655566
          ],
          [
            140.280263,
            36.655476
          ],
          [
            140.280945,
            36.655798
          ],
          [
            140.281297,
            36.655935
          ],
          [
            140.281621,
            36.656036
          ],
          [
            140.282891,
            36.65632
          ],
          [
            140.284415,
            36.656652
          ],
          [
            140.284557,
            36.656683
          ],
          [
            140.285974,
            36.656996
          ],
          [
            140.286413,
            36.657095
          ],
          [
            140.287044,
            36.657247
          ],
          [
            140.287198,
            36.657295
          ],
          [
            140.287429,
            36.657413
          ],
          [
            140.287633,
            36.657536
          ],
          [
            140.288157,
            36.657877
          ],
          [
            140.288322,
            36.657975
          ],
          [
            140.288743,
            36.658177
          ],
          [
            140.290041,
            36.658588
          ],
          [
            140.291812,
            36.659149
          ],
          [
            140.292158,
            36.659306
          ],
          [
            140.292413,
            36.659485
          ],
          [
            140.292895,
            36.660021
          ],
          [
            140.29311,
            36.66024
          ],
          [
            140.293684,
            36.660689
          ],
          [
            140.294015,
            36.660918
          ],
          [
            140.294163,
            36.660979
          ],
          [
            140.295077,
            36.661208
          ],
          [
            140.295133,
            36.661222
          ],
          [
            140.295368,
            36.661281
          ],
          [
            140.295576,
            36.66133
          ],
          [
            140.29577,
            36.661413
          ],
          [
            140.295947,
            36.66151
          ],
          [
            140.296155,
            36.661649
          ],
          [
            140.29647,
            36.661928
          ],
          [
            140.296647,
            36.662056
          ],
          [
            140.297014,
            36.662272
          ],
          [
            140.297256,
            36.662388
          ],
          [
            140.297567,
            36.66251
          ],
          [
            140.298434,
            36.662799
          ],
          [
            140.299103,
            36.663015
          ],
          [
            140.299253,
            36.663065
          ],
          [
            140.299618,
            36.663188
          ],
          [
            140.299932,
            36.663274
          ],
          [
            140.300054,
            36.663288
          ],
          [
            140.301349,
            36.663294
          ],
          [
            140.301769,
            36.663286
          ],
          [
            140.301953,
            36.663263
          ],
          [
            140.302174,
            36.663173
          ],
          [
            140.30223,
            36.663312
          ],
          [
            140.302257,
            36.663454
          ],
          [
            140.302257,
            36.663589
          ],
          [
            140.302217,
            36.664986
          ],
          [
            140.302192,
            36.665113
          ],
          [
            140.302119,
            36.665275
          ],
          [
            140.302042,
            36.665373
          ],
          [
            140.301975,
            36.665512
          ],
          [
            140.301935,
            36.665735
          ],
          [
            140.301913,
            36.666014
          ],
          [
            140.301951,
            36.666275
          ],
          [
            140.30204,
            36.666545
          ],
          [
            140.302164,
            36.66683
          ],
          [
            140.30236,
            36.667472
          ],
          [
            140.302409,
            36.667832
          ],
          [
            140.30244,
            36.668078
          ],
          [
            140.302442,
            36.668128
          ],
          [
            140.302411,
            36.668243
          ],
          [
            140.302344,
            36.668333
          ],
          [
            140.301484,
            36.668978
          ],
          [
            140.300323,
            36.669887
          ],
          [
            140.300232,
            36.669967
          ],
          [
            140.300111,
            36.670108
          ],
          [
            140.29982,
            36.670574
          ],
          [
            140.299605,
            36.670843
          ],
          [
            140.29946,
            36.67099
          ],
          [
            140.299412,
            36.671094
          ],
          [
            140.299408,
            36.671227
          ],
          [
            140.29953,
            36.671828
          ],
          [
            140.299582,
            36.671991
          ],
          [
            140.29966,
            36.672161
          ],
          [
            140.299945,
            36.672664
          ],
          [
            140.300629,
            36.673442
          ],
          [
            140.300708,
            36.673563
          ],
          [
            140.300766,
            36.673744
          ],
          [
            140.300841,
            36.674264
          ],
          [
            140.300977,
            36.67517
          ],
          [
            140.301022,
            36.675352
          ],
          [
            140.301109,
            36.675584
          ],
          [
            140.301473,
            36.676327
          ],
          [
            140.301569,
            36.676586
          ],
          [
            140.301606,
            36.676736
          ],
          [
            140.301637,
            36.677002
          ],
          [
            140.301636,
            36.677167
          ],
          [
            140.301627,
            36.677293
          ],
          [
            140.301543,
            36.677999
          ],
          [
            140.301542,
            36.678009
          ],
          [
            140.301539,
            36.678154
          ],
          [
            140.301582,
            36.678297
          ],
          [
            140.30165,
            36.678394
          ],
          [
            140.302379,
            36.679047
          ],
          [
            140.302483,
            36.679186
          ],
          [
            140.302531,
            36.67928
          ],
          [
            140.30258,
            36.679467
          ],
          [
            140.302588,
            36.679633
          ],
          [
            140.302573,
            36.679763
          ],
          [
            140.302427,
            36.680362
          ],
          [
            140.302421,
            36.680595
          ],
          [
            140.302457,
            36.680826
          ],
          [
            140.302695,
            36.681432
          ],
          [
            140.302939,
            36.681987
          ],
          [
            140.30345,
            36.682825
          ],
          [
            140.303491,
            36.682882
          ],
          [
            140.303603,
            36.683054
          ],
          [
            140.303981,
            36.683636
          ],
          [
            140.304069,
            36.683828
          ],
          [
            140.304123,
            36.684076
          ],
          [
            140.304121,
            36.684227
          ],
          [
            140.304069,
            36.684525
          ],
          [
            140.30408,
            36.684767
          ],
          [
            140.304156,
            36.684996
          ],
          [
            140.304358,
            36.685398
          ],
          [
            140.304417,
            36.685663
          ],
          [
            140.304444,
            36.686231
          ],
          [
            140.304506,
            36.686485
          ],
          [
            140.304578,
            36.686661
          ],
          [
            140.304777,
            36.68699
          ],
          [
            140.305282,
            36.687571
          ],
          [
            140.30536,
            36.687682
          ],
          [
            140.305443,
            36.687882
          ],
          [
            140.305465,
            36.688061
          ],
          [
            140.305487,
            36.689146
          ],
          [
            140.305464,
            36.689313
          ],
          [
            140.305157,
            36.690258
          ],
          [
            140.304943,
            36.690875
          ],
          [
            140.304917,
            36.691009
          ],
          [
            140.304865,
            36.692876
          ],
          [
            140.304787,
            36.695589
          ],
          [
            140.304755,
            36.695801
          ],
          [
            140.304418,
            36.697025
          ],
          [
            140.304375,
            36.697377
          ],
          [
            140.304394,
            36.697749
          ],
          [
            140.304595,
            36.699001
          ],
          [
            140.304608,
            36.699091
          ],
          [
            140.304621,
            36.699204
          ],
          [
            140.304804,
            36.700356
          ],
          [
            140.304882,
            36.700647
          ],
          [
            140.30502,
            36.70092
          ],
          [
            140.305474,
            36.701549
          ],
          [
            140.306141,
            36.702339
          ],
          [
            140.306976,
            36.703181
          ],
          [
            140.307557,
            36.703819
          ],
          [
            140.307703,
            36.704101
          ],
          [
            140.30807,
            36.705251
          ],
          [
            140.308126,
            36.705466
          ],
          [
            140.30817,
            36.705761
          ],
          [
            140.308147,
            36.706787
          ],
          [
            140.308084,
            36.706999
          ],
          [
            140.307971,
            36.707169
          ],
          [
            140.30771,
            36.707455
          ],
          [
            140.307297,
            36.707809
          ],
          [
            140.306961,
            36.70807
          ],
          [
            140.306822,
            36.708204
          ],
          [
            140.306409,
            36.708891
          ],
          [
            140.306193,
            36.709182
          ],
          [
            140.30594,
            36.709713
          ],
          [
            140.305618,
            36.710174
          ],
          [
            140.305564,
            36.710287
          ],
          [
            140.305555,
            36.710438
          ],
          [
            140.30562,
            36.710656
          ],
          [
            140.30579,
            36.711419
          ],
          [
            140.305838,
            36.711898
          ],
          [
            140.30584,
            36.712299
          ],
          [
            140.305581,
            36.713156
          ],
          [
            140.305546,
            36.713235
          ],
          [
            140.30537,
            36.713493
          ],
          [
            140.304957,
            36.714179
          ],
          [
            140.304702,
            36.714533
          ],
          [
            140.304497,
            36.714902
          ],
          [
            140.304415,
            36.715117
          ],
          [
            140.304317,
            36.715304
          ],
          [
            140.303776,
            36.715955
          ],
          [
            140.303651,
            36.716181
          ],
          [
            140.303347,
            36.716604
          ],
          [
            140.303231,
            36.717019
          ],
          [
            140.303136,
            36.717232
          ],
          [
            140.303128,
            36.717602
          ],
          [
            140.303107,
            36.717679
          ],
          [
            140.302825,
            36.717945
          ],
          [
            140.302696,
            36.718129
          ],
          [
            140.302626,
            36.718253
          ],
          [
            140.302612,
            36.718444
          ],
          [
            140.302604,
            36.718535
          ],
          [
            140.302582,
            36.718583
          ],
          [
            140.302509,
            36.718672
          ],
          [
            140.302402,
            36.718762
          ],
          [
            140.302355,
            36.718848
          ],
          [
            140.302411,
            36.719256
          ],
          [
            140.302404,
            36.719373
          ],
          [
            140.302257,
            36.719919
          ],
          [
            140.302214,
            36.720187
          ],
          [
            140.302203,
            36.720387
          ],
          [
            140.302203,
            36.720558
          ],
          [
            140.302261,
            36.72108
          ],
          [
            140.302241,
            36.721166
          ],
          [
            140.3021,
            36.721476
          ],
          [
            140.302084,
            36.721656
          ],
          [
            140.301949,
            36.72234
          ],
          [
            140.301937,
            36.722485
          ],
          [
            140.301874,
            36.722747
          ],
          [
            140.301837,
            36.722841
          ],
          [
            140.301645,
            36.723181
          ],
          [
            140.301576,
            36.723402
          ],
          [
            140.301538,
            36.724192
          ],
          [
            140.301314,
            36.72489
          ],
          [
            140.301292,
            36.72501
          ],
          [
            140.301295,
            36.725159
          ],
          [
            140.301346,
            36.725331
          ],
          [
            140.301413,
            36.725452
          ],
          [
            140.301517,
            36.725582
          ],
          [
            140.302085,
            36.726002
          ],
          [
            140.30229,
            36.726202
          ],
          [
            140.302573,
            36.726587
          ],
          [
            140.302779,
            36.72693
          ],
          [
            140.302863,
            36.727162
          ],
          [
            140.302957,
            36.727569
          ],
          [
            140.303033,
            36.727832
          ],
          [
            140.303073,
            36.727898
          ],
          [
            140.303194,
            36.728022
          ],
          [
            140.303332,
            36.728094
          ],
          [
            140.303621,
            36.728167
          ],
          [
            140.303792,
            36.728247
          ],
          [
            140.303926,
            36.728379
          ],
          [
            140.304034,
            36.728543
          ],
          [
            140.304185,
            36.728837
          ],
          [
            140.304292,
            36.728934
          ],
          [
            140.304471,
            36.729024
          ],
          [
            140.304751,
            36.729102
          ],
          [
            140.304826,
            36.729133
          ],
          [
            140.304879,
            36.729179
          ],
          [
            140.304916,
            36.729277
          ],
          [
            140.304882,
            36.729524
          ],
          [
            140.304887,
            36.729628
          ],
          [
            140.304968,
            36.729719
          ],
          [
            140.305057,
            36.729783
          ],
          [
            140.30522,
            36.729915
          ],
          [
            140.305269,
            36.729979
          ],
          [
            140.305313,
            36.730307
          ],
          [
            140.305404,
            36.730416
          ],
          [
            140.305503,
            36.730505
          ],
          [
            140.305847,
            36.730822
          ],
          [
            140.306153,
            36.731224
          ],
          [
            140.306261,
            36.731416
          ],
          [
            140.306299,
            36.731693
          ],
          [
            140.306228,
            36.732098
          ],
          [
            140.306231,
            36.732175
          ],
          [
            140.306275,
            36.732277
          ],
          [
            140.306401,
            36.732364
          ],
          [
            140.3065,
            36.732401
          ],
          [
            140.306864,
            36.732469
          ],
          [
            140.307411,
            36.732624
          ],
          [
            140.307793,
            36.732671
          ],
          [
            140.307923,
            36.73271
          ],
          [
            140.307985,
            36.732744
          ],
          [
            140.308023,
            36.732792
          ],
          [
            140.308119,
            36.732998
          ],
          [
            140.308174,
            36.733076
          ],
          [
            140.308244,
            36.733135
          ],
          [
            140.308314,
            36.733177
          ],
          [
            140.308415,
            36.733204
          ],
          [
            140.308747,
            36.733236
          ],
          [
            140.308859,
            36.733295
          ],
          [
            140.308945,
            36.733405
          ],
          [
            140.309026,
            36.733871
          ],
          [
            140.309092,
            36.734062
          ],
          [
            140.309491,
            36.734859
          ],
          [
            140.309617,
            36.73497
          ],
          [
            140.309885,
            36.7351
          ],
          [
            140.310224,
            36.73521
          ],
          [
            140.310387,
            36.73522
          ],
          [
            140.311411,
            36.735082
          ],
          [
            140.312314,
            36.734968
          ],
          [
            140.312392,
            36.734973
          ],
          [
            140.312471,
            36.735
          ],
          [
            140.312548,
            36.735046
          ],
          [
            140.312625,
            36.735135
          ],
          [
            140.312751,
            36.735514
          ],
          [
            140.31282,
            36.73563
          ],
          [
            140.312936,
            36.735731
          ],
          [
            140.313024,
            36.735785
          ],
          [
            140.313331,
            36.735883
          ],
          [
            140.313428,
            36.735905
          ],
          [
            140.313784,
            36.735978
          ],
          [
            140.314035,
            36.736033
          ],
          [
            140.314352,
            36.736068
          ],
          [
            140.314568,
            36.736081
          ],
          [
            140.314706,
            36.736115
          ],
          [
            140.314844,
            36.736158
          ],
          [
            140.315835,
            36.736573
          ],
          [
            140.315962,
            36.736658
          ],
          [
            140.316337,
            36.736972
          ],
          [
            140.316464,
            36.73704
          ],
          [
            140.31701,
            36.737255
          ],
          [
            140.317317,
            36.737352
          ],
          [
            140.317576,
            36.737477
          ],
          [
            140.317825,
            36.737564
          ],
          [
            140.317932,
            36.737575
          ],
          [
            140.318212,
            36.737563
          ],
          [
            140.318528,
            36.737559
          ],
          [
            140.318736,
            36.737611
          ],
          [
            140.318936,
            36.737682
          ],
          [
            140.319189,
            36.737804
          ],
          [
            140.319279,
            36.737841
          ],
          [
            140.319365,
            36.737855
          ],
          [
            140.319716,
            36.737893
          ],
          [
            140.320134,
            36.737877
          ],
          [
            140.320479,
            36.737818
          ],
          [
            140.32132,
            36.737494
          ],
          [
            140.321308,
            36.737647
          ],
          [
            140.321208,
            36.73857
          ],
          [
            140.321173,
            36.738717
          ],
          [
            140.321104,
            36.738895
          ],
          [
            140.321026,
            36.739026
          ],
          [
            140.319449,
            36.741162
          ],
          [
            140.319353,
            36.741349
          ],
          [
            140.319308,
            36.741496
          ],
          [
            140.319288,
            36.741642
          ],
          [
            140.319238,
            36.742224
          ],
          [
            140.319078,
            36.743242
          ],
          [
            140.319066,
            36.743532
          ],
          [
            140.319269,
            36.745453
          ],
          [
            140.319334,
            36.745769
          ],
          [
            140.319415,
            36.746012
          ],
          [
            140.319545,
            36.746274
          ],
          [
            140.319835,
            36.746777
          ],
          [
            140.319999,
            36.747097
          ],
          [
            140.32005,
            36.747303
          ],
          [
            140.320033,
            36.747704
          ],
          [
            140.320049,
            36.747903
          ],
          [
            140.32013,
            36.748052
          ],
          [
            140.320204,
            36.748129
          ],
          [
            140.320425,
            36.748291
          ],
          [
            140.320489,
            36.748314
          ],
          [
            140.320597,
            36.748305
          ],
          [
            140.320688,
            36.748246
          ],
          [
            140.320732,
            36.74816
          ],
          [
            140.320649,
            36.747754
          ],
          [
            140.320682,
            36.747522
          ],
          [
            140.3207,
            36.747065
          ],
          [
            140.320668,
            36.74594
          ],
          [
            140.320668,
            36.745276
          ],
          [
            140.320702,
            36.744872
          ],
          [
            140.320741,
            36.744797
          ],
          [
            140.320791,
            36.744748
          ],
          [
            140.321132,
            36.744549
          ],
          [
            140.321188,
            36.744495
          ],
          [
            140.32123,
            36.744453
          ],
          [
            140.321253,
            36.744383
          ],
          [
            140.321273,
            36.744201
          ],
          [
            140.321274,
            36.743883
          ],
          [
            140.321302,
            36.743727
          ],
          [
            140.321382,
            36.743587
          ],
          [
            140.321482,
            36.743464
          ],
          [
            140.321744,
            36.743222
          ],
          [
            140.322899,
            36.742016
          ],
          [
            140.32302,
            36.741918
          ],
          [
            140.323164,
            36.741833
          ],
          [
            140.323253,
            36.74181
          ],
          [
            140.323412,
            36.741797
          ],
          [
            140.323618,
            36.741839
          ],
          [
            140.323696,
            36.741874
          ],
          [
            140.323865,
            36.742018
          ],
          [
            140.323943,
            36.742141
          ],
          [
            140.323996,
            36.742292
          ],
          [
            140.323985,
            36.742448
          ],
          [
            140.323906,
            36.742584
          ],
          [
            140.323797,
            36.742688
          ],
          [
            140.32288,
            36.743172
          ],
          [
            140.322764,
            36.743247
          ],
          [
            140.322582,
            36.743396
          ],
          [
            140.322469,
            36.743559
          ],
          [
            140.322405,
            36.743715
          ],
          [
            140.322373,
            36.743883
          ],
          [
            140.322367,
            36.744008
          ],
          [
            140.322402,
            36.74435
          ],
          [
            140.322184,
            36.744823
          ],
          [
            140.321876,
            36.745319
          ],
          [
            140.321813,
            36.745477
          ],
          [
            140.321778,
            36.745651
          ],
          [
            140.321778,
            36.745944
          ],
          [
            140.32182,
            36.746074
          ],
          [
            140.321911,
            36.74622
          ],
          [
            140.322274,
            36.746564
          ],
          [
            140.322351,
            36.746671
          ],
          [
            140.322373,
            36.746851
          ],
          [
            140.322324,
            36.746987
          ],
          [
            140.322142,
            36.747341
          ],
          [
            140.322149,
            36.747515
          ],
          [
            140.32226,
            36.747707
          ],
          [
            140.322393,
            36.747842
          ],
          [
            140.322708,
            36.74808
          ],
          [
            140.322974,
            36.74822
          ],
          [
            140.323991,
            36.748663
          ],
          [
            140.324219,
            36.74876
          ],
          [
            140.324967,
            36.749127
          ],
          [
            140.325414,
            36.749301
          ],
          [
            140.325603,
            36.749335
          ],
          [
            140.326212,
            36.749352
          ],
          [
            140.326373,
            36.749403
          ],
          [
            140.326604,
            36.749521
          ],
          [
            140.326834,
            36.749718
          ],
          [
            140.326956,
            36.749868
          ],
          [
            140.327493,
            36.750636
          ],
          [
            140.327672,
            36.75093
          ],
          [
            140.327736,
            36.751071
          ],
          [
            140.327759,
            36.751215
          ],
          [
            140.327802,
            36.751619
          ],
          [
            140.327881,
            36.751785
          ],
          [
            140.328032,
            36.751977
          ],
          [
            140.328207,
            36.752156
          ],
          [
            140.328858,
            36.752745
          ],
          [
            140.330532,
            36.754364
          ],
          [
            140.331294,
            36.755068
          ],
          [
            140.331532,
            36.755222
          ],
          [
            140.33228,
            36.755625
          ],
          [
            140.332558,
            36.75581
          ],
          [
            140.332789,
            36.756028
          ],
          [
            140.333226,
            36.756642
          ],
          [
            140.33356,
            36.757026
          ],
          [
            140.333719,
            36.75732
          ],
          [
            140.333998,
            36.75821
          ],
          [
            140.334077,
            36.758376
          ],
          [
            140.334196,
            36.758504
          ],
          [
            140.334355,
            36.7586
          ],
          [
            140.334514,
            36.758664
          ],
          [
            140.335397,
            36.758843
          ],
          [
            140.335723,
            36.758939
          ],
          [
            140.33589,
            36.759061
          ],
          [
            140.336192,
            36.759444
          ],
          [
            140.336383,
            36.759777
          ],
          [
            140.336399,
            36.760083
          ],
          [
            140.336335,
            36.761139
          ],
          [
            140.336391,
            36.761255
          ],
          [
            140.336517,
            36.761434
          ],
          [
            140.336692,
            36.761562
          ],
          [
            140.336994,
            36.76169
          ],
          [
            140.337432,
            36.761772
          ],
          [
            140.338084,
            36.761862
          ],
          [
            140.338402,
            36.761984
          ],
          [
            140.338649,
            36.762157
          ],
          [
            140.33892,
            36.76238
          ],
          [
            140.339683,
            36.76332
          ],
          [
            140.339826,
            36.763602
          ],
          [
            140.339914,
            36.763827
          ],
          [
            140.339882,
            36.765138
          ],
          [
            140.339571,
            36.766086
          ],
          [
            140.339102,
            36.766751
          ],
          [
            140.338919,
            36.766917
          ],
          [
            140.338738,
            36.767021
          ],
          [
            140.338499,
            36.767049
          ],
          [
            140.338191,
            36.767055
          ],
          [
            140.337679,
            36.76693
          ],
          [
            140.337472,
            36.766802
          ],
          [
            140.336741,
            36.766156
          ],
          [
            140.336534,
            36.766072
          ],
          [
            140.336248,
            36.766034
          ],
          [
            140.336016,
            36.766111
          ],
          [
            140.335785,
            36.766271
          ],
          [
            140.335683,
            36.76652
          ],
          [
            140.335674,
            36.766776
          ],
          [
            140.335761,
            36.766955
          ],
          [
            140.335936,
            36.767185
          ],
          [
            140.337078,
            36.768373
          ],
          [
            140.337224,
            36.768486
          ],
          [
            140.3374,
            36.768564
          ],
          [
            140.337701,
            36.76866
          ],
          [
            140.337897,
            36.768689
          ],
          [
            140.338268,
            36.768689
          ],
          [
            140.338493,
            36.768643
          ],
          [
            140.339046,
            36.768474
          ],
          [
            140.339375,
            36.768407
          ],
          [
            140.339781,
            36.768345
          ],
          [
            140.340012,
            36.768339
          ],
          [
            140.340124,
            36.768351
          ],
          [
            140.340467,
            36.768458
          ],
          [
            140.3406,
            36.768542
          ],
          [
            140.340705,
            36.76866
          ],
          [
            140.340901,
            36.768965
          ],
          [
            140.341496,
            36.770051
          ],
          [
            140.341503,
            36.77035
          ],
          [
            140.34144,
            36.770518
          ],
          [
            140.341391,
            36.770569
          ],
          [
            140.341293,
            36.770631
          ],
          [
            140.341188,
            36.770676
          ],
          [
            140.341006,
            36.770699
          ],
          [
            140.340852,
            36.770676
          ],
          [
            140.34074,
            36.770631
          ],
          [
            140.340614,
            36.770541
          ],
          [
            140.340488,
            36.770395
          ],
          [
            140.339984,
            36.769673
          ],
          [
            140.339746,
            36.769595
          ],
          [
            140.339514,
            36.769595
          ],
          [
            140.339283,
            36.769645
          ],
          [
            140.339007,
            36.769793
          ],
          [
            140.338872,
            36.769985
          ],
          [
            140.338832,
            36.770247
          ],
          [
            140.338912,
            36.77049
          ],
          [
            140.339711,
            36.77181
          ],
          [
            140.339746,
            36.771945
          ],
          [
            140.339753,
            36.772187
          ],
          [
            140.339689,
            36.772334
          ],
          [
            140.339676,
            36.772812
          ],
          [
            140.339711,
            36.773117
          ],
          [
            140.340117,
            36.774074
          ],
          [
            140.34018,
            36.7743
          ],
          [
            140.340186,
            36.774638
          ],
          [
            140.34013,
            36.774925
          ],
          [
            140.340074,
            36.775078
          ],
          [
            140.339976,
            36.775258
          ],
          [
            140.339524,
            36.775902
          ],
          [
            140.339413,
            36.77603
          ],
          [
            140.339389,
            36.776158
          ],
          [
            140.339405,
            36.776836
          ],
          [
            140.339339,
            36.77701
          ],
          [
            140.339327,
            36.777222
          ],
          [
            140.338929,
            36.777807
          ],
          [
            140.338752,
            36.778066
          ],
          [
            140.339054,
            36.778195
          ],
          [
            140.339432,
            36.778325
          ],
          [
            140.341518,
            36.778885
          ],
          [
            140.341778,
            36.77891
          ],
          [
            140.34192,
            36.778887
          ],
          [
            140.342065,
            36.778835
          ],
          [
            140.342239,
            36.77873
          ],
          [
            140.342577,
            36.778459
          ],
          [
            140.342971,
            36.77818
          ],
          [
            140.343099,
            36.778108
          ],
          [
            140.343255,
            36.77805
          ],
          [
            140.343432,
            36.778007
          ],
          [
            140.343897,
            36.777938
          ],
          [
            140.34455,
            36.777938
          ],
          [
            140.344992,
            36.77794
          ],
          [
            140.345178,
            36.777906
          ],
          [
            140.345324,
            36.77785
          ],
          [
            140.345555,
            36.777691
          ],
          [
            140.345774,
            36.777455
          ],
          [
            140.346052,
            36.77707
          ],
          [
            140.346463,
            36.776413
          ],
          [
            140.346627,
            36.776107
          ],
          [
            140.346749,
            36.775956
          ],
          [
            140.346915,
            36.775861
          ],
          [
            140.347068,
            36.775815
          ],
          [
            140.347379,
            36.775813
          ],
          [
            140.347578,
            36.775778
          ],
          [
            140.347716,
            36.775698
          ],
          [
            140.347896,
            36.775559
          ],
          [
            140.348388,
            36.775146
          ],
          [
            140.35003,
            36.773748
          ],
          [
            140.350158,
            36.773619
          ],
          [
            140.35033,
            36.773346
          ],
          [
            140.350824,
            36.772282
          ],
          [
            140.350892,
            36.772187
          ],
          [
            140.351213,
            36.77192
          ],
          [
            140.351267,
            36.77179
          ],
          [
            140.351253,
            36.771435
          ],
          [
            140.351292,
            36.7712
          ],
          [
            140.351398,
            36.770977
          ],
          [
            140.351652,
            36.770443
          ],
          [
            140.351915,
            36.769846
          ],
          [
            140.352022,
            36.769657
          ],
          [
            140.352231,
            36.76939
          ],
          [
            140.352478,
            36.769176
          ],
          [
            140.352791,
            36.768978
          ],
          [
            140.353158,
            36.768825
          ],
          [
            140.353404,
            36.768761
          ],
          [
            140.354027,
            36.768652
          ],
          [
            140.354084,
            36.768643
          ],
          [
            140.355076,
            36.768475
          ],
          [
            140.355315,
            36.768441
          ],
          [
            140.355663,
            36.768396
          ],
          [
            140.35597,
            36.768376
          ],
          [
            140.356447,
            36.768403
          ],
          [
            140.356565,
            36.768423
          ],
          [
            140.35718,
            36.768533
          ],
          [
            140.358221,
            36.768719
          ],
          [
            140.35849,
            36.76876
          ],
          [
            140.358768,
            36.768807
          ],
          [
            140.358839,
            36.768797
          ],
          [
            140.358871,
            36.768771
          ],
          [
            140.358883,
            36.768689
          ],
          [
            140.358752,
            36.768607
          ],
          [
            140.358737,
            36.768566
          ],
          [
            140.358759,
            36.768491
          ],
          [
            140.358961,
            36.768543
          ]
        ]
      },
      "properties": {
        "order": 10,
        "from": "みわ",
        "to": "奥久慈だいご",
        "title": "みわ → 奥久慈だいご",
        "distance_meters": 22994,
        "duration_seconds": 1740.1
      }
    },
    {
      "type": "Feature",
      "geometry": {
        "type": "LineString",
        "coordinates": [
          [
            140.358961,
            36.768543
          ],
          [
            140.358759,
            36.768491
          ],
          [
            140.358816,
            36.768346
          ],
          [
            140.358884,
            36.768194
          ],
          [
            140.358952,
            36.768041
          ],
          [
            140.359003,
            36.767929
          ],
          [
            140.358853,
            36.767877
          ],
          [
            140.358984,
            36.767541
          ],
          [
            140.359081,
            36.767178
          ],
          [
            140.359126,
            36.766914
          ],
          [
            140.359164,
            36.76647
          ],
          [
            140.360196,
            36.76648
          ],
          [
            140.361079,
            36.766568
          ],
          [
            140.361198,
            36.766568
          ],
          [
            140.361328,
            36.76655
          ],
          [
            140.361466,
            36.766504
          ],
          [
            140.361583,
            36.766448
          ],
          [
            140.36177,
            36.766324
          ],
          [
            140.362257,
            36.766187
          ],
          [
            140.362511,
            36.766139
          ],
          [
            140.362786,
            36.766119
          ],
          [
            140.363243,
            36.766136
          ],
          [
            140.36345,
            36.766169
          ],
          [
            140.363979,
            36.766298
          ],
          [
            140.364117,
            36.766317
          ],
          [
            140.364291,
            36.766327
          ],
          [
            140.364421,
            36.766314
          ],
          [
            140.364569,
            36.766275
          ],
          [
            140.36472,
            36.766226
          ],
          [
            140.365335,
            36.76596
          ],
          [
            140.365659,
            36.765872
          ],
          [
            140.367089,
            36.765528
          ],
          [
            140.36746,
            36.765499
          ],
          [
            140.368028,
            36.765438
          ],
          [
            140.368508,
            36.765358
          ],
          [
            140.368816,
            36.765229
          ],
          [
            140.369118,
            36.765043
          ],
          [
            140.369278,
            36.764926
          ],
          [
            140.369593,
            36.76461
          ],
          [
            140.369814,
            36.764261
          ],
          [
            140.370537,
            36.763147
          ],
          [
            140.370675,
            36.763225
          ],
          [
            140.371492,
            36.76361
          ],
          [
            140.371738,
            36.763703
          ],
          [
            140.371991,
            36.763771
          ],
          [
            140.372388,
            36.763852
          ],
          [
            140.373113,
            36.764116
          ],
          [
            140.373882,
            36.764212
          ],
          [
            140.37413,
            36.764222
          ],
          [
            140.374822,
            36.764205
          ],
          [
            140.375241,
            36.76417
          ],
          [
            140.375477,
            36.764119
          ],
          [
            140.375745,
            36.764024
          ],
          [
            140.376024,
            36.763904
          ],
          [
            140.376367,
            36.763654
          ],
          [
            140.377204,
            36.762606
          ],
          [
            140.377328,
            36.762486
          ],
          [
            140.377591,
            36.762266
          ],
          [
            140.377758,
            36.76217
          ],
          [
            140.378241,
            36.76196
          ],
          [
            140.378349,
            36.761924
          ],
          [
            140.378612,
            36.761846
          ],
          [
            140.378712,
            36.76182
          ],
          [
            140.3789,
            36.761773
          ],
          [
            140.38002,
            36.761452
          ],
          [
            140.380906,
            36.761185
          ],
          [
            140.381179,
            36.761072
          ],
          [
            140.381418,
            36.760928
          ],
          [
            140.381592,
            36.760715
          ],
          [
            140.381649,
            36.760594
          ],
          [
            140.381684,
            36.760456
          ],
          [
            140.381697,
            36.760303
          ],
          [
            140.38158,
            36.759439
          ],
          [
            140.381565,
            36.759216
          ],
          [
            140.381577,
            36.759123
          ],
          [
            140.381674,
            36.75893
          ],
          [
            140.381959,
            36.758556
          ],
          [
            140.382191,
            36.758646
          ],
          [
            140.382302,
            36.758636
          ],
          [
            140.382719,
            36.758454
          ],
          [
            140.382837,
            36.758423
          ],
          [
            140.383076,
            36.758406
          ],
          [
            140.383249,
            36.758414
          ],
          [
            140.383758,
            36.758437
          ],
          [
            140.384461,
            36.75847
          ],
          [
            140.384921,
            36.758495
          ],
          [
            140.385537,
            36.758496
          ],
          [
            140.38588,
            36.758484
          ],
          [
            140.386594,
            36.75844
          ],
          [
            140.387006,
            36.758414
          ],
          [
            140.387166,
            36.758429
          ],
          [
            140.387326,
            36.758483
          ],
          [
            140.387691,
            36.758659
          ],
          [
            140.388737,
            36.759165
          ],
          [
            140.388931,
            36.75923
          ],
          [
            140.389154,
            36.75928
          ],
          [
            140.389883,
            36.75931
          ],
          [
            140.390247,
            36.759299
          ],
          [
            140.390443,
            36.75926
          ],
          [
            140.390567,
            36.759201
          ],
          [
            140.390709,
            36.759071
          ],
          [
            140.390769,
            36.758992
          ],
          [
            140.390817,
            36.758835
          ],
          [
            140.390765,
            36.75838
          ],
          [
            140.390662,
            36.758117
          ],
          [
            140.390568,
            36.75798
          ],
          [
            140.390291,
            36.757747
          ],
          [
            140.390039,
            36.757572
          ],
          [
            140.389877,
            36.75735
          ],
          [
            140.389821,
            36.757268
          ],
          [
            140.389766,
            36.757123
          ],
          [
            140.389744,
            36.756994
          ],
          [
            140.389808,
            36.756429
          ],
          [
            140.390055,
            36.755195
          ],
          [
            140.390109,
            36.754964
          ],
          [
            140.390188,
            36.754758
          ],
          [
            140.390277,
            36.7546
          ],
          [
            140.390768,
            36.754055
          ],
          [
            140.390877,
            36.753894
          ],
          [
            140.391365,
            36.752963
          ],
          [
            140.391467,
            36.752837
          ],
          [
            140.391761,
            36.752629
          ],
          [
            140.392295,
            36.75238
          ],
          [
            140.392482,
            36.752235
          ],
          [
            140.392601,
            36.752105
          ],
          [
            140.392753,
            36.751878
          ],
          [
            140.39309,
            36.751259
          ],
          [
            140.393165,
            36.751213
          ],
          [
            140.393443,
            36.750957
          ],
          [
            140.393693,
            36.750804
          ],
          [
            140.393993,
            36.750675
          ],
          [
            140.394433,
            36.750538
          ],
          [
            140.395228,
            36.750479
          ],
          [
            140.395551,
            36.750415
          ],
          [
            140.395727,
            36.750355
          ],
          [
            140.395909,
            36.750267
          ],
          [
            140.396298,
            36.750008
          ],
          [
            140.396738,
            36.749761
          ],
          [
            140.397284,
            36.749591
          ],
          [
            140.397545,
            36.749571
          ],
          [
            140.397738,
            36.749575
          ],
          [
            140.398067,
            36.749649
          ],
          [
            140.39826,
            36.749717
          ],
          [
            140.398537,
            36.749845
          ],
          [
            140.398754,
            36.749983
          ],
          [
            140.399085,
            36.750292
          ],
          [
            140.399514,
            36.751008
          ],
          [
            140.399695,
            36.75117
          ],
          [
            140.400103,
            36.75145
          ],
          [
            140.400697,
            36.751817
          ],
          [
            140.400965,
            36.752066
          ],
          [
            140.401139,
            36.752309
          ],
          [
            140.40133,
            36.75273
          ],
          [
            140.401436,
            36.752899
          ],
          [
            140.401536,
            36.752983
          ],
          [
            140.401872,
            36.753179
          ],
          [
            140.4023,
            36.753324
          ],
          [
            140.402544,
            36.753398
          ],
          [
            140.402897,
            36.753563
          ],
          [
            140.403213,
            36.753741
          ],
          [
            140.403591,
            36.754002
          ],
          [
            140.403905,
            36.754245
          ],
          [
            140.404141,
            36.754434
          ],
          [
            140.404438,
            36.754704
          ],
          [
            140.404804,
            36.754989
          ],
          [
            140.408489,
            36.758112
          ],
          [
            140.408767,
            36.758332
          ],
          [
            140.409286,
            36.758788
          ],
          [
            140.409504,
            36.759051
          ],
          [
            140.410018,
            36.759819
          ],
          [
            140.410371,
            36.760278
          ],
          [
            140.410566,
            36.760553
          ],
          [
            140.41078,
            36.760865
          ],
          [
            140.411419,
            36.761637
          ],
          [
            140.411516,
            36.761788
          ],
          [
            140.411577,
            36.761921
          ],
          [
            140.411635,
            36.762219
          ],
          [
            140.411632,
            36.762373
          ],
          [
            140.411554,
            36.762742
          ],
          [
            140.411542,
            36.762911
          ],
          [
            140.411561,
            36.763049
          ],
          [
            140.411607,
            36.763175
          ],
          [
            140.411733,
            36.763401
          ],
          [
            140.411821,
            36.763475
          ],
          [
            140.41199,
            36.763555
          ],
          [
            140.412141,
            36.7636
          ],
          [
            140.412346,
            36.763648
          ],
          [
            140.413248,
            36.763791
          ],
          [
            140.414304,
            36.763947
          ],
          [
            140.414853,
            36.764042
          ],
          [
            140.416659,
            36.764352
          ],
          [
            140.417807,
            36.764548
          ],
          [
            140.419118,
            36.764692
          ],
          [
            140.419547,
            36.764765
          ],
          [
            140.420012,
            36.76492
          ],
          [
            140.420422,
            36.765114
          ],
          [
            140.420998,
            36.76549
          ],
          [
            140.421211,
            36.765686
          ],
          [
            140.421359,
            36.765851
          ],
          [
            140.421611,
            36.766299
          ],
          [
            140.421756,
            36.76667
          ],
          [
            140.422091,
            36.767724
          ],
          [
            140.422214,
            36.767986
          ],
          [
            140.422544,
            36.768511
          ],
          [
            140.422813,
            36.768819
          ],
          [
            140.423315,
            36.769348
          ],
          [
            140.423703,
            36.769679
          ],
          [
            140.424218,
            36.770071
          ],
          [
            140.424593,
            36.770294
          ],
          [
            140.424819,
            36.770403
          ],
          [
            140.425746,
            36.770745
          ],
          [
            140.426868,
            36.771139
          ],
          [
            140.42878,
            36.771756
          ],
          [
            140.428906,
            36.771458
          ],
          [
            140.428928,
            36.771367
          ],
          [
            140.428933,
            36.771166
          ],
          [
            140.42888,
            36.770689
          ],
          [
            140.428907,
            36.7705
          ],
          [
            140.428975,
            36.770326
          ],
          [
            140.429141,
            36.770101
          ],
          [
            140.429275,
            36.769965
          ],
          [
            140.429998,
            36.769217
          ],
          [
            140.430246,
            36.768991
          ],
          [
            140.430691,
            36.768664
          ],
          [
            140.431008,
            36.768442
          ],
          [
            140.431375,
            36.768148
          ],
          [
            140.431889,
            36.767666
          ],
          [
            140.432283,
            36.767212
          ],
          [
            140.432686,
            36.766603
          ],
          [
            140.432884,
            36.766199
          ],
          [
            140.433099,
            36.765606
          ],
          [
            140.433575,
            36.763508
          ],
          [
            140.433728,
            36.763129
          ],
          [
            140.434235,
            36.762513
          ],
          [
            140.435116,
            36.761607
          ],
          [
            140.435245,
            36.761295
          ],
          [
            140.43528,
            36.761029
          ],
          [
            140.435272,
            36.760849
          ],
          [
            140.435188,
            36.760398
          ],
          [
            140.435195,
            36.760235
          ],
          [
            140.43523,
            36.760128
          ],
          [
            140.435363,
            36.759942
          ],
          [
            140.436379,
            36.759193
          ],
          [
            140.436651,
            36.758945
          ],
          [
            140.436995,
            36.75859
          ],
          [
            140.43719,
            36.758353
          ],
          [
            140.437324,
            36.758128
          ],
          [
            140.437538,
            36.757644
          ],
          [
            140.437669,
            36.757407
          ],
          [
            140.438252,
            36.756619
          ],
          [
            140.438435,
            36.756326
          ],
          [
            140.438552,
            36.756051
          ],
          [
            140.438711,
            36.755434
          ],
          [
            140.438869,
            36.755118
          ],
          [
            140.439713,
            36.754018
          ],
          [
            140.439839,
            36.753856
          ],
          [
            140.440016,
            36.753628
          ],
          [
            140.440105,
            36.753513
          ],
          [
            140.440212,
            36.753377
          ],
          [
            140.441193,
            36.752098
          ],
          [
            140.441358,
            36.751917
          ],
          [
            140.441536,
            36.751737
          ],
          [
            140.441661,
            36.751645
          ],
          [
            140.44179,
            36.751574
          ],
          [
            140.441961,
            36.751496
          ],
          [
            140.442331,
            36.751391
          ],
          [
            140.442548,
            36.75134
          ],
          [
            140.443238,
            36.751251
          ],
          [
            140.443587,
            36.75124
          ],
          [
            140.444826,
            36.751294
          ],
          [
            140.445144,
            36.751289
          ],
          [
            140.446712,
            36.751137
          ],
          [
            140.447174,
            36.75105
          ],
          [
            140.448418,
            36.750715
          ],
          [
            140.448787,
            36.750548
          ],
          [
            140.449152,
            36.750316
          ],
          [
            140.449451,
            36.750178
          ],
          [
            140.449589,
            36.750125
          ],
          [
            140.450664,
            36.749817
          ],
          [
            140.451048,
            36.74967
          ],
          [
            140.452046,
            36.749066
          ],
          [
            140.452234,
            36.748881
          ],
          [
            140.452292,
            36.7488
          ],
          [
            140.453388,
            36.746681
          ],
          [
            140.453473,
            36.746448
          ],
          [
            140.453487,
            36.746265
          ],
          [
            140.453436,
            36.746035
          ],
          [
            140.453334,
            36.745788
          ],
          [
            140.453279,
            36.745604
          ],
          [
            140.453269,
            36.745478
          ],
          [
            140.453305,
            36.744867
          ],
          [
            140.453312,
            36.744735
          ],
          [
            140.453357,
            36.744444
          ],
          [
            140.453446,
            36.744249
          ],
          [
            140.454071,
            36.743304
          ],
          [
            140.454215,
            36.743023
          ],
          [
            140.454319,
            36.742769
          ],
          [
            140.454454,
            36.742581
          ],
          [
            140.454563,
            36.74247
          ],
          [
            140.455031,
            36.742128
          ],
          [
            140.455235,
            36.741925
          ],
          [
            140.455282,
            36.74185
          ],
          [
            140.455352,
            36.741667
          ],
          [
            140.455367,
            36.741597
          ],
          [
            140.455375,
            36.740862
          ],
          [
            140.455391,
            36.740746
          ],
          [
            140.455465,
            36.740528
          ],
          [
            140.455569,
            36.740331
          ],
          [
            140.455722,
            36.740128
          ],
          [
            140.456051,
            36.739809
          ],
          [
            140.456083,
            36.739779
          ],
          [
            140.45619,
            36.739677
          ],
          [
            140.456907,
            36.739009
          ],
          [
            140.457118,
            36.738793
          ],
          [
            140.457324,
            36.738518
          ],
          [
            140.457401,
            36.73839
          ],
          [
            140.457588,
            36.737962
          ],
          [
            140.457689,
            36.737554
          ],
          [
            140.457714,
            36.737159
          ],
          [
            140.457698,
            36.736932
          ],
          [
            140.457603,
            36.736563
          ],
          [
            140.457454,
            36.736209
          ],
          [
            140.457188,
            36.73574
          ],
          [
            140.457125,
            36.735493
          ],
          [
            140.45712,
            36.73524
          ],
          [
            140.457165,
            36.735009
          ],
          [
            140.45724,
            36.734809
          ],
          [
            140.457287,
            36.734721
          ],
          [
            140.457719,
            36.734104
          ],
          [
            140.457886,
            36.733835
          ],
          [
            140.458083,
            36.733439
          ],
          [
            140.458219,
            36.733049
          ],
          [
            140.458269,
            36.732828
          ],
          [
            140.458302,
            36.732641
          ],
          [
            140.458571,
            36.730616
          ],
          [
            140.458627,
            36.730328
          ],
          [
            140.458973,
            36.728919
          ],
          [
            140.459193,
            36.72804
          ],
          [
            140.459443,
            36.726963
          ],
          [
            140.459693,
            36.72603
          ],
          [
            140.459799,
            36.725646
          ],
          [
            140.460647,
            36.722952
          ],
          [
            140.460963,
            36.721889
          ],
          [
            140.461122,
            36.721514
          ],
          [
            140.46129,
            36.721235
          ],
          [
            140.46144,
            36.72104
          ],
          [
            140.461898,
            36.720527
          ],
          [
            140.462047,
            36.720281
          ],
          [
            140.462172,
            36.71998
          ],
          [
            140.462212,
            36.719796
          ],
          [
            140.462228,
            36.71961
          ],
          [
            140.46223,
            36.719441
          ],
          [
            140.462241,
            36.71907
          ],
          [
            140.462333,
            36.718707
          ],
          [
            140.462486,
            36.718257
          ],
          [
            140.462633,
            36.717843
          ],
          [
            140.462676,
            36.717721
          ],
          [
            140.462766,
            36.717458
          ],
          [
            140.462924,
            36.716873
          ],
          [
            140.463008,
            36.71638
          ],
          [
            140.463037,
            36.715947
          ],
          [
            140.463046,
            36.715819
          ],
          [
            140.463067,
            36.715546
          ],
          [
            140.463073,
            36.715434
          ],
          [
            140.463091,
            36.715277
          ],
          [
            140.463148,
            36.714934
          ],
          [
            140.463351,
            36.71425
          ],
          [
            140.464615,
            36.710713
          ],
          [
            140.464721,
            36.710382
          ],
          [
            140.465304,
            36.708283
          ],
          [
            140.465418,
            36.707931
          ],
          [
            140.465566,
            36.707557
          ],
          [
            140.465883,
            36.707543
          ],
          [
            140.466426,
            36.707511
          ],
          [
            140.466883,
            36.707509
          ],
          [
            140.467055,
            36.70752
          ],
          [
            140.467271,
            36.707537
          ],
          [
            140.467477,
            36.707574
          ],
          [
            140.468237,
            36.707772
          ],
          [
            140.4684,
            36.707849
          ],
          [
            140.468502,
            36.707922
          ],
          [
            140.468794,
            36.708232
          ],
          [
            140.468912,
            36.708313
          ],
          [
            140.469073,
            36.708385
          ],
          [
            140.470171,
            36.708693
          ],
          [
            140.470973,
            36.708923
          ],
          [
            140.471509,
            36.709063
          ],
          [
            140.472038,
            36.709172
          ],
          [
            140.472809,
            36.709295
          ],
          [
            140.473471,
            36.709368
          ],
          [
            140.485984,
            36.710001
          ],
          [
            140.486617,
            36.71008
          ],
          [
            140.487314,
            36.710214
          ],
          [
            140.487912,
            36.710366
          ],
          [
            140.488486,
            36.710546
          ],
          [
            140.488884,
            36.710697
          ],
          [
            140.489404,
            36.710923
          ],
          [
            140.489911,
            36.711172
          ],
          [
            140.490359,
            36.711424
          ],
          [
            140.491457,
            36.712133
          ],
          [
            140.491619,
            36.712228
          ],
          [
            140.491855,
            36.712393
          ],
          [
            140.49311,
            36.713175
          ],
          [
            140.493453,
            36.713404
          ],
          [
            140.493683,
            36.713592
          ],
          [
            140.494036,
            36.713988
          ],
          [
            140.494168,
            36.714184
          ],
          [
            140.494315,
            36.71433
          ],
          [
            140.494529,
            36.714441
          ],
          [
            140.494686,
            36.714491
          ],
          [
            140.494953,
            36.714516
          ],
          [
            140.495271,
            36.714446
          ],
          [
            140.495843,
            36.714178
          ],
          [
            140.496008,
            36.71414
          ],
          [
            140.496198,
            36.714126
          ],
          [
            140.496359,
            36.714141
          ],
          [
            140.496615,
            36.714192
          ],
          [
            140.497236,
            36.714499
          ],
          [
            140.498482,
            36.713049
          ],
          [
            140.498974,
            36.712508
          ],
          [
            140.499212,
            36.712242
          ],
          [
            140.49923,
            36.712218
          ],
          [
            140.499605,
            36.711648
          ],
          [
            140.499802,
            36.711407
          ],
          [
            140.500004,
            36.711194
          ],
          [
            140.500175,
            36.711052
          ],
          [
            140.500812,
            36.710674
          ],
          [
            140.501136,
            36.710461
          ],
          [
            140.50142,
            36.710311
          ],
          [
            140.501846,
            36.710119
          ],
          [
            140.502311,
            36.709866
          ],
          [
            140.50364,
            36.708907
          ],
          [
            140.504191,
            36.708545
          ],
          [
            140.504472,
            36.708422
          ],
          [
            140.504658,
            36.70838
          ],
          [
            140.505318,
            36.708312
          ],
          [
            140.505583,
            36.708287
          ],
          [
            140.506851,
            36.70826
          ],
          [
            140.507075,
            36.708254
          ],
          [
            140.507487,
            36.708186
          ],
          [
            140.50758,
            36.708158
          ],
          [
            140.507769,
            36.708065
          ],
          [
            140.507828,
            36.708056
          ],
          [
            140.507927,
            36.708085
          ],
          [
            140.5082,
            36.707816
          ],
          [
            140.508262,
            36.70775
          ],
          [
            140.50843,
            36.707571
          ],
          [
            140.509161,
            36.706787
          ],
          [
            140.508979,
            36.706693
          ],
          [
            140.50894,
            36.706644
          ],
          [
            140.508938,
            36.706544
          ],
          [
            140.509076,
            36.706329
          ],
          [
            140.509364,
            36.705948
          ],
          [
            140.509437,
            36.705699
          ]
        ]
      },
      "properties": {
        "order": 11,
        "from": "奥久慈だいご",
        "to": "さとみ",
        "title": "奥久慈だいご → さとみ",
        "distance_meters": 22204,
        "duration_seconds": 1883.8
      }
    },
    {
      "type": "Feature",
      "geometry": {
        "type": "LineString",
        "coordinates": [
          [
            140.509437,
            36.705699
          ],
          [
            140.509474,
            36.705573
          ],
          [
            140.509496,
            36.705412
          ],
          [
            140.50946,
            36.705054
          ],
          [
            140.509398,
            36.704914
          ],
          [
            140.509324,
            36.704749
          ],
          [
            140.50927,
            36.704555
          ],
          [
            140.509246,
            36.704322
          ],
          [
            140.509276,
            36.704133
          ],
          [
            140.509276,
            36.703926
          ],
          [
            140.509161,
            36.70338
          ],
          [
            140.509231,
            36.702946
          ],
          [
            140.509403,
            36.702567
          ],
          [
            140.509475,
            36.702488
          ],
          [
            140.509571,
            36.702439
          ],
          [
            140.510056,
            36.702254
          ],
          [
            140.511328,
            36.701735
          ],
          [
            140.512037,
            36.7015
          ],
          [
            140.512193,
            36.70145
          ],
          [
            140.512327,
            36.701408
          ],
          [
            140.512573,
            36.701296
          ],
          [
            140.512727,
            36.701175
          ],
          [
            140.512927,
            36.70105
          ],
          [
            140.51302,
            36.701082
          ],
          [
            140.513276,
            36.700801
          ],
          [
            140.513405,
            36.700602
          ],
          [
            140.513505,
            36.700317
          ],
          [
            140.51357,
            36.700014
          ],
          [
            140.513776,
            36.699309
          ],
          [
            140.513794,
            36.699104
          ],
          [
            140.513764,
            36.698962
          ],
          [
            140.513642,
            36.698685
          ],
          [
            140.513577,
            36.698414
          ],
          [
            140.513605,
            36.698084
          ],
          [
            140.513667,
            36.697861
          ],
          [
            140.513776,
            36.697647
          ],
          [
            140.513864,
            36.697525
          ],
          [
            140.514134,
            36.697144
          ],
          [
            140.514206,
            36.697017
          ],
          [
            140.514235,
            36.69689
          ],
          [
            140.514222,
            36.696595
          ],
          [
            140.514133,
            36.695919
          ],
          [
            140.514108,
            36.695761
          ],
          [
            140.514127,
            36.695389
          ],
          [
            140.514178,
            36.695182
          ],
          [
            140.514328,
            36.694901
          ],
          [
            140.514405,
            36.694804
          ],
          [
            140.514511,
            36.694693
          ],
          [
            140.514639,
            36.694592
          ],
          [
            140.514826,
            36.694482
          ],
          [
            140.515084,
            36.694362
          ],
          [
            140.515382,
            36.694188
          ],
          [
            140.515545,
            36.694058
          ],
          [
            140.516112,
            36.693565
          ],
          [
            140.516456,
            36.693211
          ],
          [
            140.516862,
            36.69276
          ],
          [
            140.51719,
            36.692315
          ],
          [
            140.517799,
            36.691342
          ],
          [
            140.51841,
            36.69046
          ],
          [
            140.5186,
            36.690043
          ],
          [
            140.518696,
            36.68977
          ],
          [
            140.518852,
            36.689189
          ],
          [
            140.519011,
            36.688711
          ],
          [
            140.519187,
            36.688271
          ],
          [
            140.520161,
            36.686437
          ],
          [
            140.520323,
            36.686081
          ],
          [
            140.520413,
            36.685768
          ],
          [
            140.520486,
            36.68523
          ],
          [
            140.520661,
            36.6834
          ],
          [
            140.520701,
            36.683048
          ],
          [
            140.520748,
            36.682825
          ],
          [
            140.52079,
            36.682684
          ],
          [
            140.520908,
            36.682413
          ],
          [
            140.521361,
            36.68162
          ],
          [
            140.521768,
            36.680701
          ],
          [
            140.521811,
            36.680556
          ],
          [
            140.521833,
            36.680325
          ],
          [
            140.521786,
            36.679663
          ],
          [
            140.521823,
            36.679392
          ],
          [
            140.521935,
            36.679083
          ],
          [
            140.522238,
            36.678425
          ],
          [
            140.522512,
            36.677976
          ],
          [
            140.523063,
            36.677264
          ],
          [
            140.523155,
            36.677077
          ],
          [
            140.523256,
            36.676759
          ],
          [
            140.523278,
            36.676393
          ],
          [
            140.523261,
            36.676187
          ],
          [
            140.522958,
            36.675137
          ],
          [
            140.522954,
            36.674992
          ],
          [
            140.523003,
            36.674602
          ],
          [
            140.523213,
            36.673649
          ],
          [
            140.523234,
            36.673477
          ],
          [
            140.523138,
            36.673025
          ],
          [
            140.523116,
            36.672839
          ],
          [
            140.52317,
            36.672289
          ],
          [
            140.523251,
            36.671846
          ],
          [
            140.523372,
            36.671577
          ],
          [
            140.52399,
            36.670587
          ],
          [
            140.524134,
            36.670256
          ],
          [
            140.52419,
            36.669964
          ],
          [
            140.524193,
            36.669847
          ],
          [
            140.524187,
            36.669649
          ],
          [
            140.524133,
            36.669385
          ],
          [
            140.524086,
            36.669253
          ],
          [
            140.524035,
            36.669134
          ],
          [
            140.52359,
            36.668237
          ],
          [
            140.523492,
            36.667935
          ],
          [
            140.523281,
            36.666802
          ],
          [
            140.523275,
            36.666597
          ],
          [
            140.523578,
            36.665469
          ],
          [
            140.523609,
            36.665208
          ],
          [
            140.523578,
            36.664913
          ],
          [
            140.523392,
            36.664059
          ],
          [
            140.52338,
            36.663929
          ],
          [
            140.523358,
            36.663569
          ],
          [
            140.523417,
            36.662758
          ],
          [
            140.523472,
            36.662453
          ],
          [
            140.523596,
            36.662042
          ],
          [
            140.523815,
            36.661625
          ],
          [
            140.524016,
            36.661326
          ],
          [
            140.524236,
            36.661065
          ],
          [
            140.524951,
            36.660333
          ],
          [
            140.525079,
            36.660165
          ],
          [
            140.525147,
            36.660051
          ],
          [
            140.525275,
            36.659701
          ],
          [
            140.525431,
            36.659363
          ],
          [
            140.52643,
            36.6577
          ],
          [
            140.526536,
            36.657488
          ],
          [
            140.526587,
            36.657324
          ],
          [
            140.52665,
            36.656945
          ],
          [
            140.526811,
            36.656083
          ],
          [
            140.526864,
            36.65592
          ],
          [
            140.526935,
            36.655782
          ],
          [
            140.527012,
            36.655677
          ],
          [
            140.52746,
            36.655234
          ],
          [
            140.527545,
            36.655122
          ],
          [
            140.527647,
            36.654947
          ],
          [
            140.52792,
            36.654309
          ],
          [
            140.528233,
            36.653609
          ],
          [
            140.528391,
            36.653228
          ],
          [
            140.528467,
            36.652996
          ],
          [
            140.52894,
            36.650652
          ],
          [
            140.529033,
            36.650276
          ],
          [
            140.5291,
            36.650105
          ],
          [
            140.529289,
            36.649784
          ],
          [
            140.52954,
            36.6495
          ],
          [
            140.529863,
            36.649265
          ],
          [
            140.530522,
            36.648801
          ],
          [
            140.530739,
            36.648625
          ],
          [
            140.531028,
            36.648353
          ],
          [
            140.531353,
            36.647974
          ],
          [
            140.531981,
            36.647179
          ],
          [
            140.532426,
            36.646624
          ],
          [
            140.533348,
            36.645475
          ],
          [
            140.533841,
            36.64483
          ],
          [
            140.533939,
            36.644687
          ],
          [
            140.534257,
            36.644192
          ],
          [
            140.534634,
            36.643469
          ],
          [
            140.535508,
            36.641656
          ],
          [
            140.535674,
            36.641383
          ],
          [
            140.535906,
            36.641122
          ],
          [
            140.536013,
            36.641032
          ],
          [
            140.536463,
            36.640755
          ],
          [
            140.536894,
            36.640511
          ],
          [
            140.537269,
            36.640237
          ],
          [
            140.537632,
            36.639918
          ],
          [
            140.537753,
            36.639783
          ],
          [
            140.538001,
            36.639456
          ],
          [
            140.53836,
            36.638988
          ],
          [
            140.538716,
            36.638544
          ],
          [
            140.538998,
            36.638199
          ],
          [
            140.539144,
            36.638058
          ],
          [
            140.539405,
            36.637878
          ],
          [
            140.539595,
            36.637778
          ],
          [
            140.539891,
            36.637664
          ],
          [
            140.540434,
            36.63755
          ],
          [
            140.542498,
            36.637177
          ],
          [
            140.543308,
            36.63701
          ],
          [
            140.543743,
            36.636892
          ],
          [
            140.544403,
            36.636692
          ],
          [
            140.544977,
            36.636475
          ],
          [
            140.545453,
            36.636289
          ],
          [
            140.546217,
            36.635951
          ],
          [
            140.546484,
            36.635827
          ],
          [
            140.546738,
            36.635718
          ],
          [
            140.547385,
            36.635367
          ],
          [
            140.547684,
            36.635107
          ],
          [
            140.547859,
            36.634905
          ],
          [
            140.54795,
            36.634796
          ],
          [
            140.548117,
            36.634559
          ],
          [
            140.548278,
            36.634263
          ],
          [
            140.548404,
            36.633891
          ],
          [
            140.548628,
            36.633038
          ],
          [
            140.548862,
            36.632402
          ],
          [
            140.548987,
            36.632118
          ],
          [
            140.550402,
            36.629222
          ],
          [
            140.550519,
            36.62895
          ],
          [
            140.550596,
            36.628718
          ],
          [
            140.550707,
            36.628287
          ],
          [
            140.550761,
            36.627946
          ],
          [
            140.5508,
            36.626995
          ],
          [
            140.550781,
            36.626479
          ],
          [
            140.550753,
            36.626361
          ],
          [
            140.550713,
            36.626236
          ],
          [
            140.550671,
            36.626131
          ],
          [
            140.55054,
            36.625908
          ],
          [
            140.550199,
            36.625514
          ],
          [
            140.550134,
            36.625442
          ],
          [
            140.549346,
            36.624573
          ],
          [
            140.548869,
            36.624047
          ],
          [
            140.548631,
            36.623791
          ],
          [
            140.548471,
            36.623648
          ],
          [
            140.548221,
            36.623465
          ],
          [
            140.547578,
            36.623087
          ],
          [
            140.547205,
            36.6228
          ],
          [
            140.546973,
            36.622588
          ],
          [
            140.546838,
            36.622434
          ],
          [
            140.546638,
            36.622149
          ],
          [
            140.545942,
            36.621049
          ],
          [
            140.545728,
            36.620737
          ],
          [
            140.545459,
            36.620408
          ],
          [
            140.544797,
            36.619687
          ],
          [
            140.54445,
            36.619171
          ],
          [
            140.544334,
            36.61892
          ],
          [
            140.544209,
            36.61854
          ],
          [
            140.54409,
            36.618008
          ],
          [
            140.544083,
            36.617729
          ],
          [
            140.544152,
            36.617397
          ],
          [
            140.544269,
            36.617133
          ],
          [
            140.544482,
            36.61678
          ],
          [
            140.545326,
            36.615635
          ],
          [
            140.545428,
            36.615507
          ],
          [
            140.545896,
            36.614855
          ],
          [
            140.546319,
            36.614295
          ],
          [
            140.546447,
            36.614106
          ],
          [
            140.546611,
            36.613812
          ],
          [
            140.546655,
            36.613723
          ],
          [
            140.546765,
            36.613498
          ],
          [
            140.54682,
            36.613339
          ],
          [
            140.546858,
            36.613145
          ],
          [
            140.546894,
            36.612866
          ],
          [
            140.546897,
            36.612368
          ],
          [
            140.546854,
            36.610872
          ],
          [
            140.54681,
            36.610628
          ],
          [
            140.546754,
            36.610432
          ],
          [
            140.546515,
            36.60991
          ],
          [
            140.546397,
            36.609733
          ],
          [
            140.546124,
            36.609391
          ],
          [
            140.545847,
            36.609163
          ],
          [
            140.545304,
            36.608771
          ],
          [
            140.544487,
            36.608215
          ],
          [
            140.543909,
            36.60783
          ],
          [
            140.543695,
            36.607659
          ],
          [
            140.543373,
            36.60731
          ],
          [
            140.543149,
            36.606973
          ],
          [
            140.543035,
            36.606752
          ],
          [
            140.542938,
            36.606519
          ],
          [
            140.542899,
            36.606378
          ],
          [
            140.542878,
            36.606113
          ],
          [
            140.542872,
            36.605344
          ],
          [
            140.542871,
            36.605222
          ],
          [
            140.542853,
            36.604671
          ],
          [
            140.542864,
            36.60418
          ],
          [
            140.542892,
            36.603963
          ],
          [
            140.54295,
            36.603709
          ],
          [
            140.54311,
            36.603259
          ],
          [
            140.543269,
            36.60295
          ],
          [
            140.543879,
            36.601854
          ],
          [
            140.54411,
            36.601404
          ],
          [
            140.544445,
            36.600779
          ],
          [
            140.544505,
            36.600554
          ],
          [
            140.544536,
            36.60028
          ],
          [
            140.544524,
            36.600073
          ],
          [
            140.544479,
            36.599858
          ],
          [
            140.544225,
            36.599425
          ],
          [
            140.544032,
            36.599216
          ],
          [
            140.543919,
            36.599127
          ],
          [
            140.543745,
            36.598995
          ],
          [
            140.54347,
            36.598844
          ],
          [
            140.543,
            36.598611
          ],
          [
            140.54273,
            36.598493
          ],
          [
            140.542251,
            36.598229
          ],
          [
            140.542066,
            36.59808
          ],
          [
            140.541888,
            36.597903
          ],
          [
            140.541738,
            36.597724
          ],
          [
            140.541667,
            36.597614
          ],
          [
            140.541535,
            36.597316
          ],
          [
            140.541273,
            36.596203
          ],
          [
            140.541164,
            36.595681
          ],
          [
            140.541003,
            36.594927
          ],
          [
            140.540854,
            36.59425
          ],
          [
            140.540589,
            36.593014
          ],
          [
            140.540269,
            36.591769
          ],
          [
            140.540219,
            36.591593
          ],
          [
            140.540043,
            36.590854
          ],
          [
            140.539932,
            36.590051
          ],
          [
            140.539859,
            36.589353
          ],
          [
            140.539818,
            36.588933
          ],
          [
            140.539827,
            36.588207
          ],
          [
            140.540029,
            36.586577
          ],
          [
            140.540169,
            36.585372
          ],
          [
            140.540168,
            36.585217
          ],
          [
            140.540138,
            36.585014
          ],
          [
            140.540104,
            36.584825
          ],
          [
            140.539463,
            36.582911
          ],
          [
            140.539338,
            36.582535
          ],
          [
            140.539318,
            36.582484
          ],
          [
            140.539311,
            36.582465
          ],
          [
            140.538966,
            36.581551
          ],
          [
            140.538886,
            36.581165
          ],
          [
            140.53887,
            36.580867
          ],
          [
            140.538896,
            36.580724
          ],
          [
            140.538976,
            36.580288
          ],
          [
            140.539334,
            36.578765
          ],
          [
            140.539495,
            36.578116
          ],
          [
            140.539569,
            36.577789
          ],
          [
            140.539645,
            36.57753
          ],
          [
            140.539748,
            36.577037
          ],
          [
            140.539973,
            36.576025
          ],
          [
            140.540167,
            36.575344
          ],
          [
            140.540207,
            36.575103
          ],
          [
            140.540193,
            36.574954
          ],
          [
            140.540121,
            36.574765
          ],
          [
            140.540013,
            36.574585
          ],
          [
            140.539589,
            36.573916
          ],
          [
            140.539543,
            36.573841
          ],
          [
            140.539091,
            36.573102
          ],
          [
            140.538666,
            36.571932
          ],
          [
            140.538358,
            36.571051
          ],
          [
            140.538249,
            36.570719
          ],
          [
            140.537476,
            36.568489
          ],
          [
            140.537127,
            36.567506
          ],
          [
            140.536829,
            36.566632
          ],
          [
            140.536213,
            36.56491
          ],
          [
            140.53591,
            36.564067
          ],
          [
            140.535655,
            36.563582
          ],
          [
            140.535304,
            36.562955
          ],
          [
            140.535209,
            36.562754
          ],
          [
            140.535128,
            36.562541
          ],
          [
            140.534972,
            36.56202
          ],
          [
            140.534558,
            36.560356
          ],
          [
            140.534181,
            36.558834
          ],
          [
            140.534012,
            36.558141
          ],
          [
            140.53392,
            36.557747
          ],
          [
            140.533883,
            36.557055
          ],
          [
            140.533776,
            36.55623
          ],
          [
            140.533362,
            36.553039
          ],
          [
            140.533306,
            36.552577
          ],
          [
            140.533153,
            36.551226
          ],
          [
            140.533065,
            36.549633
          ],
          [
            140.532936,
            36.546864
          ],
          [
            140.5328,
            36.543797
          ],
          [
            140.532702,
            36.541226
          ],
          [
            140.532697,
            36.540428
          ],
          [
            140.532716,
            36.539766
          ],
          [
            140.532765,
            36.538926
          ],
          [
            140.532905,
            36.537425
          ],
          [
            140.533051,
            36.535863
          ],
          [
            140.533355,
            36.532658
          ],
          [
            140.533515,
            36.530899
          ],
          [
            140.533895,
            36.526877
          ],
          [
            140.534017,
            36.52564
          ],
          [
            140.534053,
            36.525145
          ],
          [
            140.534057,
            36.524612
          ],
          [
            140.534015,
            36.524187
          ],
          [
            140.53397,
            36.523828
          ],
          [
            140.533871,
            36.523335
          ],
          [
            140.533731,
            36.522794
          ],
          [
            140.533523,
            36.5222
          ],
          [
            140.533167,
            36.521456
          ],
          [
            140.531612,
            36.51895
          ],
          [
            140.530422,
            36.51703
          ],
          [
            140.529193,
            36.515051
          ],
          [
            140.529063,
            36.514865
          ],
          [
            140.526866,
            36.511297
          ],
          [
            140.526746,
            36.511346
          ],
          [
            140.526225,
            36.511556
          ],
          [
            140.526144,
            36.511383
          ],
          [
            140.526016,
            36.510997
          ],
          [
            140.525983,
            36.510901
          ],
          [
            140.525769,
            36.510556
          ],
          [
            140.525551,
            36.510339
          ]
        ]
      },
      "properties": {
        "order": 12,
        "from": "さとみ",
        "to": "ひたちおおた",
        "title": "さとみ → ひたちおおた",
        "distance_meters": 24097,
        "duration_seconds": 1965.5
      }
    },
    {
      "type": "Feature",
      "geometry": {
        "type": "LineString",
        "coordinates": [
          [
            140.525551,
            36.510339
          ],
          [
            140.525769,
            36.510556
          ],
          [
            140.526163,
            36.510399
          ],
          [
            140.526746,
            36.511346
          ],
          [
            140.528957,
            36.51489
          ],
          [
            140.529074,
            36.515083
          ],
          [
            140.529087,
            36.5151
          ],
          [
            140.530315,
            36.51708
          ],
          [
            140.531507,
            36.51899
          ],
          [
            140.531612,
            36.51895
          ],
          [
            140.532182,
            36.51877
          ],
          [
            140.532512,
            36.518635
          ],
          [
            140.532665,
            36.518554
          ],
          [
            140.532815,
            36.518455
          ],
          [
            140.532925,
            36.518377
          ],
          [
            140.53372,
            36.517842
          ],
          [
            140.533872,
            36.517787
          ],
          [
            140.534206,
            36.517732
          ],
          [
            140.535271,
            36.51763
          ],
          [
            140.53559,
            36.517571
          ],
          [
            140.536522,
            36.517227
          ],
          [
            140.537044,
            36.517043
          ],
          [
            140.537582,
            36.516845
          ],
          [
            140.538088,
            36.51669
          ],
          [
            140.53871,
            36.51658
          ],
          [
            140.538786,
            36.516567
          ],
          [
            140.54081,
            36.516239
          ],
          [
            140.540895,
            36.516224
          ],
          [
            140.542007,
            36.516033
          ],
          [
            140.54227,
            36.51599
          ],
          [
            140.542841,
            36.515886
          ],
          [
            140.544159,
            36.515616
          ],
          [
            140.544581,
            36.515533
          ],
          [
            140.545884,
            36.515271
          ],
          [
            140.546082,
            36.515242
          ],
          [
            140.546554,
            36.515221
          ],
          [
            140.547062,
            36.515221
          ],
          [
            140.547332,
            36.515215
          ],
          [
            140.547529,
            36.515152
          ],
          [
            140.547624,
            36.515098
          ],
          [
            140.547701,
            36.51503
          ],
          [
            140.547915,
            36.514759
          ],
          [
            140.548002,
            36.514642
          ],
          [
            140.548307,
            36.514222
          ],
          [
            140.548458,
            36.514252
          ],
          [
            140.549004,
            36.514282
          ],
          [
            140.549854,
            36.514295
          ],
          [
            140.549892,
            36.514293
          ],
          [
            140.551188,
            36.514259
          ],
          [
            140.551493,
            36.514248
          ],
          [
            140.552485,
            36.514213
          ],
          [
            140.553786,
            36.514165
          ],
          [
            140.55434,
            36.514147
          ],
          [
            140.555047,
            36.514163
          ],
          [
            140.556381,
            36.51422
          ],
          [
            140.556744,
            36.514233
          ],
          [
            140.557451,
            36.514242
          ],
          [
            140.558626,
            36.514205
          ],
          [
            140.559872,
            36.514152
          ],
          [
            140.560578,
            36.514121
          ],
          [
            140.561067,
            36.514183
          ],
          [
            140.561357,
            36.51426
          ],
          [
            140.561744,
            36.514342
          ],
          [
            140.562282,
            36.514403
          ],
          [
            140.56239,
            36.514413
          ],
          [
            140.562905,
            36.514474
          ],
          [
            140.563639,
            36.51452
          ],
          [
            140.564818,
            36.514528
          ],
          [
            140.565908,
            36.514526
          ],
          [
            140.566823,
            36.51452
          ],
          [
            140.568111,
            36.514506
          ],
          [
            140.568302,
            36.514504
          ],
          [
            140.568875,
            36.514497
          ],
          [
            140.569256,
            36.514462
          ],
          [
            140.569833,
            36.514363
          ],
          [
            140.57009,
            36.514356
          ],
          [
            140.570521,
            36.514373
          ],
          [
            140.570975,
            36.514434
          ],
          [
            140.570994,
            36.51446
          ],
          [
            140.570992,
            36.514503
          ],
          [
            140.57091,
            36.514851
          ],
          [
            140.570843,
            36.515232
          ],
          [
            140.570764,
            36.515493
          ],
          [
            140.570792,
            36.515765
          ],
          [
            140.570905,
            36.515989
          ],
          [
            140.570923,
            36.516052
          ],
          [
            140.570915,
            36.516329
          ],
          [
            140.5708,
            36.516753
          ],
          [
            140.572122,
            36.516559
          ],
          [
            140.572661,
            36.516446
          ],
          [
            140.572878,
            36.516383
          ],
          [
            140.572946,
            36.51636
          ],
          [
            140.573197,
            36.516265
          ],
          [
            140.573407,
            36.516165
          ],
          [
            140.573711,
            36.515993
          ],
          [
            140.574004,
            36.515772
          ],
          [
            140.574898,
            36.514994
          ],
          [
            140.575163,
            36.514776
          ],
          [
            140.575714,
            36.514323
          ],
          [
            140.576255,
            36.513879
          ],
          [
            140.576901,
            36.513347
          ],
          [
            140.577366,
            36.512912
          ],
          [
            140.57754,
            36.512877
          ],
          [
            140.5779,
            36.512721
          ],
          [
            140.578156,
            36.512631
          ],
          [
            140.5787,
            36.512488
          ],
          [
            140.579226,
            36.512431
          ],
          [
            140.579653,
            36.51239
          ],
          [
            140.581102,
            36.51225
          ],
          [
            140.5822,
            36.512144
          ],
          [
            140.583343,
            36.512034
          ],
          [
            140.58348,
            36.51202
          ],
          [
            140.584017,
            36.511945
          ],
          [
            140.585372,
            36.511834
          ],
          [
            140.586864,
            36.511714
          ],
          [
            140.588406,
            36.511555
          ],
          [
            140.589651,
            36.511423
          ],
          [
            140.589874,
            36.511438
          ],
          [
            140.590052,
            36.51143
          ],
          [
            140.590164,
            36.511389
          ],
          [
            140.590451,
            36.511193
          ],
          [
            140.591038,
            36.510908
          ],
          [
            140.591591,
            36.510543
          ],
          [
            140.593204,
            36.509355
          ],
          [
            140.593832,
            36.508889
          ],
          [
            140.595498,
            36.507623
          ],
          [
            140.595911,
            36.507321
          ],
          [
            140.596606,
            36.506946
          ],
          [
            140.59695,
            36.506745
          ],
          [
            140.597094,
            36.506634
          ],
          [
            140.59729,
            36.50644
          ],
          [
            140.59798,
            36.505429
          ],
          [
            140.598354,
            36.505023
          ],
          [
            140.598735,
            36.504445
          ],
          [
            140.599072,
            36.503798
          ],
          [
            140.599269,
            36.503522
          ],
          [
            140.59978,
            36.502878
          ],
          [
            140.600617,
            36.50189
          ],
          [
            140.600958,
            36.501552
          ],
          [
            140.601306,
            36.501104
          ],
          [
            140.602157,
            36.49996
          ],
          [
            140.603232,
            36.498608
          ],
          [
            140.603732,
            36.49804
          ],
          [
            140.604162,
            36.497592
          ],
          [
            140.604601,
            36.497131
          ],
          [
            140.604985,
            36.496699
          ],
          [
            140.605369,
            36.496345
          ],
          [
            140.605685,
            36.496122
          ],
          [
            140.606365,
            36.495687
          ],
          [
            140.607259,
            36.495078
          ],
          [
            140.608145,
            36.494592
          ],
          [
            140.608608,
            36.494467
          ],
          [
            140.609054,
            36.494446
          ],
          [
            140.609679,
            36.494451
          ],
          [
            140.609882,
            36.494478
          ],
          [
            140.61016,
            36.494546
          ],
          [
            140.610618,
            36.49463
          ],
          [
            140.610945,
            36.494646
          ],
          [
            140.612219,
            36.494591
          ],
          [
            140.612417,
            36.4946
          ],
          [
            140.612543,
            36.494633
          ],
          [
            140.613317,
            36.495337
          ],
          [
            140.613399,
            36.495417
          ],
          [
            140.613869,
            36.495754
          ],
          [
            140.614078,
            36.495845
          ],
          [
            140.614369,
            36.495898
          ],
          [
            140.614379,
            36.495899
          ],
          [
            140.614452,
            36.495908
          ],
          [
            140.61451,
            36.495914
          ],
          [
            140.614652,
            36.495401
          ],
          [
            140.61471,
            36.495295
          ],
          [
            140.614881,
            36.495104
          ],
          [
            140.615654,
            36.494542
          ],
          [
            140.615632,
            36.494517
          ],
          [
            140.615548,
            36.494418
          ],
          [
            140.615514,
            36.494379
          ],
          [
            140.615053,
            36.493801
          ],
          [
            140.614772,
            36.493414
          ],
          [
            140.615266,
            36.493199
          ],
          [
            140.615675,
            36.492878
          ],
          [
            140.615097,
            36.492436
          ]
        ]
      },
      "properties": {
        "order": 13,
        "from": "ひたちおおた",
        "to": "日立おさかなセンター",
        "title": "ひたちおおた → 日立おさかなセンター",
        "distance_meters": 10629,
        "duration_seconds": 923.2
      }
    },
    {
      "type": "Feature",
      "geometry": {
        "type": "LineString",
        "coordinates": [
          [
            140.615097,
            36.492436
          ],
          [
            140.614689,
            36.492125
          ],
          [
            140.614013,
            36.491603
          ],
          [
            140.613911,
            36.491584
          ],
          [
            140.613836,
            36.491586
          ],
          [
            140.613766,
            36.491443
          ],
          [
            140.613661,
            36.491233
          ],
          [
            140.614162,
            36.491031
          ],
          [
            140.614319,
            36.491016
          ],
          [
            140.614238,
            36.490957
          ],
          [
            140.612034,
            36.489261
          ],
          [
            140.611178,
            36.488602
          ],
          [
            140.611013,
            36.488478
          ],
          [
            140.610116,
            36.487784
          ],
          [
            140.60971,
            36.487472
          ],
          [
            140.609437,
            36.487299
          ],
          [
            140.609109,
            36.487154
          ],
          [
            140.608937,
            36.487102
          ],
          [
            140.608712,
            36.487048
          ],
          [
            140.607822,
            36.486881
          ],
          [
            140.607452,
            36.486863
          ],
          [
            140.606733,
            36.487493
          ],
          [
            140.605867,
            36.488259
          ],
          [
            140.605104,
            36.488926
          ],
          [
            140.604281,
            36.489646
          ],
          [
            140.604172,
            36.48974
          ],
          [
            140.602835,
            36.490887
          ],
          [
            140.602756,
            36.490954
          ],
          [
            140.602621,
            36.491074
          ],
          [
            140.601825,
            36.491782
          ],
          [
            140.601179,
            36.492354
          ],
          [
            140.600147,
            36.493266
          ],
          [
            140.599804,
            36.493601
          ],
          [
            140.599525,
            36.493951
          ],
          [
            140.599089,
            36.494605
          ],
          [
            140.59881,
            36.49503
          ],
          [
            140.598629,
            36.495309
          ],
          [
            140.598128,
            36.49535
          ],
          [
            140.597667,
            36.495386
          ],
          [
            140.596694,
            36.495223
          ],
          [
            140.596367,
            36.495162
          ],
          [
            140.596313,
            36.495112
          ],
          [
            140.596073,
            36.495129
          ],
          [
            140.595633,
            36.495103
          ],
          [
            140.595218,
            36.495117
          ],
          [
            140.594093,
            36.495301
          ],
          [
            140.593846,
            36.495304
          ],
          [
            140.593606,
            36.495264
          ],
          [
            140.59299,
            36.495101
          ],
          [
            140.592703,
            36.495065
          ],
          [
            140.591861,
            36.495082
          ],
          [
            140.591625,
            36.49506
          ],
          [
            140.590399,
            36.494875
          ],
          [
            140.590221,
            36.49489
          ],
          [
            140.590032,
            36.49493
          ],
          [
            140.589769,
            36.49499
          ],
          [
            140.589573,
            36.495001
          ],
          [
            140.589368,
            36.494973
          ],
          [
            140.588966,
            36.494865
          ],
          [
            140.588733,
            36.494826
          ],
          [
            140.58849,
            36.494835
          ],
          [
            140.58798,
            36.494943
          ],
          [
            140.587704,
            36.495023
          ],
          [
            140.5875,
            36.495122
          ],
          [
            140.587097,
            36.495399
          ],
          [
            140.586858,
            36.495522
          ],
          [
            140.586695,
            36.495574
          ],
          [
            140.586469,
            36.495616
          ],
          [
            140.586162,
            36.495691
          ],
          [
            140.585935,
            36.495785
          ],
          [
            140.585744,
            36.495829
          ],
          [
            140.585103,
            36.495924
          ],
          [
            140.584818,
            36.495981
          ],
          [
            140.584415,
            36.496084
          ],
          [
            140.584322,
            36.496096
          ],
          [
            140.583541,
            36.496012
          ],
          [
            140.582911,
            36.495938
          ],
          [
            140.582688,
            36.495914
          ],
          [
            140.582529,
            36.495916
          ],
          [
            140.582404,
            36.495933
          ],
          [
            140.582154,
            36.496003
          ],
          [
            140.581982,
            36.496043
          ],
          [
            140.580799,
            36.496132
          ],
          [
            140.580656,
            36.496159
          ],
          [
            140.580523,
            36.49621
          ],
          [
            140.580129,
            36.49645
          ],
          [
            140.579982,
            36.496503
          ],
          [
            140.579252,
            36.496602
          ],
          [
            140.57863,
            36.496746
          ],
          [
            140.578447,
            36.496776
          ],
          [
            140.578274,
            36.49677
          ],
          [
            140.577988,
            36.496753
          ],
          [
            140.577838,
            36.496766
          ],
          [
            140.576782,
            36.497
          ],
          [
            140.576239,
            36.497241
          ],
          [
            140.576335,
            36.497418
          ],
          [
            140.576336,
            36.497499
          ],
          [
            140.576316,
            36.497581
          ],
          [
            140.576093,
            36.497948
          ],
          [
            140.576028,
            36.498222
          ],
          [
            140.575914,
            36.498788
          ],
          [
            140.57585,
            36.499079
          ],
          [
            140.575807,
            36.499275
          ],
          [
            140.575763,
            36.499386
          ],
          [
            140.575369,
            36.499973
          ],
          [
            140.575261,
            36.500219
          ],
          [
            140.57505,
            36.500833
          ],
          [
            140.574317,
            36.501434
          ],
          [
            140.574233,
            36.501496
          ],
          [
            140.575265,
            36.502417
          ],
          [
            140.575564,
            36.502675
          ],
          [
            140.575836,
            36.502997
          ],
          [
            140.576313,
            36.50351
          ],
          [
            140.576432,
            36.503711
          ],
          [
            140.576502,
            36.50393
          ],
          [
            140.576523,
            36.504194
          ],
          [
            140.5765,
            36.50447
          ],
          [
            140.576357,
            36.505505
          ],
          [
            140.576357,
            36.505801
          ],
          [
            140.576226,
            36.506824
          ],
          [
            140.576114,
            36.507337
          ],
          [
            140.575922,
            36.507817
          ],
          [
            140.575828,
            36.507955
          ],
          [
            140.575733,
            36.508048
          ],
          [
            140.575621,
            36.508114
          ],
          [
            140.57536,
            36.508181
          ],
          [
            140.57522,
            36.508182
          ],
          [
            140.574979,
            36.508133
          ],
          [
            140.574812,
            36.50807
          ],
          [
            140.574426,
            36.507875
          ],
          [
            140.574164,
            36.507703
          ],
          [
            140.573559,
            36.507261
          ],
          [
            140.572765,
            36.506732
          ],
          [
            140.57263,
            36.506627
          ],
          [
            140.572221,
            36.506303
          ],
          [
            140.571578,
            36.505781
          ],
          [
            140.570967,
            36.505242
          ],
          [
            140.569985,
            36.504299
          ],
          [
            140.56957,
            36.503871
          ],
          [
            140.569021,
            36.503262
          ],
          [
            140.568277,
            36.502371
          ],
          [
            140.568167,
            36.502235
          ],
          [
            140.567848,
            36.501825
          ],
          [
            140.567172,
            36.500874
          ],
          [
            140.566442,
            36.499714
          ],
          [
            140.566171,
            36.499247
          ],
          [
            140.565832,
            36.498608
          ],
          [
            140.565421,
            36.497732
          ],
          [
            140.565221,
            36.49729
          ],
          [
            140.564731,
            36.496128
          ],
          [
            140.564042,
            36.494451
          ],
          [
            140.563724,
            36.493754
          ],
          [
            140.563455,
            36.493211
          ],
          [
            140.563115,
            36.492592
          ],
          [
            140.56266,
            36.491876
          ],
          [
            140.562279,
            36.491338
          ],
          [
            140.56165,
            36.490545
          ],
          [
            140.561349,
            36.490194
          ],
          [
            140.56107,
            36.489898
          ],
          [
            140.560804,
            36.489628
          ],
          [
            140.560332,
            36.489187
          ],
          [
            140.559816,
            36.488738
          ],
          [
            140.559224,
            36.488259
          ],
          [
            140.558611,
            36.487812
          ],
          [
            140.557872,
            36.487327
          ],
          [
            140.556968,
            36.486798
          ],
          [
            140.555841,
            36.486239
          ],
          [
            140.555248,
            36.485979
          ],
          [
            140.554326,
            36.48562
          ],
          [
            140.553469,
            36.485326
          ],
          [
            140.552414,
            36.485017
          ],
          [
            140.551675,
            36.484841
          ],
          [
            140.5511,
            36.484722
          ],
          [
            140.549624,
            36.484473
          ],
          [
            140.546663,
            36.484066
          ],
          [
            140.54558,
            36.483902
          ],
          [
            140.543936,
            36.483553
          ],
          [
            140.543254,
            36.483369
          ],
          [
            140.542696,
            36.483203
          ],
          [
            140.541875,
            36.482933
          ],
          [
            140.541213,
            36.482691
          ],
          [
            140.539958,
            36.482164
          ],
          [
            140.539172,
            36.48178
          ],
          [
            140.538464,
            36.4814
          ],
          [
            140.537747,
            36.480984
          ],
          [
            140.536627,
            36.480279
          ],
          [
            140.53428,
            36.478737
          ],
          [
            140.532822,
            36.477827
          ],
          [
            140.53189,
            36.477293
          ],
          [
            140.531475,
            36.477066
          ],
          [
            140.53021,
            36.476421
          ],
          [
            140.529599,
            36.476131
          ],
          [
            140.528163,
            36.475503
          ],
          [
            140.526933,
            36.475025
          ],
          [
            140.525343,
            36.474471
          ],
          [
            140.524598,
            36.474239
          ],
          [
            140.522809,
            36.473754
          ],
          [
            140.521267,
            36.473402
          ],
          [
            140.520509,
            36.473251
          ],
          [
            140.519372,
            36.473052
          ],
          [
            140.517761,
            36.472833
          ],
          [
            140.516295,
            36.472687
          ],
          [
            140.514873,
            36.472589
          ],
          [
            140.511176,
            36.472364
          ],
          [
            140.510107,
            36.472274
          ],
          [
            140.508616,
            36.472115
          ],
          [
            140.507564,
            36.471967
          ],
          [
            140.506437,
            36.471757
          ],
          [
            140.506228,
            36.471717
          ],
          [
            140.505066,
            36.471471
          ],
          [
            140.50476,
            36.471401
          ],
          [
            140.503776,
            36.471147
          ],
          [
            140.502758,
            36.470849
          ],
          [
            140.501914,
            36.47057
          ],
          [
            140.50026,
            36.469956
          ],
          [
            140.499531,
            36.469651
          ],
          [
            140.498782,
            36.469316
          ],
          [
            140.497277,
            36.468572
          ],
          [
            140.496432,
            36.468124
          ],
          [
            140.495401,
            36.467534
          ],
          [
            140.494509,
            36.466987
          ],
          [
            140.494217,
            36.466804
          ],
          [
            140.493442,
            36.466301
          ],
          [
            140.49198,
            36.465274
          ],
          [
            140.4907,
            36.464283
          ],
          [
            140.489725,
            36.463466
          ],
          [
            140.489581,
            36.463352
          ],
          [
            140.487384,
            36.461396
          ],
          [
            140.485359,
            36.459626
          ],
          [
            140.484042,
            36.458564
          ],
          [
            140.483835,
            36.458405
          ],
          [
            140.482742,
            36.457602
          ],
          [
            140.481786,
            36.456949
          ],
          [
            140.481652,
            36.45685
          ],
          [
            140.481251,
            36.456587
          ],
          [
            140.479351,
            36.455448
          ],
          [
            140.478207,
            36.454825
          ],
          [
            140.476387,
            36.453882
          ],
          [
            140.474947,
            36.453145
          ],
          [
            140.474596,
            36.452968
          ],
          [
            140.471425,
            36.45136
          ],
          [
            140.467496,
            36.449371
          ],
          [
            140.467256,
            36.449245
          ],
          [
            140.464599,
            36.447895
          ],
          [
            140.462653,
            36.44684
          ],
          [
            140.461554,
            36.446192
          ],
          [
            140.460093,
            36.445235
          ],
          [
            140.459563,
            36.444854
          ],
          [
            140.459337,
            36.444686
          ],
          [
            140.458956,
            36.4444
          ],
          [
            140.458247,
            36.443819
          ],
          [
            140.457366,
            36.443048
          ],
          [
            140.456681,
            36.4424
          ],
          [
            140.456064,
            36.441767
          ],
          [
            140.455623,
            36.441291
          ],
          [
            140.454989,
            36.440568
          ],
          [
            140.454413,
            36.439874
          ],
          [
            140.451745,
            36.436483
          ],
          [
            140.450909,
            36.435468
          ],
          [
            140.450184,
            36.434636
          ],
          [
            140.449178,
            36.433557
          ],
          [
            140.44826,
            36.432654
          ],
          [
            140.447447,
            36.431882
          ],
          [
            140.44718,
            36.43165
          ],
          [
            140.447016,
            36.431498
          ],
          [
            140.44581,
            36.43047
          ],
          [
            140.444787,
            36.429632
          ],
          [
            140.442982,
            36.428343
          ],
          [
            140.44217,
            36.427785
          ],
          [
            140.440781,
            36.426921
          ],
          [
            140.438851,
            36.425777
          ],
          [
            140.436756,
            36.424578
          ],
          [
            140.4343,
            36.42321
          ],
          [
            140.434164,
            36.423133
          ],
          [
            140.433591,
            36.422788
          ],
          [
            140.431835,
            36.421713
          ],
          [
            140.430465,
            36.420813
          ],
          [
            140.429249,
            36.419961
          ],
          [
            140.429077,
            36.419839
          ],
          [
            140.428379,
            36.419342
          ],
          [
            140.42704,
            36.418329
          ],
          [
            140.425809,
            36.41736
          ],
          [
            140.42487,
            36.41659
          ],
          [
            140.424682,
            36.416439
          ],
          [
            140.423203,
            36.415251
          ],
          [
            140.422279,
            36.414584
          ],
          [
            140.422062,
            36.414432
          ],
          [
            140.421937,
            36.414344
          ],
          [
            140.421395,
            36.413989
          ],
          [
            140.420761,
            36.413616
          ],
          [
            140.419792,
            36.413093
          ],
          [
            140.419338,
            36.412871
          ],
          [
            140.418155,
            36.412377
          ],
          [
            140.417141,
            36.412026
          ],
          [
            140.416512,
            36.411833
          ],
          [
            140.415818,
            36.411642
          ],
          [
            140.415028,
            36.411456
          ],
          [
            140.414189,
            36.411302
          ],
          [
            140.413262,
            36.41116
          ],
          [
            140.412511,
            36.411073
          ],
          [
            140.408295,
            36.410713
          ],
          [
            140.407555,
            36.410624
          ],
          [
            140.407052,
            36.410555
          ],
          [
            140.406207,
            36.410405
          ],
          [
            140.405582,
            36.410277
          ],
          [
            140.404828,
            36.410089
          ],
          [
            140.403705,
            36.409753
          ],
          [
            140.402777,
            36.409425
          ],
          [
            140.401964,
            36.409094
          ],
          [
            140.40165,
            36.408943
          ],
          [
            140.400887,
            36.408581
          ],
          [
            140.399826,
            36.407992
          ],
          [
            140.399093,
            36.407532
          ],
          [
            140.398428,
            36.407084
          ],
          [
            140.397295,
            36.406248
          ],
          [
            140.396526,
            36.405624
          ],
          [
            140.395698,
            36.404922
          ],
          [
            140.395084,
            36.404361
          ],
          [
            140.394148,
            36.403439
          ],
          [
            140.393298,
            36.40254
          ],
          [
            140.392654,
            36.401799
          ],
          [
            140.392112,
            36.401128
          ],
          [
            140.391436,
            36.400224
          ],
          [
            140.390808,
            36.399317
          ],
          [
            140.390319,
            36.398529
          ],
          [
            140.389857,
            36.397728
          ],
          [
            140.389156,
            36.396363
          ],
          [
            140.388477,
            36.394789
          ],
          [
            140.38819,
            36.394015
          ],
          [
            140.388141,
            36.393877
          ],
          [
            140.387879,
            36.393049
          ],
          [
            140.387598,
            36.392011
          ],
          [
            140.387249,
            36.390337
          ],
          [
            140.386963,
            36.38833
          ],
          [
            140.38679,
            36.386702
          ],
          [
            140.386763,
            36.386419
          ],
          [
            140.386526,
            36.383734
          ],
          [
            140.386396,
            36.382444
          ],
          [
            140.386358,
            36.382086
          ],
          [
            140.386116,
            36.38034
          ],
          [
            140.385852,
            36.37886
          ],
          [
            140.385646,
            36.377912
          ],
          [
            140.385602,
            36.377708
          ],
          [
            140.385251,
            36.376325
          ],
          [
            140.385079,
            36.375749
          ],
          [
            140.384958,
            36.375336
          ],
          [
            140.38441,
            36.373696
          ],
          [
            140.383969,
            36.372543
          ],
          [
            140.383507,
            36.371416
          ],
          [
            140.382658,
            36.369581
          ],
          [
            140.382569,
            36.36941
          ],
          [
            140.382201,
            36.36867
          ],
          [
            140.381356,
            36.367141
          ],
          [
            140.380863,
            36.366315
          ],
          [
            140.380197,
            36.365258
          ],
          [
            140.379312,
            36.363965
          ],
          [
            140.378667,
            36.363076
          ],
          [
            140.378052,
            36.36225
          ],
          [
            140.377387,
            36.361429
          ],
          [
            140.377185,
            36.361184
          ],
          [
            140.376426,
            36.360282
          ],
          [
            140.375632,
            36.359379
          ],
          [
            140.372638,
            36.356029
          ],
          [
            140.37152,
            36.354712
          ],
          [
            140.370916,
            36.353958
          ],
          [
            140.370216,
            36.353024
          ],
          [
            140.370071,
            36.352834
          ],
          [
            140.369209,
            36.351633
          ],
          [
            140.368539,
            36.350603
          ],
          [
            140.368273,
            36.350209
          ],
          [
            140.36819,
            36.350074
          ],
          [
            140.36742,
            36.348791
          ],
          [
            140.366591,
            36.347275
          ],
          [
            140.366135,
            36.346369
          ],
          [
            140.366017,
            36.346107
          ],
          [
            140.365629,
            36.34528
          ],
          [
            140.365569,
            36.345144
          ],
          [
            140.364882,
            36.343543
          ],
          [
            140.364042,
            36.341426
          ],
          [
            140.363909,
            36.341094
          ],
          [
            140.363601,
            36.340296
          ],
          [
            140.363168,
            36.339273
          ],
          [
            140.362759,
            36.338362
          ],
          [
            140.362436,
            36.337705
          ],
          [
            140.361875,
            36.336722
          ],
          [
            140.361486,
            36.336104
          ],
          [
            140.361165,
            36.335613
          ],
          [
            140.360799,
            36.335103
          ],
          [
            140.359998,
            36.334079
          ],
          [
            140.359282,
            36.333247
          ],
          [
            140.358656,
            36.332598
          ],
          [
            140.357725,
            36.331716
          ],
          [
            140.357383,
            36.331411
          ],
          [
            140.3561,
            36.330378
          ],
          [
            140.355381,
            36.329835
          ],
          [
            140.35183,
            36.327335
          ],
          [
            140.351299,
            36.326938
          ],
          [
            140.350275,
            36.326097
          ],
          [
            140.349709,
            36.325589
          ],
          [
            140.34901,
            36.324924
          ],
          [
            140.348291,
            36.324145
          ],
          [
            140.347912,
            36.323703
          ],
          [
            140.347344,
            36.322999
          ],
          [
            140.346978,
            36.322492
          ],
          [
            140.346625,
            36.321982
          ],
          [
            140.346211,
            36.321334
          ],
          [
            140.345911,
            36.320824
          ],
          [
            140.345578,
            36.320223
          ],
          [
            140.34505,
            36.319106
          ],
          [
            140.344747,
            36.318408
          ],
          [
            140.344398,
            36.31752
          ],
          [
            140.343783,
            36.31592
          ],
          [
            140.343665,
            36.315621
          ],
          [
            140.342903,
            36.313723
          ],
          [
            140.340066,
            36.306498
          ],
          [
            140.339246,
            36.304439
          ],
          [
            140.33857,
            36.302887
          ],
          [
            140.338187,
            36.302082
          ],
          [
            140.337552,
            36.300801
          ],
          [
            140.336923,
            36.299665
          ],
          [
            140.336087,
            36.298258
          ],
          [
            140.335211,
            36.296904
          ],
          [
            140.334434,
            36.29579
          ],
          [
            140.333499,
            36.294534
          ],
          [
            140.332959,
            36.293838
          ],
          [
            140.332316,
            36.293048
          ],
          [
            140.330795,
            36.291355
          ],
          [
            140.329544,
            36.290061
          ],
          [
            140.328603,
            36.28915
          ],
          [
            140.327853,
            36.288451
          ],
          [
            140.32699,
            36.287673
          ],
          [
            140.326172,
            36.286979
          ],
          [
            140.325216,
            36.286199
          ],
          [
            140.324269,
            36.285478
          ],
          [
            140.322469,
            36.284172
          ],
          [
            140.319906,
            36.282418
          ],
          [
            140.319532,
            36.282169
          ],
          [
            140.31705,
            36.280492
          ],
          [
            140.31253,
            36.27742
          ],
          [
            140.310943,
            36.276234
          ],
          [
            140.310027,
            36.275497
          ],
          [
            140.309128,
            36.274746
          ],
          [
            140.308333,
            36.274048
          ],
          [
            140.307741,
            36.273501
          ],
          [
            140.306425,
            36.272182
          ],
          [
            140.306137,
            36.271868
          ],
          [
            140.305259,
            36.270891
          ],
          [
            140.304554,
            36.270054
          ],
          [
            140.303782,
            36.269083
          ],
          [
            140.303122,
            36.268174
          ],
          [
            140.302435,
            36.267185
          ],
          [
            140.301331,
            36.265396
          ],
          [
            140.300917,
            36.264654
          ],
          [
            140.300531,
            36.263916
          ],
          [
            140.300064,
            36.262949
          ],
          [
            140.299672,
            36.262089
          ],
          [
            140.299333,
            36.261275
          ],
          [
            140.298958,
            36.260298
          ],
          [
            140.298643,
            36.259386
          ],
          [
            140.298317,
            36.258322
          ],
          [
            140.298091,
            36.25748
          ],
          [
            140.297912,
            36.25675
          ],
          [
            140.297685,
            36.255647
          ],
          [
            140.297505,
            36.254581
          ],
          [
            140.29735,
            36.253383
          ],
          [
            140.297242,
            36.252247
          ],
          [
            140.297179,
            36.250594
          ],
          [
            140.297199,
            36.249162
          ],
          [
            140.2973,
            36.247155
          ],
          [
            140.297649,
            36.242958
          ],
          [
            140.297699,
            36.241897
          ],
          [
            140.297746,
            36.240274
          ],
          [
            140.297724,
            36.239107
          ],
          [
            140.297702,
            36.238624
          ],
          [
            140.29757,
            36.237193
          ],
          [
            140.297457,
            36.236473
          ],
          [
            140.297321,
            36.235789
          ],
          [
            140.297188,
            36.235197
          ],
          [
            140.297013,
            36.23459
          ],
          [
            140.296683,
            36.233607
          ],
          [
            140.296487,
            36.233125
          ],
          [
            140.296012,
            36.232135
          ],
          [
            140.295714,
            36.23157
          ],
          [
            140.295439,
            36.23111
          ],
          [
            140.294766,
            36.230121
          ],
          [
            140.294392,
            36.229622
          ],
          [
            140.293903,
            36.229047
          ],
          [
            140.293389,
            36.228478
          ],
          [
            140.292404,
            36.227542
          ],
          [
            140.291232,
            36.226558
          ],
          [
            140.290697,
            36.226162
          ],
          [
            140.290057,
            36.225735
          ],
          [
            140.289202,
            36.225206
          ],
          [
            140.28852,
            36.22483
          ],
          [
            140.28759,
            36.224345
          ],
          [
            140.286264,
            36.223695
          ],
          [
            140.285724,
            36.223433
          ],
          [
            140.285087,
            36.223128
          ],
          [
            140.284578,
            36.222891
          ],
          [
            140.284233,
            36.222708
          ],
          [
            140.283139,
            36.222013
          ],
          [
            140.28253,
            36.221593
          ],
          [
            140.28194,
            36.221154
          ],
          [
            140.281592,
            36.2209
          ],
          [
            140.280805,
            36.220355
          ],
          [
            140.280716,
            36.220272
          ],
          [
            140.280647,
            36.220185
          ],
          [
            140.280602,
            36.220088
          ],
          [
            140.280584,
            36.219986
          ],
          [
            140.280594,
            36.219875
          ],
          [
            140.280632,
            36.219782
          ],
          [
            140.280695,
            36.219697
          ],
          [
            140.280783,
            36.219619
          ],
          [
            140.28091,
            36.21956
          ],
          [
            140.281055,
            36.219525
          ],
          [
            140.281203,
            36.219523
          ],
          [
            140.281337,
            36.219551
          ],
          [
            140.281459,
            36.219606
          ],
          [
            140.281555,
            36.219675
          ],
          [
            140.281633,
            36.219766
          ],
          [
            140.281686,
            36.219864
          ],
          [
            140.28181,
            36.220353
          ],
          [
            140.281919,
            36.220389
          ],
          [
            140.282014,
            36.220359
          ],
          [
            140.282081,
            36.220291
          ],
          [
            140.282097,
            36.220211
          ],
          [
            140.282014,
            36.219815
          ],
          [
            140.282044,
            36.219744
          ],
          [
            140.282152,
            36.21964
          ],
          [
            140.281454,
            36.21921
          ],
          [
            140.280748,
            36.218782
          ],
          [
            140.281296,
            36.218544
          ],
          [
            140.281969,
            36.218237
          ],
          [
            140.282683,
            36.218017
          ],
          [
            140.282752,
            36.217992
          ],
          [
            140.282804,
            36.217946
          ],
          [
            140.282815,
            36.217856
          ],
          [
            140.282754,
            36.21756
          ],
          [
            140.282666,
            36.217202
          ],
          [
            140.282541,
            36.216841
          ],
          [
            140.282228,
            36.216204
          ],
          [
            140.282069,
            36.215876
          ],
          [
            140.281867,
            36.2154
          ],
          [
            140.281645,
            36.21479
          ],
          [
            140.281411,
            36.213933
          ],
          [
            140.28119,
            36.212945
          ],
          [
            140.281084,
            36.212454
          ],
          [
            140.280938,
            36.211752
          ],
          [
            140.28091,
            36.211614
          ],
          [
            140.280861,
            36.211383
          ],
          [
            140.280813,
            36.211173
          ],
          [
            140.280645,
            36.210471
          ],
          [
            140.280533,
            36.21008
          ],
          [
            140.279911,
            36.207968
          ],
          [
            140.279834,
            36.207711
          ],
          [
            140.280455,
            36.207417
          ],
          [
            140.280654,
            36.207363
          ],
          [
            140.281272,
            36.207127
          ],
          [
            140.281609,
            36.207001
          ],
          [
            140.28162,
            36.206997
          ],
          [
            140.28199,
            36.206865
          ],
          [
            140.282443,
            36.206736
          ],
          [
            140.28262,
            36.206674
          ],
          [
            140.282734,
            36.206613
          ],
          [
            140.282865,
            36.206528
          ],
          [
            140.283696,
            36.205991
          ],
          [
            140.283929,
            36.205908
          ],
          [
            140.284242,
            36.2057
          ],
          [
            140.284951,
            36.205053
          ],
          [
            140.285026,
            36.204999
          ],
          [
            140.285255,
            36.204921
          ],
          [
            140.285408,
            36.204886
          ],
          [
            140.285601,
            36.204789
          ],
          [
            140.285656,
            36.204761
          ],
          [
            140.285924,
            36.204658
          ],
          [
            140.286209,
            36.2046
          ],
          [
            140.286335,
            36.204597
          ],
          [
            140.286494,
            36.204594
          ],
          [
            140.287094,
            36.204478
          ],
          [
            140.28638,
            36.20355
          ],
          [
            140.28613,
            36.203205
          ],
          [
            140.285774,
            36.202712
          ],
          [
            140.285435,
            36.202252
          ],
          [
            140.285252,
            36.201989
          ],
          [
            140.285188,
            36.201897
          ],
          [
            140.284523,
            36.200973
          ],
          [
            140.283555,
            36.199652
          ],
          [
            140.282475,
            36.19814
          ],
          [
            140.2823,
            36.197901
          ],
          [
            140.282264,
            36.197852
          ],
          [
            140.282174,
            36.197729
          ],
          [
            140.2815,
            36.196803
          ],
          [
            140.281422,
            36.196697
          ],
          [
            140.281254,
            36.196455
          ],
          [
            140.280699,
            36.195732
          ],
          [
            140.281367,
            36.195181
          ],
          [
            140.281422,
            36.19514
          ],
          [
            140.28185,
            36.194797
          ],
          [
            140.282142,
            36.194563
          ],
          [
            140.282505,
            36.194268
          ],
          [
            140.282705,
            36.194126
          ],
          [
            140.282982,
            36.193912
          ],
          [
            140.283295,
            36.193665
          ],
          [
            140.283495,
            36.193509
          ],
          [
            140.284162,
            36.193017
          ],
          [
            140.284326,
            36.192887
          ],
          [
            140.284766,
            36.192549
          ],
          [
            140.284928,
            36.19246
          ],
          [
            140.285164,
            36.192367
          ],
          [
            140.285656,
            36.192232
          ],
          [
            140.285923,
            36.192101
          ],
          [
            140.286289,
            36.191765
          ],
          [
            140.286588,
            36.191545
          ],
          [
            140.286847,
            36.191415
          ],
          [
            140.287063,
            36.191335
          ],
          [
            140.287338,
            36.191262
          ],
          [
            140.287954,
            36.19116
          ],
          [
            140.288534,
            36.191055
          ],
          [
            140.28879,
            36.190964
          ],
          [
            140.288989,
            36.19087
          ],
          [
            140.289193,
            36.190727
          ],
          [
            140.289532,
            36.190474
          ],
          [
            140.290013,
            36.190155
          ],
          [
            140.291107,
            36.18943
          ],
          [
            140.291333,
            36.189272
          ],
          [
            140.292138,
            36.188728
          ],
          [
            140.292374,
            36.188522
          ],
          [
            140.292406,
            36.188488
          ],
          [
            140.292559,
            36.188307
          ],
          [
            140.292631,
            36.188187
          ],
          [
            140.292795,
            36.187776
          ],
          [
            140.292834,
            36.187555
          ],
          [
            140.29288,
            36.187058
          ],
          [
            140.293708,
            36.186925
          ],
          [
            140.294421,
            36.186811
          ],
          [
            140.295506,
            36.18665
          ],
          [
            140.295989,
            36.186574
          ],
          [
            140.296711,
            36.186463
          ],
          [
            140.29722,
            36.186387
          ],
          [
            140.297411,
            36.186357
          ],
          [
            140.297835,
            36.186292
          ],
          [
            140.298288,
            36.186225
          ],
          [
            140.298693,
            36.186161
          ],
          [
            140.299188,
            36.186083
          ],
          [
            140.300225,
            36.18592
          ],
          [
            140.300693,
            36.185791
          ],
          [
            140.301156,
            36.185591
          ],
          [
            140.301487,
            36.185398
          ],
          [
            140.302604,
            36.184678
          ],
          [
            140.302962,
            36.184448
          ],
          [
            140.303133,
            36.184333
          ],
          [
            140.304141,
            36.183658
          ],
          [
            140.304687,
            36.183308
          ],
          [
            140.304826,
            36.183213
          ],
          [
            140.304955,
            36.183128
          ],
          [
            140.305187,
            36.182984
          ],
          [
            140.305365,
            36.182866
          ],
          [
            140.305971,
            36.18247
          ],
          [
            140.307257,
            36.181651
          ],
          [
            140.307587,
            36.181457
          ],
          [
            140.307947,
            36.181275
          ],
          [
            140.308173,
            36.181178
          ],
          [
            140.308751,
            36.180996
          ],
          [
            140.3094,
            36.180853
          ],
          [
            140.310641,
            36.18062
          ],
          [
            140.311328,
            36.180491
          ],
          [
            140.313862,
            36.180003
          ],
          [
            140.313955,
            36.179984
          ],
          [
            140.315231,
            36.179751
          ],
          [
            140.316164,
            36.179573
          ],
          [
            140.317053,
            36.179402
          ],
          [
            140.318254,
            36.179169
          ],
          [
            140.318853,
            36.17906
          ],
          [
            140.319689,
            36.178901
          ],
          [
            140.321165,
            36.178617
          ],
          [
            140.321684,
            36.178522
          ],
          [
            140.323793,
            36.178123
          ],
          [
            140.324428,
            36.17799
          ],
          [
            140.325727,
            36.177755
          ],
          [
            140.327035,
            36.177504
          ],
          [
            140.328022,
            36.177315
          ],
          [
            140.329539,
            36.177032
          ],
          [
            140.331925,
            36.176582
          ],
          [
            140.332321,
            36.176507
          ],
          [
            140.332906,
            36.176409
          ],
          [
            140.336482,
            36.175881
          ],
          [
            140.337186,
            36.175777
          ],
          [
            140.337376,
            36.175749
          ],
          [
            140.338521,
            36.175583
          ],
          [
            140.339391,
            36.175456
          ],
          [
            140.339444,
            36.17545
          ],
          [
            140.340565,
            36.17531
          ],
          [
            140.341208,
            36.17523
          ],
          [
            140.341915,
            36.175147
          ],
          [
            140.342243,
            36.175088
          ],
          [
            140.34256,
            36.17501
          ],
          [
            140.34285,
            36.17492
          ],
          [
            140.343313,
            36.174732
          ],
          [
            140.343622,
            36.174572
          ],
          [
            140.343952,
            36.174365
          ],
          [
            140.344224,
            36.174155
          ],
          [
            140.344576,
            36.173854
          ],
          [
            140.344603,
            36.17383
          ],
          [
            140.345129,
            36.17337
          ],
          [
            140.345303,
            36.173218
          ],
          [
            140.345789,
            36.172795
          ],
          [
            140.348244,
            36.17066
          ],
          [
            140.348424,
            36.170507
          ],
          [
            140.348968,
            36.170041
          ],
          [
            140.349383,
            36.16966
          ],
          [
            140.349565,
            36.16947
          ],
          [
            140.349738,
            36.169265
          ],
          [
            140.350073,
            36.168837
          ],
          [
            140.350283,
            36.16853
          ],
          [
            140.350414,
            36.168316
          ],
          [
            140.350801,
            36.167694
          ],
          [
            140.351403,
            36.166711
          ],
          [
            140.351726,
            36.16616
          ],
          [
            140.351906,
            36.165907
          ],
          [
            140.3522,
            36.165556
          ],
          [
            140.352534,
            36.165257
          ],
          [
            140.352699,
            36.16513
          ],
          [
            140.35378,
            36.164442
          ],
          [
            140.354194,
            36.164182
          ],
          [
            140.35424,
            36.164154
          ],
          [
            140.354377,
            36.164067
          ],
          [
            140.355247,
            36.163512
          ],
          [
            140.356176,
            36.162922
          ],
          [
            140.356645,
            36.162615
          ],
          [
            140.357389,
            36.16209
          ],
          [
            140.358115,
            36.161501
          ],
          [
            140.358736,
            36.160936
          ],
          [
            140.358998,
            36.160692
          ],
          [
            140.359877,
            36.159843
          ],
          [
            140.361781,
            36.158026
          ],
          [
            140.36214,
            36.157673
          ],
          [
            140.363058,
            36.156799
          ],
          [
            140.36307,
            36.156788
          ],
          [
            140.363157,
            36.15671
          ],
          [
            140.363175,
            36.156693
          ],
          [
            140.363786,
            36.156135
          ],
          [
            140.365303,
            36.154677
          ],
          [
            140.366716,
            36.153347
          ],
          [
            140.367066,
            36.152998
          ],
          [
            140.367785,
            36.15222
          ],
          [
            140.367917,
            36.152078
          ],
          [
            140.368827,
            36.151101
          ],
          [
            140.369046,
            36.150917
          ],
          [
            140.369033,
            36.150849
          ],
          [
            140.369216,
            36.150461
          ],
          [
            140.369419,
            36.150041
          ],
          [
            140.369556,
            36.149821
          ],
          [
            140.370218,
            36.149037
          ],
          [
            140.370292,
            36.148858
          ],
          [
            140.370482,
            36.148215
          ],
          [
            140.370575,
            36.14807
          ],
          [
            140.370708,
            36.147953
          ],
          [
            140.371261,
            36.147711
          ],
          [
            140.371649,
            36.147466
          ],
          [
            140.371936,
            36.147283
          ],
          [
            140.372522,
            36.14683
          ],
          [
            140.372768,
            36.146711
          ],
          [
            140.372896,
            36.146675
          ],
          [
            140.373539,
            36.146619
          ],
          [
            140.373792,
            36.146538
          ],
          [
            140.374581,
            36.146146
          ],
          [
            140.374834,
            36.145987
          ],
          [
            140.375149,
            36.145754
          ],
          [
            140.375431,
            36.145539
          ],
          [
            140.375794,
            36.145195
          ],
          [
            140.375955,
            36.145088
          ],
          [
            140.376687,
            36.144656
          ],
          [
            140.376792,
            36.144605
          ],
          [
            140.376881,
            36.144599
          ],
          [
            140.377108,
            36.144416
          ],
          [
            140.377281,
            36.144302
          ],
          [
            140.3784,
            36.143616
          ],
          [
            140.379097,
            36.143183
          ],
          [
            140.379956,
            36.142795
          ],
          [
            140.380471,
            36.142636
          ],
          [
            140.380518,
            36.142624
          ],
          [
            140.381508,
            36.142437
          ],
          [
            140.382114,
            36.142309
          ],
          [
            140.382702,
            36.142119
          ],
          [
            140.382923,
            36.142029
          ],
          [
            140.383625,
            36.141668
          ],
          [
            140.383761,
            36.141593
          ],
          [
            140.384547,
            36.14116
          ],
          [
            140.384873,
            36.140963
          ],
          [
            140.385702,
            36.140428
          ],
          [
            140.38588,
            36.140294
          ],
          [
            140.386096,
            36.140113
          ],
          [
            140.386517,
            36.139649
          ],
          [
            140.387145,
            36.138846
          ],
          [
            140.388402,
            36.137233
          ],
          [
            140.388473,
            36.137141
          ],
          [
            140.388726,
            36.136818
          ],
          [
            140.390532,
            36.1345
          ],
          [
            140.390829,
            36.13416
          ],
          [
            140.391303,
            36.133728
          ],
          [
            140.391845,
            36.133346
          ],
          [
            140.392192,
            36.133151
          ],
          [
            140.392538,
            36.132982
          ],
          [
            140.393728,
            36.132423
          ],
          [
            140.394078,
            36.132261
          ],
          [
            140.394555,
            36.131982
          ],
          [
            140.394892,
            36.131703
          ],
          [
            140.395096,
            36.131486
          ],
          [
            140.395274,
            36.131257
          ],
          [
            140.395462,
            36.130925
          ],
          [
            140.395565,
            36.130671
          ],
          [
            140.396364,
            36.127535
          ],
          [
            140.396465,
            36.127298
          ],
          [
            140.396642,
            36.126991
          ],
          [
            140.396814,
            36.126769
          ],
          [
            140.397218,
            36.126327
          ],
          [
            140.397308,
            36.126232
          ],
          [
            140.398113,
            36.125381
          ],
          [
            140.398933,
            36.124506
          ],
          [
            140.399236,
            36.124146
          ],
          [
            140.399562,
            36.12367
          ],
          [
            140.399796,
            36.123236
          ],
          [
            140.400042,
            36.122642
          ],
          [
            140.400588,
            36.121273
          ],
          [
            140.400636,
            36.121163
          ],
          [
            140.40067,
            36.121097
          ],
          [
            140.401431,
            36.119706
          ],
          [
            140.401564,
            36.119396
          ],
          [
            140.401642,
            36.119128
          ],
          [
            140.401675,
            36.118938
          ],
          [
            140.401704,
            36.118423
          ],
          [
            140.401742,
            36.117565
          ],
          [
            140.401772,
            36.116939
          ],
          [
            140.401838,
            36.116583
          ],
          [
            140.401922,
            36.11635
          ],
          [
            140.402107,
            36.115957
          ],
          [
            140.402402,
            36.115428
          ],
          [
            140.402558,
            36.115084
          ],
          [
            140.402645,
            36.114824
          ],
          [
            140.40271,
            36.11455
          ],
          [
            140.40273,
            36.114424
          ],
          [
            140.402731,
            36.11413
          ],
          [
            140.402714,
            36.113758
          ],
          [
            140.402716,
            36.113628
          ],
          [
            140.402691,
            36.112913
          ],
          [
            140.402686,
            36.112821
          ],
          [
            140.402479,
            36.109623
          ],
          [
            140.402497,
            36.109241
          ],
          [
            140.402572,
            36.108866
          ],
          [
            140.402665,
            36.108612
          ],
          [
            140.402898,
            36.108209
          ],
          [
            140.403126,
            36.107914
          ],
          [
            140.403419,
            36.107639
          ],
          [
            140.403798,
            36.107365
          ],
          [
            140.404182,
            36.107159
          ],
          [
            140.404497,
            36.107026
          ],
          [
            140.404988,
            36.106898
          ],
          [
            140.405179,
            36.106863
          ],
          [
            140.406121,
            36.106753
          ],
          [
            140.407271,
            36.106635
          ],
          [
            140.407452,
            36.106615
          ],
          [
            140.407742,
            36.10658
          ],
          [
            140.408229,
            36.106471
          ],
          [
            140.408666,
            36.106319
          ],
          [
            140.408948,
            36.106187
          ],
          [
            140.409233,
            36.106015
          ],
          [
            140.409503,
            36.10582
          ],
          [
            140.409887,
            36.105438
          ],
          [
            140.410517,
            36.10475
          ],
          [
            140.410554,
            36.104709
          ],
          [
            140.410774,
            36.104483
          ],
          [
            140.410801,
            36.104457
          ],
          [
            140.411074,
            36.104179
          ],
          [
            140.410724,
            36.104
          ],
          [
            140.410462,
            36.10377
          ],
          [
            140.410347,
            36.103628
          ],
          [
            140.410202,
            36.103387
          ],
          [
            140.410038,
            36.102877
          ],
          [
            140.409979,
            36.102739
          ],
          [
            140.409818,
            36.102474
          ],
          [
            140.409658,
            36.102281
          ],
          [
            140.409175,
            36.10176
          ],
          [
            140.40905,
            36.101602
          ],
          [
            140.408734,
            36.101303
          ],
          [
            140.408448,
            36.101101
          ],
          [
            140.407569,
            36.100638
          ],
          [
            140.407272,
            36.100536
          ],
          [
            140.406201,
            36.100257
          ],
          [
            140.405765,
            36.100105
          ],
          [
            140.405541,
            36.10002
          ],
          [
            140.405221,
            36.099915
          ],
          [
            140.404896,
            36.099843
          ],
          [
            140.404571,
            36.099805
          ],
          [
            140.403635,
            36.099748
          ],
          [
            140.403571,
            36.099731
          ],
          [
            140.403446,
            36.099652
          ],
          [
            140.403394,
            36.0996
          ],
          [
            140.403351,
            36.099468
          ],
          [
            140.403353,
            36.099385
          ],
          [
            140.403391,
            36.099294
          ],
          [
            140.403698,
            36.098691
          ],
          [
            140.403754,
            36.09851
          ],
          [
            140.403819,
            36.09802
          ],
          [
            140.403912,
            36.097605
          ],
          [
            140.404086,
            36.096659
          ],
          [
            140.403891,
            36.096634
          ],
          [
            140.403797,
            36.096584
          ],
          [
            140.403661,
            36.096491
          ]
        ]
      },
      "properties": {
        "order": 14,
        "from": "日立おさかなセンター",
        "to": "たまつくり",
        "title": "日立おさかなセンター → たまつくり",
        "distance_meters": 71949,
        "duration_seconds": 3966.4
      }
    },
    {
      "type": "Feature",
      "geometry": {
        "type": "LineString",
        "coordinates": [
          [
            140.403661,
            36.096491
          ],
          [
            140.403797,
            36.096584
          ],
          [
            140.403891,
            36.096634
          ],
          [
            140.404086,
            36.096659
          ],
          [
            140.404163,
            36.096167
          ],
          [
            140.403638,
            36.09581
          ],
          [
            140.402953,
            36.095329
          ],
          [
            140.402358,
            36.094926
          ],
          [
            140.402304,
            36.094888
          ],
          [
            140.393647,
            36.089015
          ],
          [
            140.393588,
            36.088975
          ],
          [
            140.392823,
            36.088471
          ],
          [
            140.392269,
            36.088172
          ],
          [
            140.391893,
            36.088015
          ],
          [
            140.39149,
            36.087883
          ],
          [
            140.391074,
            36.087773
          ],
          [
            140.390948,
            36.08774
          ],
          [
            140.390688,
            36.087686
          ],
          [
            140.390317,
            36.087634
          ],
          [
            140.389931,
            36.087598
          ],
          [
            140.389201,
            36.087596
          ],
          [
            140.388797,
            36.08763
          ],
          [
            140.388394,
            36.087681
          ],
          [
            140.388051,
            36.087749
          ],
          [
            140.387575,
            36.087879
          ],
          [
            140.387304,
            36.087965
          ],
          [
            140.386984,
            36.088088
          ],
          [
            140.386459,
            36.088344
          ],
          [
            140.385318,
            36.088979
          ],
          [
            140.384116,
            36.08965
          ],
          [
            140.383411,
            36.090043
          ],
          [
            140.382419,
            36.090597
          ],
          [
            140.382162,
            36.090741
          ],
          [
            140.381181,
            36.091278
          ],
          [
            140.380624,
            36.09151
          ],
          [
            140.380342,
            36.091595
          ],
          [
            140.379806,
            36.091715
          ],
          [
            140.379247,
            36.091788
          ],
          [
            140.378681,
            36.091795
          ],
          [
            140.37857,
            36.09179
          ],
          [
            140.37823,
            36.091759
          ],
          [
            140.37798,
            36.091719
          ],
          [
            140.37673,
            36.091471
          ],
          [
            140.376385,
            36.091425
          ],
          [
            140.376013,
            36.091402
          ],
          [
            140.375657,
            36.091397
          ],
          [
            140.375304,
            36.091412
          ],
          [
            140.374738,
            36.091473
          ],
          [
            140.374484,
            36.091519
          ],
          [
            140.37423,
            36.091573
          ],
          [
            140.373679,
            36.091724
          ],
          [
            140.373225,
            36.091891
          ],
          [
            140.372728,
            36.092126
          ],
          [
            140.371274,
            36.092947
          ],
          [
            140.369269,
            36.094058
          ],
          [
            140.368787,
            36.0943
          ],
          [
            140.368233,
            36.094549
          ],
          [
            140.367511,
            36.094849
          ],
          [
            140.366765,
            36.095119
          ],
          [
            140.365859,
            36.095402
          ],
          [
            140.365234,
            36.09557
          ],
          [
            140.363294,
            36.096104
          ],
          [
            140.362227,
            36.096396
          ],
          [
            140.361576,
            36.096555
          ],
          [
            140.361174,
            36.096603
          ],
          [
            140.360798,
            36.096595
          ],
          [
            140.360503,
            36.096549
          ],
          [
            140.360323,
            36.096505
          ],
          [
            140.359639,
            36.096298
          ],
          [
            140.359499,
            36.096251
          ],
          [
            140.359326,
            36.096196
          ],
          [
            140.355251,
            36.094891
          ],
          [
            140.354387,
            36.094656
          ],
          [
            140.353665,
            36.094544
          ],
          [
            140.353314,
            36.09452
          ],
          [
            140.352937,
            36.094515
          ],
          [
            140.352375,
            36.094542
          ],
          [
            140.351165,
            36.094675
          ],
          [
            140.350796,
            36.094696
          ],
          [
            140.349475,
            36.094693
          ],
          [
            140.34893,
            36.094681
          ],
          [
            140.34617,
            36.094637
          ],
          [
            140.345587,
            36.094611
          ],
          [
            140.344218,
            36.094517
          ],
          [
            140.342937,
            36.094453
          ],
          [
            140.342334,
            36.094476
          ],
          [
            140.34208,
            36.09451
          ],
          [
            140.340585,
            36.094671
          ],
          [
            140.340028,
            36.094728
          ],
          [
            140.339526,
            36.09475
          ],
          [
            140.339236,
            36.094743
          ],
          [
            140.338741,
            36.094701
          ],
          [
            140.337354,
            36.094535
          ],
          [
            140.336098,
            36.09438
          ],
          [
            140.335553,
            36.094311
          ],
          [
            140.335025,
            36.094245
          ],
          [
            140.33445,
            36.094172
          ],
          [
            140.334401,
            36.094458
          ],
          [
            140.334341,
            36.094568
          ],
          [
            140.334174,
            36.094681
          ],
          [
            140.331044,
            36.096411
          ],
          [
            140.330145,
            36.097012
          ],
          [
            140.329592,
            36.097392
          ],
          [
            140.328415,
            36.098465
          ],
          [
            140.328285,
            36.098528
          ],
          [
            140.328084,
            36.098794
          ],
          [
            140.32727,
            36.099635
          ],
          [
            140.326817,
            36.100111
          ],
          [
            140.325867,
            36.101097
          ],
          [
            140.325755,
            36.101195
          ],
          [
            140.32535,
            36.10155
          ],
          [
            140.325164,
            36.101713
          ],
          [
            140.324426,
            36.102239
          ],
          [
            140.324203,
            36.102396
          ],
          [
            140.323855,
            36.102775
          ],
          [
            140.323431,
            36.103279
          ],
          [
            140.323301,
            36.1034
          ],
          [
            140.323109,
            36.103569
          ],
          [
            140.322803,
            36.103787
          ],
          [
            140.322671,
            36.10388
          ],
          [
            140.32119,
            36.10464
          ],
          [
            140.320152,
            36.105115
          ],
          [
            140.319502,
            36.105387
          ],
          [
            140.319036,
            36.105577
          ],
          [
            140.31861,
            36.105765
          ],
          [
            140.318195,
            36.105949
          ],
          [
            140.317448,
            36.106279
          ],
          [
            140.31679,
            36.10657
          ],
          [
            140.316551,
            36.106709
          ],
          [
            140.316105,
            36.106968
          ],
          [
            140.315334,
            36.107478
          ],
          [
            140.314148,
            36.108438
          ],
          [
            140.313513,
            36.10806
          ],
          [
            140.313171,
            36.107914
          ],
          [
            140.312953,
            36.107821
          ],
          [
            140.312704,
            36.107941
          ],
          [
            140.312167,
            36.108146
          ],
          [
            140.309932,
            36.108879
          ],
          [
            140.309098,
            36.109193
          ],
          [
            140.30805,
            36.1096
          ],
          [
            140.307173,
            36.109936
          ],
          [
            140.306695,
            36.110039
          ],
          [
            140.306041,
            36.110146
          ],
          [
            140.30552,
            36.110267
          ],
          [
            140.304948,
            36.110451
          ],
          [
            140.304355,
            36.11061
          ],
          [
            140.303471,
            36.110878
          ],
          [
            140.30339,
            36.110909
          ],
          [
            140.301809,
            36.111529
          ],
          [
            140.301089,
            36.111738
          ],
          [
            140.298039,
            36.112646
          ],
          [
            140.29765,
            36.11274
          ],
          [
            140.297019,
            36.112766
          ],
          [
            140.295006,
            36.112726
          ],
          [
            140.292716,
            36.112707
          ],
          [
            140.291412,
            36.112687
          ],
          [
            140.29047,
            36.112666
          ],
          [
            140.288554,
            36.112647
          ],
          [
            140.2884,
            36.112664
          ],
          [
            140.288122,
            36.112695
          ],
          [
            140.286694,
            36.113049
          ],
          [
            140.28559,
            36.113321
          ],
          [
            140.283925,
            36.113729
          ],
          [
            140.282102,
            36.114176
          ],
          [
            140.281232,
            36.114383
          ],
          [
            140.279414,
            36.11486
          ],
          [
            140.277846,
            36.115271
          ],
          [
            140.277216,
            36.115381
          ],
          [
            140.276889,
            36.115364
          ],
          [
            140.276745,
            36.115326
          ],
          [
            140.275715,
            36.11516
          ],
          [
            140.27522,
            36.115093
          ],
          [
            140.274998,
            36.115104
          ],
          [
            140.274765,
            36.115144
          ],
          [
            140.273981,
            36.115361
          ],
          [
            140.273155,
            36.115576
          ],
          [
            140.272112,
            36.115848
          ],
          [
            140.271055,
            36.116124
          ],
          [
            140.269271,
            36.116594
          ],
          [
            140.267599,
            36.117034
          ],
          [
            140.266446,
            36.11733
          ],
          [
            140.26469,
            36.117774
          ],
          [
            140.264518,
            36.117818
          ],
          [
            140.263411,
            36.11811
          ],
          [
            140.262682,
            36.118297
          ],
          [
            140.262079,
            36.118452
          ],
          [
            140.26161,
            36.11858
          ],
          [
            140.26056,
            36.118848
          ],
          [
            140.258684,
            36.119319
          ],
          [
            140.255905,
            36.120037
          ],
          [
            140.255655,
            36.120105
          ],
          [
            140.254493,
            36.120365
          ],
          [
            140.254071,
            36.120458
          ],
          [
            140.25312,
            36.120656
          ],
          [
            140.252528,
            36.120779
          ],
          [
            140.252192,
            36.120835
          ],
          [
            140.251908,
            36.120878
          ],
          [
            140.251885,
            36.120881
          ],
          [
            140.251006,
            36.120988
          ],
          [
            140.250635,
            36.121002
          ],
          [
            140.25059,
            36.1212
          ],
          [
            140.250546,
            36.121667
          ],
          [
            140.250536,
            36.121805
          ],
          [
            140.250568,
            36.121921
          ],
          [
            140.250543,
            36.121953
          ],
          [
            140.250303,
            36.122131
          ],
          [
            140.250153,
            36.122168
          ],
          [
            140.249477,
            36.122263
          ],
          [
            140.24922,
            36.121858
          ],
          [
            140.249103,
            36.121702
          ],
          [
            140.249023,
            36.121623
          ],
          [
            140.248347,
            36.12111
          ],
          [
            140.248073,
            36.120804
          ],
          [
            140.247765,
            36.120934
          ],
          [
            140.246983,
            36.121268
          ],
          [
            140.246511,
            36.121497
          ],
          [
            140.245933,
            36.121744
          ],
          [
            140.245284,
            36.121997
          ],
          [
            140.244562,
            36.122254
          ],
          [
            140.244094,
            36.12239
          ],
          [
            140.243859,
            36.122471
          ],
          [
            140.243397,
            36.122619
          ],
          [
            140.242591,
            36.122878
          ],
          [
            140.242131,
            36.123055
          ],
          [
            140.2418,
            36.123182
          ],
          [
            140.240991,
            36.12343
          ],
          [
            140.240599,
            36.123578
          ],
          [
            140.239592,
            36.123893
          ],
          [
            140.238852,
            36.124137
          ],
          [
            140.23877,
            36.124166
          ],
          [
            140.237297,
            36.124658
          ],
          [
            140.235782,
            36.125157
          ],
          [
            140.234273,
            36.125635
          ],
          [
            140.233761,
            36.125796
          ],
          [
            140.233039,
            36.126022
          ],
          [
            140.232073,
            36.126347
          ],
          [
            140.231419,
            36.126561
          ],
          [
            140.231352,
            36.126583
          ],
          [
            140.231002,
            36.126687
          ],
          [
            140.230571,
            36.126861
          ],
          [
            140.230388,
            36.126967
          ],
          [
            140.230202,
            36.127086
          ],
          [
            140.230026,
            36.127223
          ],
          [
            140.22967,
            36.127572
          ],
          [
            140.228719,
            36.12858
          ],
          [
            140.22782,
            36.129537
          ],
          [
            140.226787,
            36.130634
          ],
          [
            140.226154,
            36.131318
          ],
          [
            140.225845,
            36.131165
          ],
          [
            140.225803,
            36.131144
          ],
          [
            140.224409,
            36.130428
          ],
          [
            140.223359,
            36.129898
          ],
          [
            140.22257,
            36.129499
          ],
          [
            140.22061,
            36.128506
          ],
          [
            140.220281,
            36.12834
          ],
          [
            140.219544,
            36.12797
          ],
          [
            140.218887,
            36.127634
          ],
          [
            140.218119,
            36.127186
          ],
          [
            140.217832,
            36.126988
          ],
          [
            140.217267,
            36.12657
          ],
          [
            140.216875,
            36.126284
          ],
          [
            140.215944,
            36.125517
          ],
          [
            140.214952,
            36.124621
          ],
          [
            140.213668,
            36.12335
          ],
          [
            140.213599,
            36.123177
          ],
          [
            140.212811,
            36.122182
          ],
          [
            140.21155,
            36.120457
          ],
          [
            140.210919,
            36.119721
          ],
          [
            140.210636,
            36.119447
          ],
          [
            140.209978,
            36.118857
          ],
          [
            140.2084,
            36.117657
          ],
          [
            140.201621,
            36.112498
          ],
          [
            140.201341,
            36.112296
          ],
          [
            140.200513,
            36.111601
          ],
          [
            140.199987,
            36.111141
          ],
          [
            140.199315,
            36.110497
          ],
          [
            140.199182,
            36.110258
          ],
          [
            140.198423,
            36.109338
          ],
          [
            140.197817,
            36.108514
          ],
          [
            140.197734,
            36.108411
          ],
          [
            140.19768,
            36.108447
          ],
          [
            140.197426,
            36.108616
          ],
          [
            140.197359,
            36.108661
          ],
          [
            140.196801,
            36.109046
          ],
          [
            140.196118,
            36.109629
          ],
          [
            140.195513,
            36.11024
          ],
          [
            140.194966,
            36.1109
          ],
          [
            140.194651,
            36.111333
          ],
          [
            140.193962,
            36.112457
          ],
          [
            140.193758,
            36.112752
          ],
          [
            140.193141,
            36.113487
          ],
          [
            140.192657,
            36.113978
          ],
          [
            140.192179,
            36.114391
          ],
          [
            140.191656,
            36.114784
          ],
          [
            140.191169,
            36.115115
          ],
          [
            140.190547,
            36.115517
          ],
          [
            140.18971,
            36.115956
          ],
          [
            140.189454,
            36.116052
          ],
          [
            140.189235,
            36.116089
          ],
          [
            140.189001,
            36.116087
          ],
          [
            140.18843,
            36.116004
          ],
          [
            140.188226,
            36.115999
          ],
          [
            140.188053,
            36.116022
          ],
          [
            140.187903,
            36.116088
          ],
          [
            140.187836,
            36.116134
          ],
          [
            140.187732,
            36.116257
          ],
          [
            140.187671,
            36.116468
          ],
          [
            140.187688,
            36.116629
          ],
          [
            140.187717,
            36.116719
          ],
          [
            140.187763,
            36.116824
          ],
          [
            140.187894,
            36.11701
          ],
          [
            140.188068,
            36.117227
          ],
          [
            140.188166,
            36.117377
          ],
          [
            140.188266,
            36.117596
          ],
          [
            140.188283,
            36.117687
          ],
          [
            140.188283,
            36.117843
          ],
          [
            140.18825,
            36.117976
          ],
          [
            140.188222,
            36.118043
          ],
          [
            140.188133,
            36.118168
          ],
          [
            140.187997,
            36.118292
          ],
          [
            140.187914,
            36.118346
          ],
          [
            140.187756,
            36.118417
          ],
          [
            140.187633,
            36.118447
          ],
          [
            140.187213,
            36.118659
          ],
          [
            140.187161,
            36.118685
          ],
          [
            140.187116,
            36.118708
          ],
          [
            140.186599,
            36.11897
          ],
          [
            140.18605,
            36.11915
          ],
          [
            140.185763,
            36.119213
          ],
          [
            140.185466,
            36.11922
          ],
          [
            140.185223,
            36.119183
          ],
          [
            140.184995,
            36.119102
          ],
          [
            140.184721,
            36.118932
          ],
          [
            140.184643,
            36.118865
          ],
          [
            140.184272,
            36.118431
          ],
          [
            140.184128,
            36.118233
          ],
          [
            140.183763,
            36.117738
          ],
          [
            140.183455,
            36.11743
          ],
          [
            140.182095,
            36.115508
          ],
          [
            140.180454,
            36.113049
          ],
          [
            140.179567,
            36.111647
          ],
          [
            140.179043,
            36.110763
          ],
          [
            140.178505,
            36.109815
          ],
          [
            140.177588,
            36.108073
          ],
          [
            140.176272,
            36.105318
          ],
          [
            140.175859,
            36.104509
          ],
          [
            140.175213,
            36.103413
          ],
          [
            140.174833,
            36.102838
          ],
          [
            140.174396,
            36.102228
          ],
          [
            140.173748,
            36.101397
          ],
          [
            140.173297,
            36.100867
          ],
          [
            140.172746,
            36.100269
          ],
          [
            140.172177,
            36.099702
          ],
          [
            140.171723,
            36.099274
          ],
          [
            140.170997,
            36.098638
          ],
          [
            140.170187,
            36.097989
          ],
          [
            140.168966,
            36.097119
          ],
          [
            140.168235,
            36.096643
          ],
          [
            140.165524,
            36.094976
          ],
          [
            140.164548,
            36.094337
          ],
          [
            140.163733,
            36.093781
          ],
          [
            140.162223,
            36.092626
          ],
          [
            140.162061,
            36.092485
          ],
          [
            140.161309,
            36.091849
          ],
          [
            140.160755,
            36.091343
          ],
          [
            140.159642,
            36.090269
          ],
          [
            140.159023,
            36.089603
          ],
          [
            140.158379,
            36.088864
          ],
          [
            140.157769,
            36.088121
          ],
          [
            140.157486,
            36.087748
          ],
          [
            140.156806,
            36.086788
          ],
          [
            140.156494,
            36.086305
          ],
          [
            140.156175,
            36.085766
          ],
          [
            140.155828,
            36.085105
          ],
          [
            140.155488,
            36.084327
          ],
          [
            140.1553,
            36.0838
          ],
          [
            140.15513,
            36.083241
          ],
          [
            140.154946,
            36.082473
          ],
          [
            140.154806,
            36.081661
          ],
          [
            140.154741,
            36.080976
          ],
          [
            140.154719,
            36.080447
          ],
          [
            140.154731,
            36.079282
          ],
          [
            140.154803,
            36.078204
          ],
          [
            140.154911,
            36.077207
          ],
          [
            140.155026,
            36.076477
          ],
          [
            140.155168,
            36.075738
          ],
          [
            140.155428,
            36.074651
          ],
          [
            140.155603,
            36.074023
          ],
          [
            140.155863,
            36.073166
          ],
          [
            140.156928,
            36.070141
          ],
          [
            140.157181,
            36.069326
          ],
          [
            140.15737,
            36.06861
          ],
          [
            140.157577,
            36.067604
          ],
          [
            140.157714,
            36.066618
          ],
          [
            140.157754,
            36.066125
          ],
          [
            140.157782,
            36.065447
          ],
          [
            140.157787,
            36.065048
          ],
          [
            140.157746,
            36.064087
          ],
          [
            140.157688,
            36.063439
          ],
          [
            140.157594,
            36.062733
          ],
          [
            140.157294,
            36.06134
          ],
          [
            140.15706,
            36.060552
          ],
          [
            140.156807,
            36.059824
          ],
          [
            140.156348,
            36.058725
          ],
          [
            140.155747,
            36.05756
          ],
          [
            140.154766,
            36.055928
          ],
          [
            140.153672,
            36.054217
          ],
          [
            140.152505,
            36.052599
          ],
          [
            140.151427,
            36.051194
          ],
          [
            140.150679,
            36.050272
          ],
          [
            140.149548,
            36.048952
          ],
          [
            140.149304,
            36.04868
          ],
          [
            140.148465,
            36.047765
          ],
          [
            140.147508,
            36.046766
          ],
          [
            140.146715,
            36.045978
          ],
          [
            140.145124,
            36.04445
          ],
          [
            140.144368,
            36.043783
          ],
          [
            140.143366,
            36.042923
          ],
          [
            140.142288,
            36.042049
          ],
          [
            140.140968,
            36.041011
          ],
          [
            140.139373,
            36.039824
          ],
          [
            140.137667,
            36.038658
          ],
          [
            140.136967,
            36.038202
          ],
          [
            140.136248,
            36.037762
          ],
          [
            140.135095,
            36.037102
          ],
          [
            140.133699,
            36.036425
          ],
          [
            140.132998,
            36.036114
          ],
          [
            140.132083,
            36.035733
          ],
          [
            140.131447,
            36.03541
          ],
          [
            140.130001,
            36.034846
          ],
          [
            140.129705,
            36.034716
          ],
          [
            140.129241,
            36.034459
          ],
          [
            140.129096,
            36.034357
          ],
          [
            140.128754,
            36.034072
          ],
          [
            140.128576,
            36.033911
          ],
          [
            140.127575,
            36.03291
          ],
          [
            140.127396,
            36.032696
          ],
          [
            140.127242,
            36.032469
          ],
          [
            140.127122,
            36.032237
          ],
          [
            140.127037,
            36.032012
          ],
          [
            140.126976,
            36.031763
          ],
          [
            140.126856,
            36.03141
          ],
          [
            140.126744,
            36.031216
          ],
          [
            140.126676,
            36.031131
          ],
          [
            140.126603,
            36.031064
          ],
          [
            140.126451,
            36.030968
          ],
          [
            140.126262,
            36.030897
          ],
          [
            140.126151,
            36.030876
          ],
          [
            140.126035,
            36.030865
          ],
          [
            140.125804,
            36.03088
          ],
          [
            140.125578,
            36.030942
          ],
          [
            140.125473,
            36.030992
          ],
          [
            140.125271,
            36.031139
          ],
          [
            140.125023,
            36.031407
          ],
          [
            140.12488,
            36.031609
          ],
          [
            140.12468,
            36.03196
          ],
          [
            140.124454,
            36.032292
          ],
          [
            140.124344,
            36.032438
          ],
          [
            140.124022,
            36.032791
          ],
          [
            140.123669,
            36.033097
          ],
          [
            140.123106,
            36.033504
          ],
          [
            140.122969,
            36.03365
          ],
          [
            140.120984,
            36.034974
          ],
          [
            140.12023,
            36.035437
          ],
          [
            140.119659,
            36.035764
          ],
          [
            140.117842,
            36.036773
          ],
          [
            140.116195,
            36.037741
          ],
          [
            140.1153,
            36.03829
          ],
          [
            140.113561,
            36.039472
          ],
          [
            140.112876,
            36.039976
          ],
          [
            140.111835,
            36.040788
          ],
          [
            140.1105,
            36.041895
          ],
          [
            140.109896,
            36.042444
          ],
          [
            140.109278,
            36.04305
          ],
          [
            140.108786,
            36.043573
          ],
          [
            140.108249,
            36.044214
          ],
          [
            140.107972,
            36.044572
          ],
          [
            140.107583,
            36.045103
          ],
          [
            140.107195,
            36.045727
          ],
          [
            140.106921,
            36.046221
          ],
          [
            140.106642,
            36.046779
          ],
          [
            140.105955,
            36.048305
          ],
          [
            140.105505,
            36.04925
          ],
          [
            140.105052,
            36.050012
          ],
          [
            140.10475,
            36.050467
          ],
          [
            140.104172,
            36.051214
          ],
          [
            140.103827,
            36.051597
          ],
          [
            140.103442,
            36.051986
          ],
          [
            140.102638,
            36.052704
          ],
          [
            140.102057,
            36.053145
          ],
          [
            140.10134,
            36.053622
          ],
          [
            140.100705,
            36.053998
          ],
          [
            140.100269,
            36.05423
          ],
          [
            140.099796,
            36.054457
          ],
          [
            140.099265,
            36.054679
          ],
          [
            140.09822,
            36.055061
          ],
          [
            140.097756,
            36.055205
          ],
          [
            140.096591,
            36.055517
          ],
          [
            140.091856,
            36.056583
          ],
          [
            140.089055,
            36.057216
          ],
          [
            140.087756,
            36.057466
          ],
          [
            140.08681,
            36.05761
          ],
          [
            140.085961,
            36.05771
          ],
          [
            140.084392,
            36.057834
          ],
          [
            140.084223,
            36.057839
          ],
          [
            140.083485,
            36.057865
          ],
          [
            140.08276,
            36.057869
          ],
          [
            140.08182,
            36.057843
          ],
          [
            140.080931,
            36.057789
          ],
          [
            140.080103,
            36.057716
          ],
          [
            140.073695,
            36.057017
          ],
          [
            140.069497,
            36.056553
          ],
          [
            140.067651,
            36.056349
          ],
          [
            140.06039,
            36.055556
          ],
          [
            140.059361,
            36.055471
          ],
          [
            140.058144,
            36.05541
          ],
          [
            140.057145,
            36.055396
          ],
          [
            140.056349,
            36.055417
          ],
          [
            140.054958,
            36.055503
          ],
          [
            140.053958,
            36.055605
          ],
          [
            140.052984,
            36.055748
          ],
          [
            140.052277,
            36.055869
          ],
          [
            140.051789,
            36.055973
          ],
          [
            140.05157,
            36.056021
          ],
          [
            140.050575,
            36.056258
          ],
          [
            140.049549,
            36.056547
          ],
          [
            140.048661,
            36.056831
          ],
          [
            140.048078,
            36.057041
          ],
          [
            140.046514,
            36.057663
          ],
          [
            140.04586,
            36.05793
          ],
          [
            140.042691,
            36.059293
          ],
          [
            140.041096,
            36.059939
          ],
          [
            140.039805,
            36.060471
          ],
          [
            140.027582,
            36.065583
          ],
          [
            140.025125,
            36.066624
          ],
          [
            140.021483,
            36.068119
          ],
          [
            140.020457,
            36.068565
          ],
          [
            140.019848,
            36.06885
          ],
          [
            140.019292,
            36.069146
          ],
          [
            140.018587,
            36.069559
          ],
          [
            140.018035,
            36.069905
          ],
          [
            140.017482,
            36.070292
          ],
          [
            140.016487,
            36.071075
          ],
          [
            140.015908,
            36.07161
          ],
          [
            140.015427,
            36.072085
          ],
          [
            140.01504,
            36.072501
          ],
          [
            140.014298,
            36.073419
          ],
          [
            140.013926,
            36.073935
          ],
          [
            140.012955,
            36.075469
          ],
          [
            140.012653,
            36.075919
          ],
          [
            140.012334,
            36.076344
          ],
          [
            140.011668,
            36.077066
          ],
          [
            140.011258,
            36.077445
          ],
          [
            140.01086,
            36.077783
          ],
          [
            140.01029,
            36.078198
          ],
          [
            140.009757,
            36.07855
          ],
          [
            140.009287,
            36.078817
          ],
          [
            140.008333,
            36.079291
          ],
          [
            140.007813,
            36.079499
          ],
          [
            140.007316,
            36.079678
          ],
          [
            140.006814,
            36.079835
          ],
          [
            140.006233,
            36.079987
          ],
          [
            140.005708,
            36.080101
          ],
          [
            140.00514,
            36.080203
          ],
          [
            140.004045,
            36.080321
          ],
          [
            140.003455,
            36.080345
          ],
          [
            140.002884,
            36.080346
          ],
          [
            140.001736,
            36.080281
          ],
          [
            139.987165,
            36.078656
          ],
          [
            139.98683,
            36.078619
          ],
          [
            139.985555,
            36.078479
          ],
          [
            139.985469,
            36.07847
          ],
          [
            139.984613,
            36.078365
          ],
          [
            139.983471,
            36.078193
          ],
          [
            139.982308,
            36.077958
          ],
          [
            139.981337,
            36.077716
          ],
          [
            139.980404,
            36.077449
          ],
          [
            139.979398,
            36.077127
          ],
          [
            139.973023,
            36.074762
          ],
          [
            139.971703,
            36.074328
          ],
          [
            139.970996,
            36.074129
          ],
          [
            139.97035,
            36.073968
          ],
          [
            139.969093,
            36.073714
          ],
          [
            139.967792,
            36.073526
          ],
          [
            139.966666,
            36.07343
          ],
          [
            139.965898,
            36.073392
          ],
          [
            139.965026,
            36.073379
          ],
          [
            139.964145,
            36.073396
          ],
          [
            139.961223,
            36.073547
          ],
          [
            139.960192,
            36.073586
          ],
          [
            139.959091,
            36.073605
          ],
          [
            139.958689,
            36.0736
          ],
          [
            139.957789,
            36.073568
          ],
          [
            139.956824,
            36.073506
          ],
          [
            139.955834,
            36.073395
          ],
          [
            139.954914,
            36.073264
          ],
          [
            139.953784,
            36.073057
          ],
          [
            139.950061,
            36.072259
          ],
          [
            139.949091,
            36.072074
          ],
          [
            139.947378,
            36.071811
          ],
          [
            139.946397,
            36.07169
          ],
          [
            139.94536,
            36.071605
          ],
          [
            139.93346,
            36.070771
          ],
          [
            139.932832,
            36.070738
          ],
          [
            139.931724,
            36.070715
          ],
          [
            139.931164,
            36.070726
          ],
          [
            139.930043,
            36.070796
          ],
          [
            139.929405,
            36.070867
          ],
          [
            139.92873,
            36.070963
          ],
          [
            139.928022,
            36.071092
          ],
          [
            139.927298,
            36.071256
          ],
          [
            139.926489,
            36.071473
          ],
          [
            139.925773,
            36.071703
          ],
          [
            139.925063,
            36.071958
          ],
          [
            139.923821,
            36.072501
          ],
          [
            139.923127,
            36.072857
          ],
          [
            139.922399,
            36.073275
          ],
          [
            139.921835,
            36.073642
          ],
          [
            139.921344,
            36.073988
          ],
          [
            139.920877,
            36.074341
          ],
          [
            139.920546,
            36.074614
          ],
          [
            139.919727,
            36.075361
          ],
          [
            139.919579,
            36.075515
          ],
          [
            139.919268,
            36.075846
          ],
          [
            139.91783,
            36.077436
          ],
          [
            139.917266,
            36.078016
          ],
          [
            139.916831,
            36.078417
          ],
          [
            139.916304,
            36.078873
          ],
          [
            139.9157,
            36.079332
          ],
          [
            139.915111,
            36.079748
          ],
          [
            139.914521,
            36.080124
          ],
          [
            139.914263,
            36.080286
          ],
          [
            139.913548,
            36.080685
          ],
          [
            139.912821,
            36.081042
          ],
          [
            139.911625,
            36.081549
          ],
          [
            139.911067,
            36.08175
          ],
          [
            139.910411,
            36.081964
          ],
          [
            139.909627,
            36.082188
          ],
          [
            139.90882,
            36.08238
          ],
          [
            139.907025,
            36.082732
          ],
          [
            139.905236,
            36.083087
          ],
          [
            139.903985,
            36.083388
          ],
          [
            139.903231,
            36.083601
          ],
          [
            139.902022,
            36.083988
          ],
          [
            139.901378,
            36.084239
          ],
          [
            139.90006,
            36.084799
          ],
          [
            139.89936,
            36.085129
          ],
          [
            139.898446,
            36.08562
          ],
          [
            139.896683,
            36.086608
          ],
          [
            139.895702,
            36.087138
          ],
          [
            139.894519,
            36.087743
          ],
          [
            139.893257,
            36.088234
          ],
          [
            139.892641,
            36.088446
          ],
          [
            139.892375,
            36.088513
          ],
          [
            139.892059,
            36.088533
          ],
          [
            139.891927,
            36.088511
          ],
          [
            139.89182,
            36.088475
          ],
          [
            139.891638,
            36.08837
          ],
          [
            139.891561,
            36.088289
          ],
          [
            139.891498,
            36.088187
          ],
          [
            139.891474,
            36.08808
          ],
          [
            139.891481,
            36.087894
          ],
          [
            139.891525,
            36.08778
          ],
          [
            139.891855,
            36.08733
          ],
          [
            139.893286,
            36.086005
          ],
          [
            139.893554,
            36.085756
          ],
          [
            139.893665,
            36.085589
          ],
          [
            139.893278,
            36.085398
          ],
          [
            139.892438,
            36.084975
          ],
          [
            139.891995,
            36.084739
          ],
          [
            139.891783,
            36.084617
          ],
          [
            139.891493,
            36.084417
          ],
          [
            139.891086,
            36.084043
          ],
          [
            139.890813,
            36.083654
          ],
          [
            139.890693,
            36.083451
          ],
          [
            139.890501,
            36.082945
          ],
          [
            139.88992,
            36.080976
          ],
          [
            139.889824,
            36.080697
          ],
          [
            139.889694,
            36.08042
          ],
          [
            139.889584,
            36.080212
          ],
          [
            139.889091,
            36.079367
          ],
          [
            139.88831,
            36.078027
          ],
          [
            139.887721,
            36.077131
          ],
          [
            139.886653,
            36.075757
          ],
          [
            139.886622,
            36.075715
          ],
          [
            139.886504,
            36.075558
          ],
          [
            139.886493,
            36.075544
          ],
          [
            139.885907,
            36.074808
          ],
          [
            139.885136,
            36.073834
          ],
          [
            139.88505,
            36.07373
          ],
          [
            139.884871,
            36.073498
          ],
          [
            139.884451,
            36.072955
          ],
          [
            139.884185,
            36.072568
          ],
          [
            139.883873,
            36.072081
          ],
          [
            139.883647,
            36.071595
          ],
          [
            139.883383,
            36.070985
          ],
          [
            139.883193,
            36.070466
          ],
          [
            139.88305,
            36.069869
          ],
          [
            139.882934,
            36.069155
          ],
          [
            139.882909,
            36.068871
          ],
          [
            139.882863,
            36.068373
          ],
          [
            139.882825,
            36.067895
          ],
          [
            139.8827,
            36.066621
          ],
          [
            139.882672,
            36.066378
          ],
          [
            139.882622,
            36.066006
          ],
          [
            139.881784,
            36.066063
          ],
          [
            139.880179,
            36.066166
          ],
          [
            139.878452,
            36.066179
          ],
          [
            139.878071,
            36.066187
          ],
          [
            139.877608,
            36.066222
          ],
          [
            139.877226,
            36.066261
          ],
          [
            139.876503,
            36.066331
          ],
          [
            139.875232,
            36.066446
          ],
          [
            139.872434,
            36.0667
          ],
          [
            139.870945,
            36.06683
          ],
          [
            139.870309,
            36.066919
          ],
          [
            139.86963,
            36.067048
          ],
          [
            139.869037,
            36.06718
          ],
          [
            139.868605,
            36.067296
          ],
          [
            139.867711,
            36.067596
          ],
          [
            139.866531,
            36.06806
          ],
          [
            139.866318,
            36.068166
          ],
          [
            139.865817,
            36.068417
          ],
          [
            139.865621,
            36.068534
          ],
          [
            139.86508,
            36.068887
          ],
          [
            139.864588,
            36.069268
          ],
          [
            139.863826,
            36.069804
          ],
          [
            139.863224,
            36.070169
          ],
          [
            139.861757,
            36.070922
          ],
          [
            139.861668,
            36.07097
          ],
          [
            139.860072,
            36.071792
          ],
          [
            139.858433,
            36.072721
          ],
          [
            139.858004,
            36.073004
          ],
          [
            139.856898,
            36.073727
          ],
          [
            139.856668,
            36.073874
          ],
          [
            139.856345,
            36.074051
          ],
          [
            139.855738,
            36.074318
          ],
          [
            139.854771,
            36.074767
          ],
          [
            139.85409,
            36.075106
          ],
          [
            139.853262,
            36.07548
          ],
          [
            139.852952,
            36.075591
          ],
          [
            139.852222,
            36.075821
          ],
          [
            139.85071,
            36.076254
          ],
          [
            139.849355,
            36.076643
          ],
          [
            139.848723,
            36.076829
          ],
          [
            139.848205,
            36.076948
          ],
          [
            139.845585,
            36.077362
          ],
          [
            139.84504,
            36.077451
          ],
          [
            139.844764,
            36.077504
          ],
          [
            139.844388,
            36.077614
          ],
          [
            139.844175,
            36.077693
          ],
          [
            139.843713,
            36.077936
          ],
          [
            139.841888,
            36.079214
          ],
          [
            139.841682,
            36.07945
          ],
          [
            139.841481,
            36.079757
          ],
          [
            139.841297,
            36.080273
          ],
          [
            139.840215,
            36.083676
          ],
          [
            139.839998,
            36.084365
          ],
          [
            139.839674,
            36.085403
          ],
          [
            139.839541,
            36.085774
          ],
          [
            139.839433,
            36.085972
          ],
          [
            139.83933,
            36.086083
          ],
          [
            139.839224,
            36.086149
          ],
          [
            139.839045,
            36.086218
          ],
          [
            139.838854,
            36.086258
          ],
          [
            139.838645,
            36.086277
          ],
          [
            139.838611,
            36.086279
          ],
          [
            139.838418,
            36.086288
          ],
          [
            139.838386,
            36.086291
          ],
          [
            139.837199,
            36.086368
          ],
          [
            139.836794,
            36.086369
          ],
          [
            139.836746,
            36.086369
          ],
          [
            139.836564,
            36.086365
          ],
          [
            139.836308,
            36.086338
          ],
          [
            139.835523,
            36.086173
          ],
          [
            139.835276,
            36.086134
          ],
          [
            139.83502,
            36.086108
          ],
          [
            139.834769,
            36.086106
          ],
          [
            139.834528,
            36.086119
          ],
          [
            139.834309,
            36.08615
          ],
          [
            139.833465,
            36.086358
          ],
          [
            139.832575,
            36.086597
          ],
          [
            139.831828,
            36.086806
          ],
          [
            139.83136,
            36.086959
          ],
          [
            139.830869,
            36.087195
          ],
          [
            139.830573,
            36.087387
          ],
          [
            139.830324,
            36.087583
          ],
          [
            139.829828,
            36.088093
          ],
          [
            139.829373,
            36.088605
          ],
          [
            139.828196,
            36.089923
          ],
          [
            139.827824,
            36.090326
          ],
          [
            139.827532,
            36.090589
          ],
          [
            139.826993,
            36.090967
          ],
          [
            139.826774,
            36.091118
          ],
          [
            139.826081,
            36.091597
          ],
          [
            139.825543,
            36.091969
          ],
          [
            139.825099,
            36.092319
          ],
          [
            139.824875,
            36.092589
          ],
          [
            139.824444,
            36.093296
          ],
          [
            139.824122,
            36.093905
          ],
          [
            139.823912,
            36.094276
          ],
          [
            139.823618,
            36.094793
          ],
          [
            139.823439,
            36.095094
          ],
          [
            139.823231,
            36.095373
          ],
          [
            139.822971,
            36.095677
          ],
          [
            139.822315,
            36.096446
          ],
          [
            139.822173,
            36.096611
          ],
          [
            139.821853,
            36.096977
          ],
          [
            139.821665,
            36.097144
          ],
          [
            139.821354,
            36.097355
          ],
          [
            139.82113,
            36.097457
          ],
          [
            139.819956,
            36.097856
          ],
          [
            139.818821,
            36.098217
          ],
          [
            139.818724,
            36.098243
          ],
          [
            139.818325,
            36.098345
          ],
          [
            139.817907,
            36.098403
          ],
          [
            139.81729,
            36.098459
          ],
          [
            139.816254,
            36.098533
          ],
          [
            139.814031,
            36.098684
          ],
          [
            139.813579,
            36.098716
          ],
          [
            139.812827,
            36.098775
          ],
          [
            139.812495,
            36.098799
          ],
          [
            139.81225,
            36.098813
          ],
          [
            139.81206,
            36.098828
          ],
          [
            139.811927,
            36.098838
          ],
          [
            139.811713,
            36.098853
          ],
          [
            139.811068,
            36.0989
          ],
          [
            139.807574,
            36.099149
          ],
          [
            139.80693,
            36.099218
          ],
          [
            139.806768,
            36.099248
          ],
          [
            139.806307,
            36.099353
          ],
          [
            139.805704,
            36.099553
          ],
          [
            139.805339,
            36.099719
          ],
          [
            139.804941,
            36.099558
          ],
          [
            139.804387,
            36.099348
          ],
          [
            139.804053,
            36.099206
          ],
          [
            139.803658,
            36.099037
          ],
          [
            139.803276,
            36.098897
          ],
          [
            139.802785,
            36.098751
          ],
          [
            139.802399,
            36.098673
          ],
          [
            139.801804,
            36.098625
          ],
          [
            139.801579,
            36.098628
          ],
          [
            139.801314,
            36.098638
          ],
          [
            139.800811,
            36.098704
          ],
          [
            139.800532,
            36.09876
          ],
          [
            139.800252,
            36.098843
          ],
          [
            139.799608,
            36.099098
          ],
          [
            139.799361,
            36.099213
          ],
          [
            139.797797,
            36.099988
          ],
          [
            139.795903,
            36.100919
          ],
          [
            139.7953,
            36.101218
          ],
          [
            139.795453,
            36.101414
          ],
          [
            139.795666,
            36.101642
          ],
          [
            139.795875,
            36.1019
          ],
          [
            139.795892,
            36.101958
          ],
          [
            139.795885,
            36.102076
          ],
          [
            139.795863,
            36.10213
          ],
          [
            139.795775,
            36.102219
          ],
          [
            139.795575,
            36.102314
          ],
          [
            139.795481,
            36.102389
          ],
          [
            139.795197,
            36.102504
          ]
        ]
      },
      "properties": {
        "order": 15,
        "from": "たまつくり",
        "to": "さかい",
        "title": "たまつくり → さかい",
        "distance_meters": 72293,
        "duration_seconds": 4991.4
      }
    },
    {
      "type": "Feature",
      "geometry": {
        "type": "LineString",
        "coordinates": [
          [
            139.795197,
            36.102504
          ],
          [
            139.795481,
            36.102389
          ],
          [
            139.795061,
            36.101885
          ],
          [
            139.794493,
            36.101318
          ],
          [
            139.792723,
            36.099585
          ],
          [
            139.790451,
            36.097359
          ],
          [
            139.790143,
            36.097058
          ],
          [
            139.789907,
            36.096788
          ],
          [
            139.78973,
            36.09654
          ],
          [
            139.789614,
            36.096329
          ],
          [
            139.789448,
            36.095883
          ],
          [
            139.789254,
            36.094902
          ],
          [
            139.789161,
            36.094427
          ],
          [
            139.789167,
            36.094241
          ],
          [
            139.789239,
            36.093814
          ],
          [
            139.789069,
            36.093775
          ],
          [
            139.789007,
            36.093743
          ],
          [
            139.788924,
            36.093663
          ],
          [
            139.788884,
            36.093592
          ],
          [
            139.788615,
            36.092823
          ],
          [
            139.788571,
            36.092698
          ],
          [
            139.788486,
            36.092541
          ],
          [
            139.788416,
            36.092463
          ],
          [
            139.788173,
            36.09227
          ],
          [
            139.787346,
            36.091651
          ],
          [
            139.787102,
            36.091472
          ],
          [
            139.786559,
            36.091077
          ],
          [
            139.786292,
            36.090902
          ],
          [
            139.786106,
            36.090816
          ],
          [
            139.785654,
            36.090649
          ],
          [
            139.786271,
            36.089965
          ],
          [
            139.786913,
            36.089257
          ],
          [
            139.787573,
            36.088518
          ],
          [
            139.787996,
            36.088048
          ],
          [
            139.788489,
            36.087502
          ],
          [
            139.788914,
            36.08703
          ],
          [
            139.78905,
            36.086881
          ],
          [
            139.789407,
            36.086485
          ],
          [
            139.789529,
            36.08631
          ],
          [
            139.789595,
            36.086143
          ],
          [
            139.789697,
            36.085759
          ],
          [
            139.789814,
            36.085367
          ],
          [
            139.78988,
            36.085176
          ],
          [
            139.789982,
            36.084958
          ],
          [
            139.789627,
            36.084665
          ],
          [
            139.789309,
            36.08445
          ],
          [
            139.788891,
            36.084189
          ],
          [
            139.788782,
            36.084126
          ],
          [
            139.788679,
            36.084071
          ],
          [
            139.788189,
            36.083804
          ],
          [
            139.787518,
            36.083378
          ],
          [
            139.786399,
            36.08272
          ],
          [
            139.786135,
            36.082591
          ],
          [
            139.785826,
            36.082473
          ],
          [
            139.785513,
            36.082368
          ],
          [
            139.78522,
            36.082288
          ],
          [
            139.784474,
            36.082133
          ],
          [
            139.78257,
            36.081863
          ],
          [
            139.782332,
            36.08183
          ],
          [
            139.77999,
            36.0815
          ],
          [
            139.777896,
            36.081205
          ],
          [
            139.777197,
            36.081104
          ],
          [
            139.776051,
            36.080943
          ],
          [
            139.775559,
            36.080825
          ],
          [
            139.775302,
            36.080726
          ],
          [
            139.775081,
            36.08062
          ],
          [
            139.774994,
            36.080808
          ],
          [
            139.77499,
            36.080869
          ],
          [
            139.775009,
            36.080935
          ],
          [
            139.775079,
            36.081
          ],
          [
            139.775126,
            36.081019
          ],
          [
            139.775707,
            36.08108
          ],
          [
            139.775903,
            36.081142
          ],
          [
            139.776023,
            36.081214
          ],
          [
            139.776629,
            36.081613
          ],
          [
            139.77697,
            36.08186
          ],
          [
            139.777097,
            36.081997
          ],
          [
            139.777151,
            36.082084
          ],
          [
            139.777247,
            36.082351
          ],
          [
            139.777259,
            36.082684
          ],
          [
            139.777209,
            36.083246
          ],
          [
            139.77711,
            36.083476
          ],
          [
            139.776939,
            36.083768
          ],
          [
            139.776523,
            36.084786
          ],
          [
            139.776261,
            36.085735
          ],
          [
            139.77612,
            36.086095
          ],
          [
            139.775576,
            36.087182
          ],
          [
            139.775496,
            36.087774
          ],
          [
            139.77546,
            36.08791
          ],
          [
            139.775094,
            36.088669
          ],
          [
            139.775074,
            36.088865
          ],
          [
            139.775071,
            36.088899
          ],
          [
            139.775033,
            36.088996
          ],
          [
            139.774896,
            36.089234
          ],
          [
            139.774551,
            36.089692
          ],
          [
            139.774527,
            36.089717
          ],
          [
            139.77449,
            36.089753
          ],
          [
            139.77434,
            36.089873
          ],
          [
            139.773799,
            36.090218
          ],
          [
            139.773158,
            36.090542
          ],
          [
            139.772681,
            36.09073
          ],
          [
            139.772423,
            36.090809
          ],
          [
            139.771871,
            36.090924
          ],
          [
            139.771505,
            36.091026
          ],
          [
            139.771372,
            36.091083
          ],
          [
            139.770494,
            36.091637
          ],
          [
            139.770422,
            36.091677
          ],
          [
            139.769974,
            36.091902
          ],
          [
            139.76943,
            36.092129
          ],
          [
            139.769134,
            36.092295
          ],
          [
            139.769019,
            36.092379
          ],
          [
            139.768305,
            36.093024
          ],
          [
            139.76744,
            36.093777
          ],
          [
            139.767079,
            36.094056
          ],
          [
            139.766397,
            36.094504
          ],
          [
            139.766149,
            36.094688
          ],
          [
            139.765722,
            36.095062
          ],
          [
            139.764501,
            36.096201
          ],
          [
            139.764182,
            36.096499
          ],
          [
            139.763878,
            36.09679
          ],
          [
            139.763643,
            36.097015
          ],
          [
            139.763299,
            36.09733
          ],
          [
            139.762943,
            36.097636
          ],
          [
            139.762646,
            36.097862
          ],
          [
            139.762447,
            36.098001
          ],
          [
            139.761978,
            36.098357
          ],
          [
            139.761946,
            36.098381
          ],
          [
            139.761813,
            36.098476
          ],
          [
            139.761759,
            36.098511
          ],
          [
            139.76169,
            36.098549
          ],
          [
            139.760767,
            36.097625
          ],
          [
            139.760493,
            36.097203
          ],
          [
            139.760368,
            36.096938
          ],
          [
            139.759751,
            36.096743
          ],
          [
            139.759796,
            36.096666
          ],
          [
            139.759865,
            36.096426
          ],
          [
            139.759882,
            36.096128
          ],
          [
            139.759854,
            36.095967
          ],
          [
            139.759788,
            36.095785
          ],
          [
            139.759654,
            36.095546
          ],
          [
            139.759453,
            36.095326
          ],
          [
            139.759253,
            36.095165
          ],
          [
            139.759019,
            36.094976
          ],
          [
            139.758478,
            36.095399
          ]
        ]
      },
      "properties": {
        "order": 16,
        "from": "さかい",
        "to": "ごか",
        "title": "さかい → ごか",
        "distance_meters": 7150,
        "duration_seconds": 625.2
      }
    },
    {
      "type": "Feature",
      "geometry": {
        "type": "LineString",
        "coordinates": [
          [
            139.758478,
            36.095399
          ],
          [
            139.759019,
            36.094976
          ],
          [
            139.759253,
            36.095165
          ],
          [
            139.759453,
            36.095326
          ],
          [
            139.759654,
            36.095546
          ],
          [
            139.759788,
            36.095785
          ],
          [
            139.759854,
            36.095967
          ],
          [
            139.759882,
            36.096128
          ],
          [
            139.759865,
            36.096426
          ],
          [
            139.759796,
            36.096666
          ],
          [
            139.759751,
            36.096743
          ],
          [
            139.759555,
            36.097103
          ],
          [
            139.759515,
            36.097206
          ],
          [
            139.759462,
            36.097432
          ],
          [
            139.759472,
            36.097697
          ],
          [
            139.759496,
            36.097823
          ],
          [
            139.759584,
            36.098061
          ],
          [
            139.759675,
            36.098209
          ],
          [
            139.759832,
            36.098389
          ],
          [
            139.760215,
            36.098726
          ],
          [
            139.760662,
            36.099124
          ],
          [
            139.759825,
            36.099593
          ],
          [
            139.758723,
            36.100211
          ],
          [
            139.758109,
            36.100552
          ],
          [
            139.756874,
            36.101261
          ],
          [
            139.756773,
            36.101324
          ],
          [
            139.756502,
            36.101507
          ],
          [
            139.756385,
            36.101609
          ],
          [
            139.756106,
            36.10192
          ],
          [
            139.75585,
            36.102229
          ],
          [
            139.755547,
            36.10261
          ],
          [
            139.755509,
            36.10266
          ],
          [
            139.754728,
            36.103697
          ],
          [
            139.754099,
            36.104534
          ],
          [
            139.753451,
            36.105424
          ],
          [
            139.753096,
            36.105937
          ],
          [
            139.752848,
            36.106276
          ],
          [
            139.752553,
            36.106611
          ],
          [
            139.751994,
            36.107105
          ],
          [
            139.750982,
            36.107948
          ],
          [
            139.750612,
            36.108246
          ],
          [
            139.750503,
            36.10834
          ],
          [
            139.750131,
            36.108711
          ],
          [
            139.749712,
            36.109174
          ],
          [
            139.749518,
            36.109388
          ],
          [
            139.748491,
            36.110527
          ],
          [
            139.748419,
            36.110607
          ],
          [
            139.748341,
            36.110694
          ],
          [
            139.748197,
            36.11085
          ],
          [
            139.74779,
            36.111299
          ],
          [
            139.748038,
            36.112053
          ],
          [
            139.748087,
            36.112206
          ],
          [
            139.748372,
            36.112952
          ],
          [
            139.748862,
            36.113848
          ],
          [
            139.74929,
            36.114797
          ],
          [
            139.749511,
            36.11517
          ],
          [
            139.750893,
            36.11833
          ],
          [
            139.751205,
            36.118915
          ],
          [
            139.751423,
            36.11927
          ],
          [
            139.751855,
            36.119863
          ],
          [
            139.752423,
            36.120511
          ],
          [
            139.759844,
            36.128449
          ],
          [
            139.762218,
            36.130979
          ],
          [
            139.764021,
            36.132956
          ],
          [
            139.764159,
            36.133212
          ],
          [
            139.764539,
            36.133703
          ],
          [
            139.765582,
            36.134871
          ],
          [
            139.766063,
            36.135422
          ],
          [
            139.76664,
            36.136022
          ],
          [
            139.767297,
            36.136624
          ],
          [
            139.767946,
            36.137263
          ],
          [
            139.768258,
            36.137498
          ],
          [
            139.771144,
            36.140612
          ],
          [
            139.771501,
            36.140999
          ],
          [
            139.772947,
            36.142578
          ],
          [
            139.773298,
            36.14298
          ],
          [
            139.773975,
            36.143853
          ],
          [
            139.77472,
            36.144803
          ],
          [
            139.775021,
            36.145224
          ],
          [
            139.775495,
            36.145983
          ],
          [
            139.775853,
            36.146667
          ],
          [
            139.776164,
            36.147386
          ],
          [
            139.776339,
            36.147828
          ],
          [
            139.776629,
            36.148758
          ],
          [
            139.776782,
            36.149404
          ],
          [
            139.776921,
            36.150204
          ],
          [
            139.777099,
            36.150903
          ],
          [
            139.7774,
            36.151895
          ],
          [
            139.777963,
            36.153639
          ],
          [
            139.778735,
            36.156076
          ],
          [
            139.778831,
            36.156383
          ],
          [
            139.779116,
            36.157271
          ],
          [
            139.779284,
            36.157796
          ],
          [
            139.779872,
            36.159636
          ],
          [
            139.780094,
            36.160355
          ],
          [
            139.780285,
            36.161051
          ],
          [
            139.780416,
            36.161743
          ],
          [
            139.780459,
            36.162094
          ],
          [
            139.780507,
            36.162601
          ],
          [
            139.780524,
            36.16334
          ],
          [
            139.780489,
            36.16403
          ],
          [
            139.780404,
            36.164653
          ],
          [
            139.780274,
            36.165024
          ],
          [
            139.780092,
            36.165669
          ],
          [
            139.77983,
            36.166384
          ],
          [
            139.779532,
            36.167029
          ],
          [
            139.779264,
            36.16751
          ],
          [
            139.778953,
            36.168084
          ],
          [
            139.778716,
            36.168532
          ],
          [
            139.77824,
            36.169868
          ],
          [
            139.778006,
            36.170679
          ],
          [
            139.77796,
            36.171177
          ],
          [
            139.777797,
            36.172003
          ],
          [
            139.777709,
            36.172688
          ],
          [
            139.777659,
            36.173328
          ],
          [
            139.777653,
            36.174059
          ],
          [
            139.777669,
            36.174445
          ],
          [
            139.777695,
            36.174839
          ],
          [
            139.777766,
            36.175407
          ],
          [
            139.777879,
            36.176046
          ],
          [
            139.778159,
            36.177174
          ],
          [
            139.778289,
            36.177555
          ],
          [
            139.778405,
            36.17787
          ],
          [
            139.778514,
            36.178165
          ],
          [
            139.778658,
            36.178494
          ],
          [
            139.778988,
            36.179158
          ],
          [
            139.779566,
            36.180132
          ],
          [
            139.779945,
            36.180689
          ],
          [
            139.780408,
            36.181288
          ],
          [
            139.780782,
            36.181737
          ],
          [
            139.781361,
            36.182352
          ],
          [
            139.782852,
            36.183883
          ],
          [
            139.783376,
            36.18445
          ],
          [
            139.783849,
            36.185017
          ],
          [
            139.785536,
            36.18758
          ],
          [
            139.785762,
            36.187962
          ],
          [
            139.786409,
            36.187837
          ],
          [
            139.786677,
            36.18779
          ],
          [
            139.787022,
            36.18773
          ],
          [
            139.787823,
            36.187591
          ],
          [
            139.787844,
            36.187588
          ],
          [
            139.787967,
            36.187567
          ],
          [
            139.788718,
            36.187441
          ],
          [
            139.789229,
            36.189157
          ],
          [
            139.789457,
            36.189864
          ],
          [
            139.789564,
            36.190109
          ],
          [
            139.789705,
            36.190351
          ],
          [
            139.790105,
            36.190916
          ],
          [
            139.790181,
            36.191017
          ],
          [
            139.790267,
            36.191091
          ],
          [
            139.790436,
            36.191193
          ],
          [
            139.790527,
            36.191278
          ],
          [
            139.790396,
            36.191331
          ],
          [
            139.790328,
            36.191224
          ],
          [
            139.790303,
            36.191211
          ],
          [
            139.790258,
            36.191218
          ],
          [
            139.789972,
            36.191337
          ],
          [
            139.789956,
            36.19135
          ],
          [
            139.789948,
            36.191443
          ]
        ]
      },
      "properties": {
        "order": 17,
        "from": "ごか",
        "to": "まくらがの里 こが",
        "title": "ごか → まくらがの里 こが",
        "distance_meters": 12793,
        "duration_seconds": 1049.5
      }
    },
    {
      "type": "Feature",
      "geometry": {
        "type": "LineString",
        "coordinates": [
          [
            139.789948,
            36.191443
          ],
          [
            139.789945,
            36.191476
          ],
          [
            139.789987,
            36.191475
          ],
          [
            139.790396,
            36.191331
          ],
          [
            139.790527,
            36.191278
          ],
          [
            139.790436,
            36.191193
          ],
          [
            139.790267,
            36.191091
          ],
          [
            139.790181,
            36.191017
          ],
          [
            139.790105,
            36.190916
          ],
          [
            139.789705,
            36.190351
          ],
          [
            139.789564,
            36.190109
          ],
          [
            139.789457,
            36.189864
          ],
          [
            139.789229,
            36.189157
          ],
          [
            139.788718,
            36.187441
          ],
          [
            139.787967,
            36.187567
          ],
          [
            139.787844,
            36.187588
          ],
          [
            139.787823,
            36.187591
          ],
          [
            139.787022,
            36.18773
          ],
          [
            139.786677,
            36.18779
          ],
          [
            139.786409,
            36.187837
          ],
          [
            139.786067,
            36.187336
          ],
          [
            139.784508,
            36.185449
          ],
          [
            139.783943,
            36.184895
          ],
          [
            139.782945,
            36.183777
          ],
          [
            139.781452,
            36.182251
          ],
          [
            139.780892,
            36.181655
          ],
          [
            139.780512,
            36.181208
          ],
          [
            139.780072,
            36.180637
          ],
          [
            139.7797,
            36.180083
          ],
          [
            139.7794,
            36.1796
          ],
          [
            139.778914,
            36.178645
          ],
          [
            139.778879,
            36.17857
          ],
          [
            139.778702,
            36.178168
          ],
          [
            139.778684,
            36.178121
          ],
          [
            139.77858,
            36.177854
          ],
          [
            139.778332,
            36.177171
          ],
          [
            139.778174,
            36.176658
          ],
          [
            139.778094,
            36.176336
          ],
          [
            139.778019,
            36.176015
          ],
          [
            139.777912,
            36.175403
          ],
          [
            139.777845,
            36.174833
          ],
          [
            139.777813,
            36.174442
          ],
          [
            139.777794,
            36.173721
          ],
          [
            139.777806,
            36.1734
          ],
          [
            139.77785,
            36.172723
          ],
          [
            139.778015,
            36.171631
          ],
          [
            139.778125,
            36.171385
          ],
          [
            139.778606,
            36.169995
          ],
          [
            139.778973,
            36.1692
          ],
          [
            139.77916,
            36.168853
          ],
          [
            139.779563,
            36.16819
          ],
          [
            139.779834,
            36.167659
          ],
          [
            139.780116,
            36.166988
          ],
          [
            139.780296,
            36.166396
          ],
          [
            139.780581,
            36.165195
          ],
          [
            139.780567,
            36.164868
          ],
          [
            139.780648,
            36.164299
          ],
          [
            139.780711,
            36.163345
          ],
          [
            139.780697,
            36.162631
          ],
          [
            139.780651,
            36.162104
          ],
          [
            139.78058,
            36.16158
          ],
          [
            139.780389,
            36.160686
          ],
          [
            139.780097,
            36.159782
          ],
          [
            139.779405,
            36.157682
          ],
          [
            139.779236,
            36.157142
          ],
          [
            139.778965,
            36.156317
          ],
          [
            139.778868,
            36.156001
          ],
          [
            139.777827,
            36.152687
          ],
          [
            139.777417,
            36.151235
          ],
          [
            139.777,
            36.149649
          ],
          [
            139.776703,
            36.148445
          ],
          [
            139.776598,
            36.148089
          ],
          [
            139.776511,
            36.147836
          ],
          [
            139.776427,
            36.147586
          ],
          [
            139.776273,
            36.147227
          ],
          [
            139.776519,
            36.146779
          ],
          [
            139.776593,
            36.146629
          ],
          [
            139.776651,
            36.146375
          ],
          [
            139.776672,
            36.146153
          ],
          [
            139.77668,
            36.145384
          ],
          [
            139.776682,
            36.144134
          ],
          [
            139.776682,
            36.144089
          ],
          [
            139.776678,
            36.142815
          ],
          [
            139.776649,
            36.142622
          ],
          [
            139.776492,
            36.141888
          ],
          [
            139.776454,
            36.141501
          ],
          [
            139.776483,
            36.14112
          ],
          [
            139.776504,
            36.140857
          ],
          [
            139.776501,
            36.140593
          ],
          [
            139.776434,
            36.140204
          ],
          [
            139.77609,
            36.139327
          ],
          [
            139.775858,
            36.138736
          ],
          [
            139.775752,
            36.138319
          ],
          [
            139.775741,
            36.138272
          ],
          [
            139.775673,
            36.138004
          ],
          [
            139.775627,
            36.137668
          ],
          [
            139.775495,
            36.136629
          ],
          [
            139.775467,
            36.136258
          ],
          [
            139.775469,
            36.135924
          ],
          [
            139.775519,
            36.135565
          ],
          [
            139.775745,
            36.134758
          ],
          [
            139.776203,
            36.133257
          ],
          [
            139.776419,
            36.132552
          ],
          [
            139.776655,
            36.13185
          ],
          [
            139.776678,
            36.131619
          ],
          [
            139.776641,
            36.131377
          ],
          [
            139.776547,
            36.131102
          ],
          [
            139.776218,
            36.130541
          ],
          [
            139.776094,
            36.130333
          ],
          [
            139.775648,
            36.129632
          ],
          [
            139.775135,
            36.128938
          ],
          [
            139.775163,
            36.128901
          ],
          [
            139.775357,
            36.128645
          ],
          [
            139.775453,
            36.128482
          ],
          [
            139.775516,
            36.128321
          ],
          [
            139.775521,
            36.128195
          ],
          [
            139.775438,
            36.127867
          ],
          [
            139.775285,
            36.127432
          ],
          [
            139.775155,
            36.127023
          ],
          [
            139.775018,
            36.126535
          ],
          [
            139.774988,
            36.12644
          ],
          [
            139.774773,
            36.125916
          ],
          [
            139.774757,
            36.125875
          ],
          [
            139.774418,
            36.125118
          ],
          [
            139.77432,
            36.124872
          ],
          [
            139.774063,
            36.124232
          ],
          [
            139.773886,
            36.123802
          ],
          [
            139.773703,
            36.123337
          ],
          [
            139.773698,
            36.123317
          ],
          [
            139.773526,
            36.122674
          ],
          [
            139.773404,
            36.122167
          ],
          [
            139.773342,
            36.121754
          ],
          [
            139.773351,
            36.121461
          ],
          [
            139.773381,
            36.121239
          ],
          [
            139.773471,
            36.120922
          ],
          [
            139.773517,
            36.120801
          ],
          [
            139.773696,
            36.12047
          ],
          [
            139.773955,
            36.120083
          ],
          [
            139.774103,
            36.119861
          ],
          [
            139.774267,
            36.119615
          ],
          [
            139.77489,
            36.118678
          ],
          [
            139.775079,
            36.11841
          ],
          [
            139.775184,
            36.118257
          ],
          [
            139.775209,
            36.118199
          ],
          [
            139.775206,
            36.11812
          ],
          [
            139.775164,
            36.117996
          ],
          [
            139.775115,
            36.117931
          ],
          [
            139.775031,
            36.117851
          ],
          [
            139.774835,
            36.117716
          ],
          [
            139.775148,
            36.117363
          ],
          [
            139.775307,
            36.11716
          ],
          [
            139.775419,
            36.116982
          ],
          [
            139.775538,
            36.11676
          ],
          [
            139.775644,
            36.116524
          ],
          [
            139.775735,
            36.116236
          ],
          [
            139.775789,
            36.116002
          ],
          [
            139.775807,
            36.11584
          ],
          [
            139.775888,
            36.115058
          ],
          [
            139.775945,
            36.114767
          ],
          [
            139.776011,
            36.114604
          ],
          [
            139.776111,
            36.114468
          ],
          [
            139.776385,
            36.114225
          ],
          [
            139.77737,
            36.113415
          ],
          [
            139.777632,
            36.113199
          ],
          [
            139.778128,
            36.112857
          ],
          [
            139.779447,
            36.112045
          ],
          [
            139.780281,
            36.111587
          ],
          [
            139.780709,
            36.111376
          ],
          [
            139.782109,
            36.110754
          ],
          [
            139.782568,
            36.110516
          ],
          [
            139.783194,
            36.11016
          ],
          [
            139.783745,
            36.109796
          ],
          [
            139.785203,
            36.108778
          ],
          [
            139.785621,
            36.108512
          ],
          [
            139.785773,
            36.108434
          ],
          [
            139.786162,
            36.108298
          ],
          [
            139.786577,
            36.108207
          ],
          [
            139.786876,
            36.108112
          ],
          [
            139.787206,
            36.107953
          ],
          [
            139.78731,
            36.107887
          ],
          [
            139.7875,
            36.107766
          ],
          [
            139.787613,
            36.107636
          ],
          [
            139.787741,
            36.107391
          ],
          [
            139.788006,
            36.106895
          ],
          [
            139.788287,
            36.106495
          ],
          [
            139.788739,
            36.105915
          ],
          [
            139.789199,
            36.105405
          ],
          [
            139.789674,
            36.104938
          ],
          [
            139.790391,
            36.104353
          ],
          [
            139.791574,
            36.103452
          ],
          [
            139.792231,
            36.103005
          ],
          [
            139.793059,
            36.102482
          ],
          [
            139.794672,
            36.101557
          ],
          [
            139.794789,
            36.10149
          ],
          [
            139.7953,
            36.101218
          ],
          [
            139.795903,
            36.100919
          ],
          [
            139.797797,
            36.099988
          ],
          [
            139.799361,
            36.099213
          ],
          [
            139.799608,
            36.099098
          ],
          [
            139.800252,
            36.098843
          ],
          [
            139.800532,
            36.09876
          ],
          [
            139.800811,
            36.098704
          ],
          [
            139.801314,
            36.098638
          ],
          [
            139.801579,
            36.098628
          ],
          [
            139.801804,
            36.098625
          ],
          [
            139.802399,
            36.098673
          ],
          [
            139.802785,
            36.098751
          ],
          [
            139.803276,
            36.098897
          ],
          [
            139.803658,
            36.099037
          ],
          [
            139.804053,
            36.099206
          ],
          [
            139.804387,
            36.099348
          ],
          [
            139.804941,
            36.099558
          ],
          [
            139.805339,
            36.099719
          ],
          [
            139.805704,
            36.099553
          ],
          [
            139.806307,
            36.099353
          ],
          [
            139.806768,
            36.099248
          ],
          [
            139.80693,
            36.099218
          ],
          [
            139.807574,
            36.099149
          ],
          [
            139.811068,
            36.0989
          ],
          [
            139.811713,
            36.098853
          ],
          [
            139.811927,
            36.098838
          ],
          [
            139.81206,
            36.098828
          ],
          [
            139.81225,
            36.098813
          ],
          [
            139.812495,
            36.098799
          ],
          [
            139.812827,
            36.098775
          ],
          [
            139.813579,
            36.098716
          ],
          [
            139.814031,
            36.098684
          ],
          [
            139.816254,
            36.098533
          ],
          [
            139.81729,
            36.098459
          ],
          [
            139.817907,
            36.098403
          ],
          [
            139.818325,
            36.098345
          ],
          [
            139.818724,
            36.098243
          ],
          [
            139.818821,
            36.098217
          ],
          [
            139.819956,
            36.097856
          ],
          [
            139.82113,
            36.097457
          ],
          [
            139.821354,
            36.097355
          ],
          [
            139.821665,
            36.097144
          ],
          [
            139.821853,
            36.096977
          ],
          [
            139.822173,
            36.096611
          ],
          [
            139.822315,
            36.096446
          ],
          [
            139.822971,
            36.095677
          ],
          [
            139.823231,
            36.095373
          ],
          [
            139.823439,
            36.095094
          ],
          [
            139.823618,
            36.094793
          ],
          [
            139.823912,
            36.094276
          ],
          [
            139.824122,
            36.093905
          ],
          [
            139.824444,
            36.093296
          ],
          [
            139.824875,
            36.092589
          ],
          [
            139.825099,
            36.092319
          ],
          [
            139.825543,
            36.091969
          ],
          [
            139.826081,
            36.091597
          ],
          [
            139.826774,
            36.091118
          ],
          [
            139.826993,
            36.090967
          ],
          [
            139.827532,
            36.090589
          ],
          [
            139.827824,
            36.090326
          ],
          [
            139.828196,
            36.089923
          ],
          [
            139.829373,
            36.088605
          ],
          [
            139.829828,
            36.088093
          ],
          [
            139.830324,
            36.087583
          ],
          [
            139.830573,
            36.087387
          ],
          [
            139.830869,
            36.087195
          ],
          [
            139.83136,
            36.086959
          ],
          [
            139.831828,
            36.086806
          ],
          [
            139.832575,
            36.086597
          ],
          [
            139.833465,
            36.086358
          ],
          [
            139.833185,
            36.085742
          ],
          [
            139.833107,
            36.085548
          ],
          [
            139.833046,
            36.085332
          ],
          [
            139.832994,
            36.084873
          ],
          [
            139.833014,
            36.084436
          ],
          [
            139.833086,
            36.083744
          ],
          [
            139.833114,
            36.083155
          ],
          [
            139.833091,
            36.08259
          ],
          [
            139.83309,
            36.082563
          ],
          [
            139.833027,
            36.081651
          ],
          [
            139.833048,
            36.081285
          ],
          [
            139.833073,
            36.081143
          ],
          [
            139.833215,
            36.080722
          ],
          [
            139.833482,
            36.080008
          ],
          [
            139.833716,
            36.079342
          ],
          [
            139.834222,
            36.078053
          ],
          [
            139.834388,
            36.077522
          ],
          [
            139.83452,
            36.077031
          ],
          [
            139.834732,
            36.076095
          ],
          [
            139.834946,
            36.075542
          ],
          [
            139.835195,
            36.075087
          ],
          [
            139.835422,
            36.07479
          ],
          [
            139.835552,
            36.074619
          ],
          [
            139.835755,
            36.074398
          ],
          [
            139.835859,
            36.074286
          ],
          [
            139.836744,
            36.0734
          ],
          [
            139.836938,
            36.073206
          ],
          [
            139.837616,
            36.072527
          ],
          [
            139.838199,
            36.071849
          ],
          [
            139.838433,
            36.071565
          ],
          [
            139.838758,
            36.071294
          ],
          [
            139.839221,
            36.070934
          ],
          [
            139.8395,
            36.070662
          ],
          [
            139.840041,
            36.070056
          ],
          [
            139.840796,
            36.069106
          ],
          [
            139.840923,
            36.068941
          ],
          [
            139.841563,
            36.068113
          ],
          [
            139.841651,
            36.068
          ],
          [
            139.841925,
            36.067689
          ],
          [
            139.842396,
            36.067353
          ],
          [
            139.843226,
            36.06693
          ],
          [
            139.844728,
            36.066163
          ],
          [
            139.845753,
            36.065594
          ],
          [
            139.846334,
            36.065244
          ],
          [
            139.846685,
            36.065028
          ],
          [
            139.847202,
            36.064675
          ],
          [
            139.847492,
            36.06445
          ],
          [
            139.848253,
            36.06381
          ],
          [
            139.848361,
            36.063721
          ],
          [
            139.849688,
            36.062584
          ],
          [
            139.850191,
            36.062147
          ],
          [
            139.85084,
            36.061571
          ],
          [
            139.850952,
            36.061465
          ],
          [
            139.851084,
            36.06134
          ],
          [
            139.852299,
            36.060013
          ],
          [
            139.852537,
            36.059745
          ],
          [
            139.853024,
            36.059192
          ],
          [
            139.853363,
            36.058782
          ],
          [
            139.853595,
            36.058473
          ],
          [
            139.854646,
            36.057057
          ],
          [
            139.854869,
            36.056782
          ],
          [
            139.854635,
            36.056304
          ],
          [
            139.854281,
            36.055483
          ],
          [
            139.85412,
            36.054929
          ],
          [
            139.853836,
            36.05381
          ],
          [
            139.853797,
            36.053666
          ],
          [
            139.853639,
            36.053066
          ],
          [
            139.853259,
            36.05163
          ],
          [
            139.853236,
            36.051567
          ],
          [
            139.853154,
            36.051385
          ],
          [
            139.852966,
            36.051082
          ],
          [
            139.852474,
            36.050479
          ],
          [
            139.850939,
            36.048659
          ],
          [
            139.850809,
            36.048507
          ],
          [
            139.850761,
            36.048451
          ],
          [
            139.850038,
            36.047617
          ],
          [
            139.848917,
            36.046262
          ],
          [
            139.848201,
            36.045414
          ],
          [
            139.848135,
            36.045336
          ],
          [
            139.847233,
            36.044272
          ],
          [
            139.84686,
            36.043817
          ],
          [
            139.846569,
            36.043462
          ],
          [
            139.845885,
            36.042641
          ],
          [
            139.845256,
            36.041953
          ],
          [
            139.844731,
            36.041436
          ],
          [
            139.837245,
            36.034371
          ],
          [
            139.83687,
            36.033932
          ],
          [
            139.836662,
            36.033595
          ],
          [
            139.836548,
            36.033359
          ],
          [
            139.836389,
            36.032932
          ],
          [
            139.836327,
            36.032654
          ],
          [
            139.836289,
            36.032296
          ],
          [
            139.836283,
            36.03205
          ],
          [
            139.836336,
            36.03154
          ],
          [
            139.836524,
            36.030262
          ],
          [
            139.836759,
            36.028659
          ],
          [
            139.836913,
            36.027623
          ],
          [
            139.837155,
            36.02595
          ],
          [
            139.837294,
            36.024993
          ],
          [
            139.837396,
            36.02418
          ],
          [
            139.83744,
            36.023679
          ],
          [
            139.837447,
            36.023157
          ],
          [
            139.837394,
            36.022371
          ],
          [
            139.837262,
            36.0216
          ],
          [
            139.837157,
            36.021117
          ],
          [
            139.837042,
            36.020606
          ],
          [
            139.836732,
            36.019147
          ],
          [
            139.836604,
            36.018542
          ],
          [
            139.836568,
            36.018384
          ],
          [
            139.836081,
            36.016114
          ],
          [
            139.836046,
            36.015952
          ],
          [
            139.835843,
            36.015001
          ],
          [
            139.835498,
            36.013425
          ],
          [
            139.835364,
            36.013035
          ],
          [
            139.83521,
            36.01276
          ],
          [
            139.835095,
            36.012596
          ],
          [
            139.834843,
            36.012314
          ],
          [
            139.834701,
            36.012199
          ],
          [
            139.834518,
            36.012061
          ],
          [
            139.834178,
            36.011858
          ],
          [
            139.833971,
            36.011766
          ],
          [
            139.833705,
            36.011671
          ],
          [
            139.833003,
            36.011453
          ],
          [
            139.833194,
            36.011033
          ],
          [
            139.833287,
            36.010657
          ],
          [
            139.833376,
            36.00944
          ],
          [
            139.833451,
            36.009033
          ],
          [
            139.83351,
            36.008773
          ],
          [
            139.833524,
            36.008705
          ],
          [
            139.833732,
            36.007835
          ],
          [
            139.833877,
            36.007192
          ],
          [
            139.833896,
            36.007096
          ],
          [
            139.834037,
            36.006508
          ],
          [
            139.83436,
            36.005063
          ],
          [
            139.834377,
            36.004989
          ],
          [
            139.834899,
            36.002716
          ],
          [
            139.835068,
            36.002269
          ],
          [
            139.835212,
            36.002011
          ],
          [
            139.835375,
            36.001787
          ],
          [
            139.835644,
            36.001419
          ],
          [
            139.836104,
            36.000834
          ],
          [
            139.836762,
            36.000021
          ],
          [
            139.837301,
            35.999425
          ],
          [
            139.83761,
            35.999065
          ],
          [
            139.837811,
            35.998803
          ],
          [
            139.837951,
            35.998599
          ],
          [
            139.83805,
            35.99843
          ],
          [
            139.838199,
            35.99816
          ],
          [
            139.838487,
            35.99754
          ],
          [
            139.838682,
            35.997151
          ],
          [
            139.838978,
            35.996566
          ],
          [
            139.839112,
            35.996365
          ],
          [
            139.839148,
            35.996233
          ],
          [
            139.839476,
            35.995835
          ],
          [
            139.839641,
            35.995638
          ],
          [
            139.83985,
            35.995419
          ],
          [
            139.840532,
            35.994822
          ],
          [
            139.840798,
            35.994588
          ],
          [
            139.841677,
            35.993821
          ],
          [
            139.842679,
            35.992942
          ],
          [
            139.843096,
            35.992575
          ],
          [
            139.843477,
            35.992245
          ],
          [
            139.843547,
            35.992184
          ],
          [
            139.843944,
            35.991822
          ],
          [
            139.844393,
            35.991361
          ],
          [
            139.844741,
            35.990995
          ],
          [
            139.844861,
            35.990874
          ],
          [
            139.84518,
            35.990555
          ],
          [
            139.845429,
            35.990377
          ],
          [
            139.845472,
            35.990346
          ],
          [
            139.845973,
            35.990026
          ],
          [
            139.84611,
            35.989946
          ],
          [
            139.846679,
            35.989683
          ],
          [
            139.846942,
            35.989582
          ],
          [
            139.846992,
            35.989564
          ],
          [
            139.847248,
            35.989475
          ],
          [
            139.847559,
            35.989375
          ],
          [
            139.848116,
            35.989201
          ],
          [
            139.848277,
            35.989155
          ],
          [
            139.84866,
            35.98905
          ],
          [
            139.849628,
            35.988817
          ],
          [
            139.849719,
            35.988793
          ],
          [
            139.850067,
            35.988635
          ],
          [
            139.850307,
            35.988468
          ],
          [
            139.850521,
            35.988245
          ],
          [
            139.851023,
            35.987668
          ],
          [
            139.851631,
            35.986985
          ],
          [
            139.851902,
            35.986695
          ],
          [
            139.852648,
            35.985907
          ],
          [
            139.853239,
            35.985262
          ],
          [
            139.854624,
            35.983773
          ],
          [
            139.855269,
            35.983033
          ],
          [
            139.856504,
            35.981628
          ],
          [
            139.856942,
            35.981165
          ],
          [
            139.857315,
            35.980811
          ],
          [
            139.858956,
            35.979378
          ],
          [
            139.859182,
            35.979179
          ],
          [
            139.859397,
            35.97899
          ],
          [
            139.859914,
            35.97854
          ],
          [
            139.860801,
            35.977766
          ],
          [
            139.860878,
            35.977689
          ],
          [
            139.861003,
            35.977578
          ],
          [
            139.861065,
            35.977478
          ],
          [
            139.861072,
            35.977406
          ],
          [
            139.861007,
            35.977116
          ],
          [
            139.860421,
            35.975483
          ],
          [
            139.860336,
            35.975159
          ],
          [
            139.860599,
            35.973485
          ],
          [
            139.860643,
            35.973229
          ],
          [
            139.860737,
            35.972637
          ],
          [
            139.860746,
            35.972218
          ],
          [
            139.860624,
            35.971537
          ],
          [
            139.860504,
            35.97095
          ],
          [
            139.860138,
            35.969124
          ],
          [
            139.860017,
            35.968626
          ],
          [
            139.859691,
            35.967558
          ],
          [
            139.859668,
            35.967464
          ],
          [
            139.859515,
            35.966972
          ],
          [
            139.859471,
            35.966712
          ],
          [
            139.859417,
            35.966475
          ],
          [
            139.859341,
            35.96629
          ],
          [
            139.859264,
            35.966145
          ],
          [
            139.858946,
            35.965679
          ],
          [
            139.858781,
            35.965454
          ],
          [
            139.858424,
            35.965132
          ],
          [
            139.858218,
            35.964954
          ],
          [
            139.858121,
            35.964841
          ],
          [
            139.858037,
            35.964701
          ],
          [
            139.857915,
            35.96426
          ],
          [
            139.857873,
            35.9641
          ],
          [
            139.857847,
            35.964007
          ],
          [
            139.857738,
            35.963652
          ],
          [
            139.857582,
            35.963138
          ],
          [
            139.857563,
            35.96307
          ],
          [
            139.857494,
            35.962865
          ],
          [
            139.857329,
            35.962329
          ],
          [
            139.85731,
            35.961991
          ],
          [
            139.857321,
            35.961891
          ],
          [
            139.857416,
            35.961619
          ],
          [
            139.857611,
            35.961112
          ],
          [
            139.857803,
            35.960601
          ],
          [
            139.857906,
            35.960326
          ],
          [
            139.857977,
            35.960143
          ],
          [
            139.857998,
            35.960091
          ],
          [
            139.858217,
            35.959531
          ],
          [
            139.858388,
            35.95916
          ],
          [
            139.858471,
            35.958937
          ],
          [
            139.858624,
            35.958512
          ],
          [
            139.858717,
            35.95828
          ],
          [
            139.858887,
            35.957868
          ],
          [
            139.858986,
            35.95763
          ],
          [
            139.859222,
            35.957087
          ],
          [
            139.859396,
            35.956702
          ],
          [
            139.859539,
            35.956391
          ],
          [
            139.859592,
            35.956272
          ],
          [
            139.859985,
            35.955491
          ],
          [
            139.860023,
            35.955422
          ],
          [
            139.860296,
            35.954915
          ],
          [
            139.860427,
            35.954594
          ],
          [
            139.860494,
            35.954399
          ],
          [
            139.860681,
            35.953755
          ],
          [
            139.860761,
            35.953487
          ],
          [
            139.860863,
            35.95314
          ],
          [
            139.860948,
            35.952863
          ],
          [
            139.861064,
            35.952217
          ],
          [
            139.861101,
            35.951926
          ],
          [
            139.861165,
            35.951418
          ],
          [
            139.861196,
            35.951073
          ],
          [
            139.861263,
            35.950496
          ],
          [
            139.861305,
            35.950229
          ],
          [
            139.861357,
            35.94999
          ],
          [
            139.861391,
            35.949834
          ],
          [
            139.861471,
            35.949462
          ],
          [
            139.861576,
            35.948698
          ],
          [
            139.861066,
            35.948715
          ],
          [
            139.860507,
            35.948736
          ],
          [
            139.860372,
            35.948741
          ],
          [
            139.859597,
            35.948764
          ],
          [
            139.859267,
            35.948755
          ],
          [
            139.859017,
            35.948748
          ],
          [
            139.858118,
            35.948692
          ],
          [
            139.857626,
            35.948667
          ],
          [
            139.85673,
            35.948597
          ],
          [
            139.855792,
            35.948527
          ],
          [
            139.855261,
            35.948464
          ],
          [
            139.854906,
            35.948387
          ],
          [
            139.854471,
            35.948241
          ],
          [
            139.85439,
            35.948202
          ],
          [
            139.853729,
            35.947912
          ],
          [
            139.852924,
            35.947575
          ],
          [
            139.852491,
            35.947374
          ],
          [
            139.852195,
            35.947205
          ],
          [
            139.852049,
            35.947104
          ],
          [
            139.851735,
            35.946829
          ],
          [
            139.851595,
            35.946687
          ],
          [
            139.851375,
            35.946412
          ],
          [
            139.851205,
            35.946131
          ],
          [
            139.851026,
            35.945645
          ],
          [
            139.850951,
            35.945423
          ],
          [
            139.850842,
            35.945102
          ],
          [
            139.850646,
            35.944503
          ],
          [
            139.850303,
            35.943451
          ],
          [
            139.850163,
            35.942938
          ],
          [
            139.850054,
            35.942605
          ],
          [
            139.849986,
            35.942254
          ],
          [
            139.849975,
            35.941996
          ],
          [
            139.850028,
            35.941643
          ],
          [
            139.85011,
            35.941378
          ],
          [
            139.850235,
            35.941119
          ],
          [
            139.849578,
            35.940808
          ],
          [
            139.849464,
            35.940751
          ],
          [
            139.848944,
            35.940465
          ],
          [
            139.84841,
            35.940146
          ],
          [
            139.848275,
            35.94006
          ],
          [
            139.844717,
            35.937874
          ],
          [
            139.844638,
            35.937824
          ],
          [
            139.844277,
            35.937616
          ],
          [
            139.843907,
            35.937453
          ],
          [
            139.843543,
            35.937347
          ],
          [
            139.843277,
            35.9373
          ],
          [
            139.843079,
            35.937282
          ],
          [
            139.842409,
            35.93728
          ],
          [
            139.841504,
            35.937309
          ],
          [
            139.841221,
            35.936716
          ],
          [
            139.841153,
            35.936569
          ],
          [
            139.840819,
            35.935778
          ],
          [
            139.840815,
            35.93559
          ],
          [
            139.840862,
            35.935482
          ],
          [
            139.841257,
            35.935006
          ],
          [
            139.841426,
            35.934711
          ],
          [
            139.841544,
            35.934388
          ],
          [
            139.841599,
            35.933964
          ],
          [
            139.841596,
            35.933752
          ],
          [
            139.841545,
            35.933468
          ],
          [
            139.841377,
            35.93299
          ],
          [
            139.8411,
            35.932302
          ],
          [
            139.840837,
            35.931652
          ],
          [
            139.840675,
            35.931252
          ],
          [
            139.840313,
            35.930359
          ],
          [
            139.840209,
            35.930103
          ],
          [
            139.839844,
            35.929243
          ],
          [
            139.8397,
            35.92872
          ],
          [
            139.839685,
            35.928489
          ],
          [
            139.83971,
            35.928121
          ],
          [
            139.83983,
            35.927739
          ],
          [
            139.839945,
            35.927503
          ],
          [
            139.840073,
            35.927303
          ],
          [
            139.840307,
            35.927026
          ],
          [
            139.840934,
            35.926313
          ],
          [
            139.841286,
            35.925925
          ],
          [
            139.841399,
            35.925749
          ],
          [
            139.841441,
            35.925567
          ],
          [
            139.841402,
            35.925409
          ],
          [
            139.841352,
            35.925326
          ],
          [
            139.840844,
            35.924614
          ],
          [
            139.84074,
            35.924453
          ],
          [
            139.840717,
            35.924308
          ],
          [
            139.84064,
            35.92431
          ],
          [
            139.840458,
            35.924313
          ],
          [
            139.8392,
            35.924336
          ],
          [
            139.838989,
            35.924346
          ],
          [
            139.838168,
            35.924407
          ],
          [
            139.837444,
            35.924478
          ],
          [
            139.83717,
            35.924499
          ],
          [
            139.837104,
            35.924506
          ],
          [
            139.836336,
            35.924576
          ],
          [
            139.835728,
            35.924637
          ],
          [
            139.835091,
            35.920151
          ],
          [
            139.834995,
            35.919065
          ],
          [
            139.834938,
            35.917977
          ],
          [
            139.834936,
            35.916937
          ],
          [
            139.834934,
            35.916471
          ],
          [
            139.834962,
            35.915902
          ],
          [
            139.8352,
            35.912811
          ],
          [
            139.835275,
            35.9118
          ],
          [
            139.835462,
            35.909816
          ],
          [
            139.835549,
            35.909052
          ],
          [
            139.835529,
            35.9087
          ],
          [
            139.835448,
            35.908363
          ],
          [
            139.835336,
            35.907998
          ],
          [
            139.835317,
            35.907934
          ],
          [
            139.835227,
            35.907657
          ],
          [
            139.835131,
            35.907432
          ],
          [
            139.834846,
            35.906833
          ],
          [
            139.834786,
            35.906735
          ],
          [
            139.834413,
            35.906141
          ],
          [
            139.834054,
            35.905616
          ],
          [
            139.833756,
            35.905217
          ],
          [
            139.832662,
            35.903882
          ],
          [
            139.832269,
            35.903419
          ],
          [
            139.831446,
            35.902381
          ],
          [
            139.83101,
            35.901804
          ],
          [
            139.830563,
            35.901149
          ],
          [
            139.830327,
            35.900788
          ],
          [
            139.830111,
            35.900455
          ],
          [
            139.829802,
            35.899846
          ],
          [
            139.829483,
            35.899191
          ],
          [
            139.829191,
            35.898503
          ],
          [
            139.828701,
            35.897325
          ],
          [
            139.828416,
            35.896623
          ],
          [
            139.828284,
            35.896305
          ],
          [
            139.828065,
            35.895808
          ],
          [
            139.828024,
            35.895723
          ],
          [
            139.827857,
            35.895359
          ],
          [
            139.827704,
            35.895021
          ],
          [
            139.8273,
            35.894093
          ],
          [
            139.826932,
            35.893238
          ],
          [
            139.826757,
            35.892793
          ],
          [
            139.826453,
            35.8919
          ],
          [
            139.826224,
            35.891016
          ],
          [
            139.826116,
            35.890425
          ],
          [
            139.826093,
            35.890211
          ],
          [
            139.826069,
            35.889993
          ],
          [
            139.826016,
            35.889254
          ],
          [
            139.825996,
            35.888884
          ],
          [
            139.825989,
            35.888683
          ],
          [
            139.826013,
            35.887864
          ],
          [
            139.826068,
            35.887102
          ],
          [
            139.826136,
            35.886473
          ],
          [
            139.826281,
            35.885319
          ],
          [
            139.826297,
            35.885243
          ],
          [
            139.826431,
            35.884067
          ],
          [
            139.82665,
            35.882338
          ],
          [
            139.826688,
            35.882072
          ],
          [
            139.826734,
            35.881694
          ],
          [
            139.826754,
            35.88153
          ],
          [
            139.826779,
            35.881299
          ],
          [
            139.82685,
            35.880302
          ],
          [
            139.827009,
            35.879268
          ],
          [
            139.827194,
            35.877744
          ],
          [
            139.82724,
            35.877481
          ],
          [
            139.827366,
            35.876451
          ],
          [
            139.827444,
            35.875856
          ],
          [
            139.827531,
            35.875158
          ],
          [
            139.827678,
            35.873966
          ],
          [
            139.827758,
            35.873282
          ],
          [
            139.827818,
            35.872849
          ],
          [
            139.827934,
            35.872209
          ],
          [
            139.828102,
            35.870878
          ],
          [
            139.828113,
            35.870797
          ],
          [
            139.828336,
            35.869144
          ],
          [
            139.828529,
            35.868075
          ],
          [
            139.828812,
            35.866719
          ],
          [
            139.828848,
            35.866503
          ],
          [
            139.829098,
            35.865373
          ],
          [
            139.829394,
            35.863957
          ],
          [
            139.829656,
            35.862605
          ],
          [
            139.829929,
            35.861271
          ],
          [
            139.829969,
            35.860995
          ],
          [
            139.830036,
            35.860607
          ],
          [
            139.830102,
            35.859892
          ],
          [
            139.830118,
            35.859211
          ],
          [
            139.830069,
            35.85864
          ],
          [
            139.830045,
            35.858472
          ],
          [
            139.829907,
            35.857342
          ],
          [
            139.829814,
            35.856743
          ],
          [
            139.829766,
            35.856169
          ],
          [
            139.829687,
            35.855177
          ],
          [
            139.829641,
            35.854374
          ],
          [
            139.829614,
            35.853886
          ],
          [
            139.82963,
            35.853557
          ],
          [
            139.829818,
            35.852219
          ],
          [
            139.829889,
            35.851927
          ],
          [
            139.829949,
            35.851712
          ],
          [
            139.830141,
            35.850383
          ],
          [
            139.830227,
            35.850058
          ],
          [
            139.830444,
            35.849483
          ],
          [
            139.830484,
            35.849253
          ],
          [
            139.831209,
            35.848999
          ],
          [
            139.831841,
            35.848767
          ],
          [
            139.832899,
            35.84831
          ],
          [
            139.833466,
            35.847989
          ],
          [
            139.834735,
            35.847322
          ],
          [
            139.835657,
            35.846815
          ],
          [
            139.837158,
            35.846008
          ],
          [
            139.837994,
            35.845645
          ],
          [
            139.838418,
            35.84549
          ],
          [
            139.83906,
            35.845266
          ],
          [
            139.839439,
            35.845161
          ],
          [
            139.840222,
            35.844991
          ],
          [
            139.841047,
            35.844879
          ],
          [
            139.841749,
            35.844813
          ],
          [
            139.845513,
            35.84456
          ],
          [
            139.846007,
            35.844533
          ],
          [
            139.846606,
            35.844524
          ],
          [
            139.847552,
            35.844488
          ],
          [
            139.848307,
            35.844402
          ],
          [
            139.848773,
            35.844328
          ],
          [
            139.849491,
            35.844169
          ],
          [
            139.849912,
            35.844056
          ],
          [
            139.85065,
            35.843808
          ],
          [
            139.850961,
            35.843683
          ],
          [
            139.851169,
            35.843591
          ],
          [
            139.851987,
            35.843172
          ],
          [
            139.852108,
            35.843114
          ],
          [
            139.852676,
            35.842765
          ],
          [
            139.853438,
            35.842193
          ],
          [
            139.853827,
            35.841867
          ],
          [
            139.854618,
            35.841139
          ],
          [
            139.85484,
            35.840913
          ],
          [
            139.855442,
            35.840295
          ],
          [
            139.855866,
            35.839886
          ],
          [
            139.855902,
            35.839854
          ],
          [
            139.856116,
            35.839665
          ],
          [
            139.857945,
            35.83787
          ],
          [
            139.858784,
            35.837092
          ],
          [
            139.86059,
            35.835528
          ],
          [
            139.86116,
            35.834939
          ],
          [
            139.862316,
            35.833828
          ],
          [
            139.863156,
            35.833114
          ],
          [
            139.863807,
            35.832537
          ],
          [
            139.864954,
            35.831593
          ],
          [
            139.865664,
            35.830976
          ],
          [
            139.866787,
            35.82995
          ],
          [
            139.867421,
            35.829315
          ],
          [
            139.867641,
            35.829056
          ],
          [
            139.868506,
            35.828209
          ],
          [
            139.869221,
            35.827474
          ],
          [
            139.869635,
            35.827007
          ],
          [
            139.870039,
            35.826531
          ],
          [
            139.870493,
            35.825947
          ],
          [
            139.870877,
            35.825447
          ],
          [
            139.871388,
            35.824731
          ],
          [
            139.871832,
            35.82405
          ],
          [
            139.872221,
            35.823394
          ],
          [
            139.872912,
            35.822042
          ],
          [
            139.873393,
            35.820952
          ],
          [
            139.873643,
            35.820296
          ],
          [
            139.873799,
            35.81986
          ],
          [
            139.874058,
            35.819025
          ],
          [
            139.874524,
            35.81721
          ],
          [
            139.874738,
            35.816274
          ],
          [
            139.875038,
            35.814674
          ],
          [
            139.87546,
            35.812273
          ],
          [
            139.876047,
            35.808821
          ],
          [
            139.87627,
            35.807846
          ],
          [
            139.877162,
            35.804553
          ],
          [
            139.877464,
            35.803416
          ],
          [
            139.877962,
            35.801058
          ],
          [
            139.878097,
            35.800343
          ],
          [
            139.878316,
            35.799045
          ],
          [
            139.878838,
            35.79529
          ],
          [
            139.879235,
            35.792731
          ],
          [
            139.879402,
            35.791916
          ],
          [
            139.87957,
            35.791202
          ],
          [
            139.879842,
            35.790228
          ],
          [
            139.880046,
            35.789577
          ],
          [
            139.880755,
            35.787762
          ],
          [
            139.881392,
            35.786379
          ],
          [
            139.882011,
            35.785231
          ],
          [
            139.882388,
            35.784626
          ],
          [
            139.883243,
            35.783333
          ],
          [
            139.884255,
            35.781958
          ],
          [
            139.88547,
            35.780441
          ],
          [
            139.886912,
            35.778681
          ],
          [
            139.889606,
            35.775255
          ],
          [
            139.896089,
            35.767208
          ],
          [
            139.896965,
            35.766129
          ],
          [
            139.897772,
            35.765195
          ],
          [
            139.898697,
            35.764181
          ],
          [
            139.899046,
            35.763851
          ],
          [
            139.899713,
            35.7633
          ],
          [
            139.90115,
            35.762195
          ],
          [
            139.90175,
            35.761762
          ],
          [
            139.902177,
            35.761472
          ],
          [
            139.902462,
            35.761301
          ],
          [
            139.903069,
            35.760962
          ],
          [
            139.90391,
            35.760529
          ],
          [
            139.904514,
            35.760225
          ],
          [
            139.905606,
            35.759724
          ],
          [
            139.906801,
            35.759266
          ],
          [
            139.908156,
            35.758824
          ],
          [
            139.909575,
            35.758376
          ],
          [
            139.913899,
            35.757152
          ],
          [
            139.914665,
            35.756907
          ],
          [
            139.915469,
            35.756594
          ],
          [
            139.915825,
            35.756425
          ],
          [
            139.916134,
            35.756251
          ],
          [
            139.916382,
            35.756086
          ],
          [
            139.916616,
            35.755922
          ],
          [
            139.916808,
            35.75576
          ],
          [
            139.917262,
            35.755329
          ],
          [
            139.917446,
            35.755122
          ],
          [
            139.917624,
            35.754884
          ],
          [
            139.917904,
            35.754406
          ],
          [
            139.918173,
            35.753791
          ],
          [
            139.91837,
            35.753123
          ],
          [
            139.918499,
            35.752479
          ],
          [
            139.918982,
            35.749695
          ],
          [
            139.919536,
            35.746202
          ],
          [
            139.919941,
            35.743305
          ],
          [
            139.920416,
            35.740215
          ],
          [
            139.92055,
            35.73872
          ],
          [
            139.920581,
            35.738069
          ],
          [
            139.920577,
            35.736563
          ],
          [
            139.920521,
            35.735637
          ],
          [
            139.920419,
            35.734608
          ],
          [
            139.920303,
            35.733803
          ],
          [
            139.920026,
            35.732258
          ],
          [
            139.919908,
            35.731691
          ],
          [
            139.919663,
            35.730697
          ],
          [
            139.918752,
            35.727304
          ],
          [
            139.918612,
            35.726909
          ],
          [
            139.91852,
            35.726709
          ],
          [
            139.918427,
            35.726531
          ],
          [
            139.918194,
            35.72617
          ],
          [
            139.916817,
            35.724262
          ],
          [
            139.916678,
            35.72404
          ],
          [
            139.916405,
            35.723515
          ],
          [
            139.916245,
            35.723121
          ],
          [
            139.916114,
            35.722648
          ],
          [
            139.916072,
            35.722411
          ],
          [
            139.916043,
            35.722171
          ],
          [
            139.916037,
            35.721905
          ],
          [
            139.916054,
            35.72153
          ],
          [
            139.916142,
            35.721022
          ],
          [
            139.916214,
            35.720774
          ],
          [
            139.916314,
            35.720493
          ],
          [
            139.916512,
            35.720063
          ],
          [
            139.916709,
            35.719718
          ],
          [
            139.917142,
            35.719064
          ],
          [
            139.91914,
            35.716459
          ],
          [
            139.920567,
            35.714655
          ],
          [
            139.921757,
            35.713211
          ],
          [
            139.922515,
            35.712256
          ],
          [
            139.92321,
            35.711323
          ],
          [
            139.924043,
            35.710158
          ],
          [
            139.924541,
            35.709431
          ],
          [
            139.925512,
            35.707936
          ],
          [
            139.926875,
            35.705679
          ],
          [
            139.927282,
            35.705101
          ],
          [
            139.927498,
            35.704831
          ],
          [
            139.927741,
            35.704548
          ],
          [
            139.927999,
            35.704285
          ],
          [
            139.928394,
            35.703913
          ],
          [
            139.92881,
            35.703571
          ],
          [
            139.929388,
            35.703172
          ],
          [
            139.930306,
            35.70264
          ],
          [
            139.93183,
            35.701831
          ],
          [
            139.932243,
            35.701594
          ],
          [
            139.932649,
            35.701342
          ],
          [
            139.933267,
            35.700915
          ],
          [
            139.933898,
            35.700427
          ],
          [
            139.934388,
            35.700003
          ],
          [
            139.934807,
            35.699592
          ],
          [
            139.935324,
            35.699051
          ],
          [
            139.936724,
            35.697582
          ],
          [
            139.939805,
            35.694302
          ],
          [
            139.940789,
            35.693246
          ],
          [
            139.941311,
            35.69272
          ],
          [
            139.94167,
            35.692383
          ],
          [
            139.942044,
            35.692047
          ],
          [
            139.942395,
            35.691759
          ],
          [
            139.942872,
            35.691376
          ],
          [
            139.943775,
            35.690689
          ],
          [
            139.944122,
            35.690401
          ],
          [
            139.945211,
            35.689392
          ],
          [
            139.945652,
            35.689053
          ],
          [
            139.946119,
            35.688767
          ],
          [
            139.946339,
            35.688652
          ],
          [
            139.946658,
            35.688515
          ],
          [
            139.94712,
            35.688375
          ],
          [
            139.947719,
            35.688281
          ],
          [
            139.948254,
            35.688292
          ],
          [
            139.948484,
            35.688328
          ],
          [
            139.94869,
            35.688379
          ],
          [
            139.948877,
            35.688442
          ],
          [
            139.949182,
            35.688578
          ],
          [
            139.949583,
            35.688791
          ],
          [
            139.951316,
            35.689839
          ],
          [
            139.952423,
            35.690486
          ],
          [
            139.953307,
            35.690948
          ],
          [
            139.953652,
            35.691095
          ],
          [
            139.954164,
            35.691367
          ],
          [
            139.954692,
            35.691624
          ],
          [
            139.955196,
            35.691836
          ],
          [
            139.955658,
            35.692005
          ],
          [
            139.956398,
            35.692233
          ],
          [
            139.95696,
            35.692373
          ],
          [
            139.957409,
            35.692464
          ],
          [
            139.958078,
            35.692565
          ],
          [
            139.95893,
            35.692642
          ],
          [
            139.959622,
            35.692659
          ],
          [
            139.959975,
            35.692653
          ],
          [
            139.960753,
            35.692604
          ],
          [
            139.961572,
            35.692497
          ],
          [
            139.96221,
            35.692379
          ],
          [
            139.963261,
            35.692137
          ],
          [
            139.970556,
            35.690208
          ],
          [
            139.972903,
            35.689607
          ],
          [
            139.988921,
            35.685399
          ],
          [
            139.989501,
            35.68523
          ],
          [
            139.990335,
            35.684946
          ],
          [
            139.990934,
            35.684721
          ],
          [
            139.991466,
            35.684492
          ],
          [
            139.998173,
            35.68134
          ],
          [
            139.999062,
            35.680895
          ],
          [
            139.999282,
            35.680776
          ],
          [
            139.999891,
            35.680399
          ],
          [
            140.000255,
            35.680148
          ],
          [
            140.000604,
            35.679874
          ],
          [
            140.001213,
            35.679417
          ],
          [
            140.001628,
            35.679035
          ],
          [
            140.001764,
            35.678882
          ],
          [
            140.002133,
            35.678406
          ],
          [
            140.002274,
            35.678203
          ],
          [
            140.002557,
            35.677721
          ],
          [
            140.002713,
            35.677395
          ],
          [
            140.002944,
            35.677015
          ],
          [
            140.003401,
            35.67588
          ],
          [
            140.00366,
            35.67533
          ],
          [
            140.003881,
            35.674963
          ],
          [
            140.004175,
            35.67453
          ],
          [
            140.004293,
            35.674364
          ],
          [
            140.004668,
            35.673887
          ],
          [
            140.005106,
            35.673427
          ],
          [
            140.005315,
            35.673221
          ],
          [
            140.00602,
            35.672633
          ],
          [
            140.006593,
            35.672242
          ],
          [
            140.006985,
            35.671996
          ],
          [
            140.00736,
            35.67177
          ],
          [
            140.00904,
            35.670757
          ],
          [
            140.009127,
            35.670704
          ],
          [
            140.00877,
            35.670182
          ],
          [
            140.008555,
            35.669865
          ],
          [
            140.007877,
            35.668824
          ],
          [
            140.007776,
            35.668678
          ],
          [
            140.007545,
            35.668425
          ],
          [
            140.007269,
            35.668167
          ],
          [
            140.007114,
            35.668054
          ],
          [
            140.00703,
            35.668001
          ],
          [
            140.006734,
            35.667775
          ],
          [
            140.006077,
            35.667317
          ],
          [
            140.007585,
            35.665876
          ],
          [
            140.007963,
            35.665514
          ],
          [
            140.008472,
            35.66503
          ],
          [
            140.008818,
            35.664701
          ],
          [
            140.011183,
            35.66245
          ],
          [
            140.011266,
            35.662373
          ],
          [
            140.011488,
            35.662165
          ],
          [
            140.0117,
            35.661969
          ],
          [
            140.012955,
            35.66095
          ],
          [
            140.014023,
            35.660195
          ],
          [
            140.017738,
            35.657856
          ],
          [
            140.017808,
            35.657812
          ],
          [
            140.017703,
            35.657755
          ],
          [
            140.017123,
            35.658107
          ],
          [
            140.016321,
            35.658611
          ],
          [
            140.014823,
            35.659563
          ],
          [
            140.014514,
            35.659225
          ],
          [
            140.014493,
            35.659136
          ],
          [
            140.014335,
            35.658955
          ],
          [
            140.014264,
            35.658885
          ],
          [
            140.014182,
            35.658871
          ],
          [
            140.013978,
            35.658654
          ],
          [
            140.013575,
            35.658229
          ]
        ]
      },
      "properties": {
        "order": 18,
        "from": "まくらがの里 こが",
        "to": "幕張駅",
        "title": "まくらがの里 こが → 幕張駅",
        "distance_meters": 78467,
        "duration_seconds": 4843.7
      }
    }
  ]
}