{"type":"FeatureCollection","features":[{"type":"Feature","geometry":{"type":"LineString","coordinates":[[140.058273,35.659726],[140.05823,35.659761],[140.058125,35.659847],[140.058091,35.659887],[140.058068,35.659968],[140.058106,35.660037],[140.058146,35.660056],[140.058214,35.660066],[140.058279,35.66005],[140.05842,35.659943],[140.05853,35.65986],[140.058631,35.659851],[140.058945,35.660042],[140.059434,35.660432],[140.059039,35.660767],[140.058701,35.661047],[140.058604,35.661093],[140.058694,35.661255],[140.058734,35.661447],[140.058697,35.661628],[140.058738,35.661691],[140.058893,35.661813],[140.058946,35.661853],[140.059252,35.662131],[140.059413,35.662357],[140.058788,35.662662],[140.058731,35.662729],[140.058057,35.663066],[140.057969,35.663127],[140.057954,35.663139],[140.057839,35.663238],[140.057389,35.662869],[140.05589,35.661647],[140.054775,35.660744],[140.053726,35.659888],[140.053067,35.659344],[140.052993,35.659279],[140.052614,35.658893],[140.052242,35.658492],[140.051964,35.65821],[140.051397,35.657613],[140.051273,35.657464],[140.050105,35.656214],[140.049983,35.656086],[140.049656,35.655735],[140.049212,35.6553],[140.048932,35.655078],[140.048615,35.654867],[140.04733,35.654197],[140.045723,35.65335],[140.045172,35.652949],[140.045039,35.653023],[140.043946,35.653615],[140.043089,35.654115],[140.042924,35.654228],[140.042687,35.654384],[140.041823,35.65497],[140.04104,35.655455],[140.039823,35.656159],[140.038836,35.65669],[140.038455,35.656892],[140.03755,35.657325],[140.036826,35.657653],[140.035871,35.658047],[140.035198,35.65829],[140.034578,35.658494],[140.034254,35.658587],[140.033446,35.65878],[140.032833,35.658903],[140.031956,35.659031],[140.03124,35.659105],[140.030829,35.659125],[140.029952,35.659189],[140.029295,35.659298],[140.028908,35.659382],[140.026796,35.660032],[140.024868,35.660651],[140.024591,35.660819],[140.023877,35.66112],[140.02348,35.66132],[140.023089,35.661568],[140.022474,35.662057],[140.022391,35.662114],[140.020873,35.663126],[140.020554,35.663324],[140.020372,35.663506],[140.017498,35.665206],[140.013299,35.667737],[140.010202,35.669592],[140.006475,35.671853],[140.005718,35.672356],[140.005291,35.672687],[140.005028,35.672916],[140.004828,35.673104],[140.004457,35.673497],[140.004265,35.673713],[140.004012,35.674039],[140.003775,35.674388],[140.003526,35.674796],[140.003296,35.675252],[140.002449,35.67723],[140.00227,35.677606],[140.001868,35.67828],[140.001385,35.678906],[140.001172,35.679131],[140.000802,35.679506],[140.000594,35.679693],[140.000095,35.680087],[139.999407,35.680523],[139.998964,35.680769],[139.99809,35.681217],[139.995768,35.682318],[139.991365,35.68437],[139.990604,35.684696],[139.990289,35.684814],[139.989754,35.685002],[139.988846,35.685278],[139.984717,35.686348],[139.970691,35.690037],[139.963215,35.692019],[139.962193,35.692249],[139.961543,35.692369],[139.960746,35.69247],[139.959971,35.692519],[139.958945,35.692508],[139.958106,35.692434],[139.957655,35.692368],[139.957229,35.692293],[139.956702,35.692175],[139.956207,35.692039],[139.955531,35.691815],[139.955014,35.691612],[139.954537,35.691399],[139.953707,35.690966],[139.953136,35.690635],[139.952036,35.689845],[139.951598,35.689549],[139.950061,35.688607],[139.949727,35.688366],[139.949335,35.688035],[139.949158,35.687853],[139.949037,35.68772],[139.948332,35.686811],[139.948112,35.686583],[139.947986,35.686484],[139.947694,35.686298],[139.947416,35.686168],[139.947148,35.686087],[139.946912,35.686056],[139.946785,35.686057],[139.946537,35.686094],[139.946244,35.686208],[139.946099,35.6863],[139.945997,35.686389],[139.945869,35.686539],[139.945759,35.686777],[139.945529,35.687674],[139.94533,35.688197],[139.945168,35.688519],[139.944968,35.688858],[139.944709,35.689221],[139.944529,35.689414],[139.944063,35.689906],[139.943589,35.690352],[139.942859,35.690999],[139.941453,35.692286],[139.941172,35.692568],[139.940878,35.692894],[139.9397,35.694238],[139.938763,35.695266],[139.936635,35.697524],[139.936036,35.698158],[139.935266,35.699015],[139.934755,35.699557],[139.934335,35.699962],[139.93385,35.700388],[139.933221,35.700872],[139.932614,35.701294],[139.932203,35.701553],[139.931799,35.701783],[139.929868,35.702814],[139.929343,35.703131],[139.928768,35.703532],[139.928342,35.703879],[139.927685,35.704515],[139.927449,35.704798],[139.927235,35.705079],[139.926839,35.705665],[139.925705,35.70756],[139.924802,35.708977],[139.924245,35.709804],[139.92351,35.710851],[139.922997,35.71155],[139.922465,35.712233],[139.92051,35.714628],[139.919075,35.716444],[139.918087,35.71773],[139.917088,35.71904],[139.916595,35.719595],[139.916397,35.719855],[139.916228,35.720117],[139.916075,35.720408],[139.915923,35.720778],[139.915836,35.721084],[139.9158,35.721309],[139.91578,35.721537],[139.915782,35.721812],[139.915812,35.72212],[139.915859,35.72236],[139.915893,35.722481],[139.915982,35.722666],[139.916134,35.723198],[139.916299,35.723585],[139.916494,35.72395],[139.916649,35.724195],[139.916872,35.72452],[139.917124,35.725073],[139.917246,35.725284],[139.917333,35.725402],[139.917631,35.725712],[139.917948,35.726108],[139.91818,35.726498],[139.917331,35.726904],[139.916888,35.72712],[139.916685,35.727218],[139.916321,35.727374],[139.91624,35.727407],[139.915926,35.727528],[139.915824,35.72757],[139.915591,35.72767],[139.915182,35.727845],[139.914856,35.728004],[139.914495,35.728185],[139.914268,35.728293],[139.914049,35.728399],[139.913721,35.728551],[139.913976,35.729084],[139.914263,35.730129],[139.9143,35.730253],[139.914539,35.731108],[139.914579,35.731234],[139.914652,35.731463],[139.914763,35.7317],[139.91497,35.732005],[139.915068,35.732239],[139.915067,35.732457],[139.914916,35.733005],[139.914963,35.733211],[139.9157,35.734293],[139.916023,35.734772],[139.916107,35.734897],[139.916272,35.735151],[139.916292,35.735181],[139.916364,35.735284],[139.91638,35.735309],[139.916667,35.735724],[139.91692,35.736099],[139.917117,35.736503],[139.917266,35.736833],[139.917594,35.737749],[139.917602,35.737767],[139.91769,35.738119],[139.917714,35.738483],[139.917707,35.738893],[139.917726,35.739423],[139.917796,35.740123],[139.917857,35.740865],[139.917876,35.741058],[139.917895,35.741255],[139.917948,35.741844],[139.918007,35.741982],[139.918179,35.742195],[139.918303,35.742298],[139.918375,35.742359],[139.918569,35.742525],[139.91895,35.742848],[139.919164,35.74305],[139.919242,35.743148],[139.919308,35.7434],[139.919377,35.743645],[139.919432,35.743735],[139.919599,35.74388],[139.919688,35.743928],[139.919633,35.744323],[139.919519,35.745176],[139.918963,35.748765],[139.91918,35.748782],[139.919394,35.748777],[139.919474,35.748733],[139.919509,35.748686],[139.919561,35.74846],[139.919593,35.748404],[139.919693,35.748345],[139.919908,35.748321],[139.919923,35.748456],[139.9199,35.748507],[139.919602,35.748791],[139.919446,35.74888]]},"properties":{"order":1,"from":"幕張駅","to":"いちかわ","title":"幕張駅 → いちかわ","distance_meters":21422,"duration_seconds":1526.4}},{"type":"Feature","geometry":{"type":"LineString","coordinates":[[139.919446,35.74888],[139.919395,35.74891],[139.919357,35.748959],[139.919271,35.749463],[139.919278,35.749525],[139.919311,35.749588],[139.919357,35.749615],[139.919366,35.749794],[139.919377,35.749954],[139.919387,35.750105],[139.91911,35.750095],[139.918979,35.750002],[139.91918,35.748782],[139.919591,35.746206],[139.9199,35.744023],[139.919688,35.743928],[139.919633,35.744323],[139.919519,35.745176],[139.9193,35.745873],[139.919051,35.747438],[139.918978,35.747915],[139.918905,35.748628],[139.918871,35.749686],[139.918388,35.752469],[139.918257,35.753106],[139.918069,35.75376],[139.917802,35.754368],[139.917528,35.754837],[139.917351,35.755074],[139.917174,35.755272],[139.916732,35.755695],[139.916545,35.755851],[139.916315,35.756015],[139.915776,35.756344],[139.915418,35.756512],[139.914625,35.756823],[139.913868,35.757066],[139.909547,35.758289],[139.908128,35.758735],[139.906764,35.759181],[139.906053,35.759445],[139.905051,35.759863],[139.903849,35.760454],[139.903011,35.760885],[139.902392,35.761231],[139.90211,35.761399],[139.901677,35.761691],[139.90033,35.762696],[139.898979,35.763804],[139.898336,35.764414],[139.897676,35.76512],[139.896868,35.766045],[139.895999,35.767126],[139.893376,35.770391],[139.889539,35.77522],[139.886786,35.778644],[139.884166,35.78199],[139.883155,35.783375],[139.88233,35.784593],[139.881967,35.78521],[139.881347,35.786354],[139.880682,35.787748],[139.8804,35.788413],[139.879943,35.789585],[139.879486,35.791181],[139.87931,35.791905],[139.879006,35.793617],[139.878211,35.799026],[139.877875,35.801044],[139.877396,35.803407],[139.877095,35.804544],[139.876589,35.806271],[139.876162,35.807822],[139.875946,35.808796],[139.875774,35.809732],[139.874942,35.814719],[139.874636,35.816302],[139.874418,35.817242],[139.873943,35.819035],[139.873536,35.820283],[139.873291,35.820935],[139.872822,35.822025],[139.872509,35.822688],[139.872084,35.823505],[139.871605,35.824002],[139.870202,35.825885],[139.870009,35.826142],[139.869488,35.826771],[139.869376,35.826991],[139.868944,35.827476],[139.868699,35.827736],[139.868573,35.827927],[139.867648,35.828837],[139.867128,35.829323],[139.866668,35.829743],[139.866275,35.830081],[139.865346,35.830859],[139.863806,35.832046],[139.863461,35.832299],[139.863187,35.8325],[139.862561,35.83298],[139.859876,35.835231],[139.858776,35.836191],[139.858082,35.836801],[139.856149,35.838493],[139.855327,35.839287],[139.854962,35.839667],[139.854674,35.839954],[139.853471,35.841335],[139.853136,35.841701],[139.852908,35.84193],[139.852693,35.842139],[139.85232,35.84245],[139.852117,35.842591],[139.852038,35.842644],[139.851727,35.842829],[139.851511,35.842969],[139.850871,35.843289],[139.850466,35.843457],[139.849659,35.843729],[139.849216,35.843845],[139.848746,35.843945],[139.848272,35.844025],[139.847619,35.844102],[139.846575,35.844183],[139.841855,35.844502],[139.840991,35.84458],[139.840265,35.844676],[139.8398,35.844761],[139.838958,35.844982],[139.838736,35.845048],[139.838123,35.845272],[139.837584,35.845503],[139.837017,35.845853],[139.836398,35.846187],[139.835679,35.846569],[139.835397,35.846723],[139.834057,35.847445],[139.833299,35.847809],[139.832669,35.848125],[139.831879,35.848482],[139.831163,35.848793],[139.830319,35.849091],[139.830278,35.849317],[139.830129,35.849943],[139.829954,35.850448],[139.829757,35.850897],[139.82964,35.851134],[139.829462,35.851431],[139.829277,35.851803],[139.829207,35.852003],[139.829115,35.852363],[139.829064,35.852687],[139.828988,35.853477],[139.828982,35.853504],[139.828934,35.853846],[139.828934,35.854069],[139.828988,35.854384],[139.829008,35.854721],[139.829082,35.855099],[139.829204,35.855537],[139.829319,35.856101],[139.829382,35.856512],[139.8295,35.857372],[139.829527,35.857575],[139.829646,35.858432],[139.829679,35.8587],[139.829717,35.859042],[139.829722,35.85984],[139.829679,35.860428],[139.829609,35.860864],[139.828948,35.863874],[139.828894,35.864152],[139.828632,35.865305],[139.828343,35.866654],[139.828295,35.866911],[139.82806,35.868016],[139.827848,35.869337],[139.827652,35.870783],[139.827643,35.870851],[139.827576,35.871353],[139.827495,35.872362],[139.827437,35.872811],[139.827296,35.873944],[139.827142,35.875137],[139.827,35.87627],[139.826969,35.876518],[139.826963,35.876565],[139.826915,35.876954],[139.826761,35.878142],[139.826607,35.87923],[139.826442,35.880412],[139.826405,35.880657],[139.826369,35.880903],[139.826268,35.881657],[139.826261,35.881726],[139.826232,35.882056],[139.826237,35.882228],[139.826285,35.882581],[139.826363,35.882925],[139.826389,35.883244],[139.826365,35.883574],[139.826257,35.884037],[139.826139,35.88429],[139.825932,35.884665],[139.825873,35.884853],[139.825808,35.885186],[139.825798,35.885276],[139.825646,35.886611],[139.825597,35.887053],[139.825514,35.888055],[139.825511,35.888779],[139.825533,35.889189],[139.825568,35.889533],[139.82567,35.890153],[139.825851,35.891074],[139.826081,35.891968],[139.826397,35.892887],[139.82658,35.89335],[139.826618,35.89344],[139.826943,35.894221],[139.827435,35.895484],[139.827598,35.895861],[139.827801,35.896342],[139.828265,35.897482],[139.828412,35.897822],[139.82881,35.89885],[139.829302,35.899929],[139.829808,35.900844],[139.830429,35.901748],[139.831853,35.903557],[139.832085,35.903825],[139.832298,35.904074],[139.832397,35.904194],[139.833213,35.905195],[139.833554,35.905635],[139.834057,35.906385],[139.834338,35.906858],[139.834404,35.906975],[139.834676,35.907531],[139.834868,35.908052],[139.834898,35.908144],[139.835051,35.908565],[139.835175,35.909109],[139.835289,35.909844],[139.835312,35.910287],[139.835275,35.9118],[139.8352,35.912811],[139.834962,35.915902],[139.834934,35.916471],[139.834936,35.916937],[139.834938,35.917977],[139.834995,35.919065],[139.835091,35.920151],[139.835728,35.924637],[139.836336,35.924576],[139.837104,35.924506],[139.83717,35.924499],[139.837444,35.924478],[139.838168,35.924407],[139.838989,35.924346],[139.8392,35.924336],[139.840458,35.924313],[139.84064,35.92431],[139.840717,35.924308],[139.84074,35.924453],[139.840844,35.924614],[139.841352,35.925326],[139.841402,35.925409],[139.841441,35.925567],[139.841399,35.925749],[139.841286,35.925925],[139.840934,35.926313],[139.840307,35.927026],[139.840073,35.927303],[139.839945,35.927503],[139.83983,35.927739],[139.83971,35.928121],[139.839685,35.928489],[139.8397,35.92872],[139.839844,35.929243],[139.840209,35.930103],[139.840313,35.930359],[139.840675,35.931252],[139.840837,35.931652],[139.8411,35.932302],[139.841377,35.93299],[139.841545,35.933468],[139.841596,35.933752],[139.841599,35.933964],[139.841544,35.934388],[139.841426,35.934711],[139.841257,35.935006],[139.840862,35.935482],[139.840815,35.93559],[139.840819,35.935778],[139.841153,35.936569],[139.841221,35.936716],[139.841504,35.937309],[139.842409,35.93728],[139.843079,35.937282],[139.843277,35.9373],[139.843543,35.937347],[139.843907,35.937453],[139.844277,35.937616],[139.844638,35.937824],[139.844318,35.938281],[139.843845,35.939028],[139.842939,35.940626],[139.842629,35.941101],[139.842366,35.941448],[139.840448,35.944456],[139.840339,35.944592],[139.84018,35.944748],[139.839999,35.94489],[139.8398,35.945019],[139.839323,35.94523],[139.839094,35.945354],[139.838913,35.945475],[139.838444,35.945921],[139.838142,35.94621],[139.838036,35.946336],[139.837695,35.946891],[139.837389,35.947329],[139.836923,35.948012],[139.836495,35.948591],[139.836474,35.948619],[139.835519,35.949957],[139.835497,35.949989],[139.835188,35.950417],[139.834786,35.950983],[139.834382,35.951556],[139.834015,35.952055],[139.833454,35.952629],[139.832687,35.953405],[139.83237,35.953708],[139.832224,35.953651],[139.831909,35.953615],[139.830578,35.953473],[139.829602,35.953382],[139.829025,35.953245],[139.828927,35.95322],[139.828794,35.953171],[139.82834,35.95402],[139.827813,35.954891],[139.827551,35.955286],[139.827302,35.955719],[139.827283,35.955754],[139.826129,35.957581],[139.825937,35.957928],[139.825553,35.958506],[139.825438,35.958658],[139.824842,35.959339],[139.824102,35.960167],[139.823492,35.960874],[139.822639,35.961844],[139.821876,35.962657],[139.821162,35.963464],[139.820426,35.964294],[139.819988,35.964795],[139.819717,35.965053],[139.819398,35.965246],[139.81833,35.965803],[139.817236,35.966373],[139.816149,35.966951],[139.81508,35.967497],[139.814742,35.967695],[139.814629,35.96778],[139.814161,35.9682],[139.813308,35.968965],[139.812732,35.969523],[139.81257,35.969705],[139.812383,35.970065],[139.81213,35.971226],[139.812017,35.971505],[139.811885,35.971711],[139.811687,35.971918],[139.81155,35.972031],[139.811384,35.972139],[139.810494,35.972535],[139.809222,35.973084],[139.808437,35.973401],[139.808131,35.973512],[139.807831,35.973611],[139.807204,35.973752],[139.806918,35.973838],[139.806717,35.973904],[139.806108,35.974143],[139.80587,35.974249],[139.805587,35.9744],[139.805296,35.974574],[139.805081,35.974658],[139.804726,35.974758],[139.803791,35.975003],[139.80353,35.975082],[139.803219,35.975258],[139.802864,35.975444],[139.802741,35.975507],[139.802131,35.975811],[139.801967,35.975901],[139.801882,35.975965],[139.80172,35.976207],[139.801584,35.976398],[139.801342,35.976603],[139.801217,35.976738],[139.801041,35.977026],[139.801008,35.977057],[139.800095,35.977782],[139.799602,35.978174],[139.799451,35.97829],[139.799104,35.978557],[139.798863,35.978761],[139.798683,35.978983],[139.798597,35.979183],[139.798499,35.979648],[139.798435,35.979807],[139.798303,35.979973],[139.798177,35.980094],[139.797818,35.980462],[139.797712,35.980565],[139.797288,35.980977],[139.797202,35.981061],[139.797089,35.981208],[139.79705,35.981377],[139.797072,35.98199],[139.796975,35.983138],[139.796875,35.984458],[139.796861,35.984707],[139.796635,35.987688],[139.79652,35.989489],[139.796482,35.989989],[139.79625,35.992783],[139.796189,35.993547],[139.796122,35.99442],[139.796032,35.99562],[139.796005,35.995991],[139.795983,35.996266],[139.795954,35.996637],[139.795832,35.997935],[139.795075,35.99796],[139.794172,35.99801],[139.793197,35.998063],[139.793002,35.998075],[139.792839,35.998472],[139.792433,35.999356],[139.791696,36.000797],[139.790751,36.002658],[139.790426,36.003304],[139.789078,36.005951],[139.788895,36.006386],[139.788622,36.007108],[139.788523,36.007422],[139.788305,36.008191],[139.788169,36.008828],[139.788057,36.009487],[139.787977,36.010233],[139.787951,36.010479],[139.787543,36.014724],[139.787317,36.01696],[139.787273,36.017489],[139.786992,36.020284],[139.786457,36.025614],[139.786374,36.026156],[139.786267,36.026714],[139.786056,36.027558],[139.785704,36.028668],[139.785371,36.029497],[139.785173,36.029923],[139.78353,36.033437],[139.782776,36.035047],[139.7827,36.035209],[139.78248,36.035683],[139.781823,36.037079],[139.780866,36.039125],[139.780145,36.04061],[139.779976,36.040929],[139.779097,36.042394],[139.778198,36.043685],[139.778004,36.043964],[139.777785,36.044291],[139.777458,36.04475],[139.774969,36.048312],[139.774651,36.048769],[139.774485,36.049006],[139.772827,36.051384],[139.772402,36.052144],[139.772189,36.052608],[139.772009,36.053076],[139.771901,36.053388],[139.771833,36.053625],[139.771757,36.053911],[139.771628,36.054603],[139.771571,36.055531],[139.771597,36.056244],[139.771633,36.056558],[139.771794,36.057384],[139.771973,36.058027],[139.77206,36.058319],[139.772944,36.061433],[139.773128,36.062101],[139.773343,36.062849],[139.774384,36.066481],[139.774495,36.066872],[139.774592,36.067306],[139.774665,36.067829],[139.774699,36.06835],[139.774682,36.06904],[139.774662,36.069354],[139.774604,36.069816],[139.77444,36.070531],[139.774313,36.070956],[139.774095,36.071526],[139.773278,36.073256],[139.772581,36.074718],[139.772024,36.07571],[139.771643,36.07641],[139.771389,36.076899],[139.771225,36.077245],[139.770925,36.077897],[139.770771,36.078244],[139.770375,36.079156],[139.769789,36.080381],[139.76963,36.080713],[139.768572,36.082702],[139.768351,36.083146],[139.767432,36.085071],[139.767219,36.085472],[139.766971,36.085877],[139.766655,36.086317],[139.766245,36.086819],[139.765924,36.087178],[139.765487,36.087639],[139.764781,36.088294],[139.763337,36.089485],[139.761958,36.090638],[139.760923,36.091472],[139.760664,36.091689],[139.758274,36.093489],[139.757954,36.093742],[139.757719,36.093949],[139.757966,36.094136],[139.758684,36.094706],[139.758764,36.09477],[139.759019,36.094976],[139.758478,36.095399]]},"properties":{"order":2,"from":"いちかわ","to":"ごか","title":"いちかわ → ごか","distance_meters":47875,"duration_seconds":3121.4}},{"type":"Feature","geometry":{"type":"LineString","coordinates":[[139.758478,36.095399],[139.759019,36.094976],[139.759253,36.095165],[139.759453,36.095326],[139.759654,36.095546],[139.759788,36.095785],[139.759854,36.095967],[139.759882,36.096128],[139.759865,36.096426],[139.759796,36.096666],[139.759751,36.096743],[139.760368,36.096938],[139.760493,36.097203],[139.760767,36.097625],[139.76169,36.098549],[139.761759,36.098511],[139.761813,36.098476],[139.761946,36.098381],[139.761978,36.098357],[139.762447,36.098001],[139.762646,36.097862],[139.762943,36.097636],[139.763299,36.09733],[139.763643,36.097015],[139.763878,36.09679],[139.764182,36.096499],[139.764501,36.096201],[139.765722,36.095062],[139.766149,36.094688],[139.766397,36.094504],[139.767079,36.094056],[139.76744,36.093777],[139.768305,36.093024],[139.769019,36.092379],[139.769134,36.092295],[139.76943,36.092129],[139.769974,36.091902],[139.770422,36.091677],[139.770494,36.091637],[139.771372,36.091083],[139.771505,36.091026],[139.771871,36.090924],[139.772423,36.090809],[139.772681,36.09073],[139.773158,36.090542],[139.773799,36.090218],[139.77434,36.089873],[139.77449,36.089753],[139.774527,36.089717],[139.774551,36.089692],[139.774896,36.089234],[139.775033,36.088996],[139.775071,36.088899],[139.775074,36.088865],[139.775094,36.088669],[139.77546,36.08791],[139.775496,36.087774],[139.775576,36.087182],[139.77612,36.086095],[139.776261,36.085735],[139.776523,36.084786],[139.776939,36.083768],[139.77711,36.083476],[139.777209,36.083246],[139.777259,36.082684],[139.777247,36.082351],[139.777151,36.082084],[139.777097,36.081997],[139.77697,36.08186],[139.776629,36.081613],[139.776023,36.081214],[139.775903,36.081142],[139.775707,36.08108],[139.775126,36.081019],[139.775079,36.081],[139.775009,36.080935],[139.77499,36.080869],[139.774994,36.080808],[139.775081,36.08062],[139.775302,36.080726],[139.775559,36.080825],[139.776051,36.080943],[139.777197,36.081104],[139.777896,36.081205],[139.77999,36.0815],[139.782332,36.08183],[139.78257,36.081863],[139.784474,36.082133],[139.78522,36.082288],[139.785513,36.082368],[139.785826,36.082473],[139.786135,36.082591],[139.786399,36.08272],[139.787518,36.083378],[139.788189,36.083804],[139.788679,36.084071],[139.788782,36.084126],[139.788891,36.084189],[139.789309,36.08445],[139.789627,36.084665],[139.789982,36.084958],[139.78988,36.085176],[139.789814,36.085367],[139.789697,36.085759],[139.789595,36.086143],[139.789529,36.08631],[139.789407,36.086485],[139.78905,36.086881],[139.788914,36.08703],[139.788489,36.087502],[139.787996,36.088048],[139.787573,36.088518],[139.786913,36.089257],[139.786271,36.089965],[139.785654,36.090649],[139.786106,36.090816],[139.786292,36.090902],[139.786559,36.091077],[139.787102,36.091472],[139.787346,36.091651],[139.788173,36.09227],[139.788416,36.092463],[139.788486,36.092541],[139.788571,36.092698],[139.788615,36.092823],[139.788884,36.093592],[139.788924,36.093663],[139.789007,36.093743],[139.789069,36.093775],[139.789239,36.093814],[139.789167,36.094241],[139.789161,36.094427],[139.789254,36.094902],[139.789448,36.095883],[139.789614,36.096329],[139.78973,36.09654],[139.789907,36.096788],[139.790143,36.097058],[139.790451,36.097359],[139.792723,36.099585],[139.794493,36.101318],[139.795061,36.101885],[139.795481,36.102389],[139.795197,36.102504]]},"properties":{"order":3,"from":"ごか","to":"さかい","title":"ごか → さかい","distance_meters":7150,"duration_seconds":625.2}},{"type":"Feature","geometry":{"type":"LineString","coordinates":[[139.795197,36.102504],[139.795481,36.102389],[139.795622,36.102361],[139.795831,36.102265],[139.795931,36.102185],[139.795994,36.102073],[139.795977,36.101893],[139.795885,36.101744],[139.795546,36.101371],[139.795432,36.101284],[139.7953,36.101218],[139.794789,36.10149],[139.794672,36.101557],[139.793059,36.102482],[139.792231,36.103005],[139.791574,36.103452],[139.790391,36.104353],[139.789674,36.104938],[139.789199,36.105405],[139.788739,36.105915],[139.788287,36.106495],[139.788006,36.106895],[139.787741,36.107391],[139.787613,36.107636],[139.7875,36.107766],[139.78731,36.107887],[139.787206,36.107953],[139.786876,36.108112],[139.786577,36.108207],[139.786162,36.108298],[139.785773,36.108434],[139.785621,36.108512],[139.785203,36.108778],[139.783745,36.109796],[139.783194,36.11016],[139.782568,36.110516],[139.782109,36.110754],[139.780709,36.111376],[139.780281,36.111587],[139.779447,36.112045],[139.778128,36.112857],[139.777632,36.113199],[139.77737,36.113415],[139.776385,36.114225],[139.776111,36.114468],[139.776011,36.114604],[139.775945,36.114767],[139.775888,36.115058],[139.775807,36.11584],[139.775789,36.116002],[139.775735,36.116236],[139.775644,36.116524],[139.775538,36.11676],[139.775419,36.116982],[139.775307,36.11716],[139.775148,36.117363],[139.774835,36.117716],[139.775031,36.117851],[139.775115,36.117931],[139.775164,36.117996],[139.775206,36.11812],[139.775209,36.118199],[139.775184,36.118257],[139.775079,36.11841],[139.77489,36.118678],[139.774267,36.119615],[139.774103,36.119861],[139.773955,36.120083],[139.773696,36.12047],[139.773517,36.120801],[139.773471,36.120922],[139.773381,36.121239],[139.773351,36.121461],[139.773342,36.121754],[139.773404,36.122167],[139.773526,36.122674],[139.773698,36.123317],[139.773703,36.123337],[139.773886,36.123802],[139.774063,36.124232],[139.77432,36.124872],[139.774418,36.125118],[139.774757,36.125875],[139.774773,36.125916],[139.774988,36.12644],[139.775018,36.126535],[139.775155,36.127023],[139.775285,36.127432],[139.775438,36.127867],[139.775521,36.128195],[139.775516,36.128321],[139.775453,36.128482],[139.775357,36.128645],[139.775163,36.128901],[139.775135,36.128938],[139.775648,36.129632],[139.776094,36.130333],[139.776218,36.130541],[139.776547,36.131102],[139.776641,36.131377],[139.776678,36.131619],[139.776655,36.13185],[139.776419,36.132552],[139.776203,36.133257],[139.775745,36.134758],[139.775519,36.135565],[139.775469,36.135924],[139.775467,36.136258],[139.775495,36.136629],[139.775627,36.137668],[139.775673,36.138004],[139.775741,36.138272],[139.775752,36.138319],[139.775858,36.138736],[139.77609,36.139327],[139.776434,36.140204],[139.776501,36.140593],[139.776504,36.140857],[139.776483,36.14112],[139.776454,36.141501],[139.776492,36.141888],[139.776649,36.142622],[139.776678,36.142815],[139.776682,36.144089],[139.776682,36.144134],[139.77668,36.145384],[139.776672,36.146153],[139.776651,36.146375],[139.776593,36.146629],[139.776519,36.146779],[139.776273,36.147227],[139.776164,36.147386],[139.776339,36.147828],[139.776629,36.148758],[139.776782,36.149404],[139.776921,36.150204],[139.777099,36.150903],[139.7774,36.151895],[139.777963,36.153639],[139.778735,36.156076],[139.778831,36.156383],[139.779116,36.157271],[139.779284,36.157796],[139.779872,36.159636],[139.780094,36.160355],[139.780285,36.161051],[139.780416,36.161743],[139.780459,36.162094],[139.780507,36.162601],[139.780524,36.16334],[139.780489,36.16403],[139.780404,36.164653],[139.780274,36.165024],[139.780092,36.165669],[139.77983,36.166384],[139.779532,36.167029],[139.779264,36.16751],[139.778953,36.168084],[139.778716,36.168532],[139.77824,36.169868],[139.778006,36.170679],[139.77796,36.171177],[139.777797,36.172003],[139.777709,36.172688],[139.777659,36.173328],[139.777653,36.174059],[139.777669,36.174445],[139.777695,36.174839],[139.777766,36.175407],[139.777879,36.176046],[139.778159,36.177174],[139.778289,36.177555],[139.778405,36.17787],[139.778514,36.178165],[139.778658,36.178494],[139.778988,36.179158],[139.779566,36.180132],[139.779945,36.180689],[139.780408,36.181288],[139.780782,36.181737],[139.781361,36.182352],[139.782852,36.183883],[139.783376,36.18445],[139.783849,36.185017],[139.785536,36.18758],[139.785762,36.187962],[139.786409,36.187837],[139.786677,36.18779],[139.787022,36.18773],[139.787823,36.187591],[139.787844,36.187588],[139.787967,36.187567],[139.788718,36.187441],[139.789229,36.189157],[139.789457,36.189864],[139.789564,36.190109],[139.789705,36.190351],[139.790105,36.190916],[139.790181,36.191017],[139.790267,36.191091],[139.790436,36.191193],[139.790527,36.191278],[139.790396,36.191331],[139.790328,36.191224],[139.790303,36.191211],[139.790258,36.191218],[139.789972,36.191337],[139.789956,36.19135],[139.789948,36.191443]]},"properties":{"order":4,"from":"さかい","to":"まくらがの里 こが","title":"さかい → まくらがの里 こが","distance_meters":11950,"duration_seconds":861.1}},{"type":"Feature","geometry":{"type":"LineString","coordinates":[[139.789948,36.191443],[139.789945,36.191476],[139.789987,36.191475],[139.790396,36.191331],[139.790527,36.191278],[139.790436,36.191193],[139.790267,36.191091],[139.790181,36.191017],[139.790105,36.190916],[139.789705,36.190351],[139.789564,36.190109],[139.789457,36.189864],[139.789229,36.189157],[139.788718,36.187441],[139.789205,36.187347],[139.789752,36.187209],[139.79059,36.18697],[139.79113,36.186843],[139.791686,36.186759],[139.792778,36.186566],[139.793225,36.186471],[139.794548,36.186238],[139.794989,36.18616],[139.79529,36.186122],[139.795738,36.18609],[139.796128,36.186085],[139.796514,36.186105],[139.797313,36.186172],[139.798416,36.186238],[139.798488,36.186245],[139.798649,36.18626],[139.798689,36.186264],[139.79945,36.186345],[139.79951,36.186349],[139.799675,36.186362],[139.799723,36.186365],[139.800516,36.186424],[139.801422,36.186495],[139.801797,36.186525],[139.803504,36.18666],[139.805049,36.186784],[139.806807,36.186927],[139.807267,36.186935],[139.80884,36.186908],[139.810632,36.186861],[139.810713,36.187711],[139.810723,36.187815],[139.810913,36.187815],[139.811339,36.187867],[139.812316,36.188078],[139.812837,36.188166],[139.813512,36.188249],[139.813614,36.188262],[139.81438,36.18833],[139.815445,36.188385],[139.815671,36.188427],[139.815885,36.18856],[139.816042,36.188696],[139.816994,36.189483],[139.817204,36.189645],[139.817975,36.190154],[139.81997,36.191357],[139.820243,36.191522],[139.820422,36.191629],[139.82077,36.191881],[139.820994,36.192073],[139.821505,36.192499],[139.822201,36.193071],[139.823086,36.193778],[139.824532,36.195017],[139.824775,36.195171],[139.824943,36.195299],[139.825234,36.195612],[139.826083,36.196433],[139.826384,36.196686],[139.827772,36.198024],[139.828365,36.198433],[139.829205,36.199136],[139.829313,36.199226],[139.829734,36.199596],[139.829783,36.19968],[139.829785,36.199717],[139.829759,36.19978],[139.829993,36.199872],[139.830108,36.19994],[139.830624,36.200321],[139.830702,36.200389],[139.831048,36.200649],[139.831062,36.200663],[139.831252,36.200822],[139.831286,36.200847],[139.831658,36.201155],[139.832463,36.201786],[139.83271,36.201931],[139.833073,36.202091],[139.833285,36.202149],[139.833446,36.202171],[139.833721,36.202194],[139.833958,36.20219],[139.834328,36.20216],[139.834916,36.202085],[139.83674,36.201839],[139.837135,36.201804],[139.837931,36.20179],[139.838742,36.201769],[139.839172,36.201714],[139.839798,36.20162],[139.840261,36.201543],[139.841129,36.201424],[139.841797,36.201316],[139.841983,36.201288],[139.842774,36.201167],[139.843415,36.201028],[139.844168,36.20078],[139.844627,36.200589],[139.845557,36.200082],[139.845627,36.200044],[139.846781,36.199418],[139.846987,36.199315],[139.847505,36.1991],[139.847886,36.198992],[139.848099,36.198952],[139.848633,36.198903],[139.851112,36.198931],[139.85223,36.198951],[139.853022,36.198961],[139.853849,36.198941],[139.854049,36.198929],[139.855878,36.198762],[139.856086,36.198741],[139.857213,36.198628],[139.857998,36.198522],[139.85915,36.1983],[139.859649,36.198193],[139.859863,36.198147],[139.859987,36.19812],[139.860888,36.197944],[139.86112,36.197917],[139.862044,36.197866],[139.862582,36.197845],[139.86306,36.197802],[139.863211,36.197779],[139.863219,36.197846],[139.863889,36.198377],[139.864723,36.199039],[139.86649,36.20041],[139.866857,36.200212],[139.867163,36.199938],[139.867242,36.200264],[139.867372,36.20054],[139.867451,36.200656],[139.867713,36.200951],[139.867854,36.201064],[139.868076,36.201205],[139.868528,36.201414],[139.869502,36.201698],[139.870875,36.202096],[139.871254,36.202178],[139.871631,36.20224],[139.872267,36.202307],[139.872935,36.202359],[139.873525,36.202426],[139.874329,36.202545],[139.877428,36.203146],[139.878094,36.203284],[139.878155,36.203297],[139.878962,36.203465],[139.879641,36.203648],[139.880244,36.20386],[139.880986,36.20415],[139.883312,36.205345],[139.884263,36.205853],[139.884614,36.206049],[139.887101,36.207568],[139.888166,36.208261],[139.888389,36.208391],[139.888602,36.208512],[139.888794,36.208567],[139.888915,36.208608],[139.889011,36.20866],[139.889112,36.208748],[139.889244,36.208907],[139.889458,36.209058],[139.889837,36.209286],[139.890634,36.209711],[139.891665,36.210149],[139.892418,36.210401],[139.89353,36.21083],[139.893722,36.210898],[139.894165,36.211058],[139.895231,36.211452],[139.895641,36.21165],[139.895936,36.211841],[139.896107,36.211981],[139.896367,36.212235],[139.897013,36.212944],[139.897247,36.213201],[139.897605,36.213542],[139.897969,36.213825],[139.900267,36.21537],[139.901119,36.215934],[139.901378,36.216103],[139.901981,36.216401],[139.902702,36.216668],[139.903622,36.216878],[139.904333,36.216984],[139.907347,36.217417],[139.907691,36.217467],[139.908647,36.217561],[139.909464,36.217578],[139.911144,36.21753],[139.912077,36.217474],[139.912407,36.217426],[139.912986,36.217332],[139.91323,36.217291],[139.913531,36.217266],[139.914088,36.217288],[139.915381,36.21738],[139.915483,36.21739],[139.917639,36.217566],[139.917818,36.21758],[139.919125,36.217701],[139.919602,36.217801],[139.920411,36.218037],[139.92101,36.21834],[139.921144,36.218408],[139.921235,36.218462],[139.921954,36.218959],[139.922237,36.219207],[139.923187,36.220051],[139.923721,36.220517],[139.924826,36.221473],[139.925931,36.222434],[139.926019,36.222499],[139.92617,36.222601],[139.926626,36.222834],[139.927143,36.223013],[139.927761,36.223126],[139.928028,36.223139],[139.928518,36.223126],[139.929055,36.223059],[139.929367,36.223012],[139.932725,36.222562],[139.933349,36.222517],[139.933818,36.222504],[139.933933,36.222183],[139.934017,36.221945],[139.934159,36.221543],[139.934354,36.220949],[139.934387,36.220787],[139.934402,36.220637],[139.934398,36.220055],[139.934368,36.219104],[139.934378,36.218897],[139.934453,36.218711],[139.93455,36.218521],[139.934909,36.217827],[139.934951,36.21775],[139.935302,36.217064],[139.935517,36.216645],[139.935985,36.21574],[139.936001,36.215708],[139.936392,36.21495],[139.936612,36.214523],[139.936911,36.213945],[139.937407,36.214151],[139.937507,36.214192],[139.93798,36.214388],[139.938642,36.214668],[139.939582,36.215064],[139.939956,36.215219],[139.940457,36.215431],[139.940634,36.215507],[139.940793,36.21557],[139.941442,36.215844],[139.942406,36.216248],[139.942831,36.216385],[139.943188,36.216445],[139.944002,36.216505],[139.945412,36.216614],[139.945492,36.21662],[139.947532,36.216778],[139.947913,36.216829],[139.948223,36.216911],[139.948382,36.216972],[139.948439,36.216997],[139.948976,36.217238],[139.949299,36.217333],[139.949834,36.217451],[139.951142,36.217753],[139.95178,36.217886],[139.952148,36.217933],[139.952468,36.217956],[139.952813,36.217988],[139.953187,36.218044],[139.954233,36.21826],[139.954471,36.218337],[139.955261,36.218662],[139.955567,36.218747],[139.955856,36.218808],[139.956255,36.218875],[139.956412,36.218923],[139.956811,36.218993],[139.957591,36.219093],[139.957683,36.219102],[139.957883,36.219092],[139.959222,36.218848],[139.959643,36.218749],[139.959729,36.218722],[139.960051,36.218572],[139.960622,36.218285],[139.960688,36.21822],[139.960732,36.218123],[139.96077,36.217929],[139.960819,36.217291],[139.960837,36.217237],[139.96089,36.217176],[139.961067,36.217114],[139.961489,36.217014],[139.962241,36.216866],[139.962441,36.21691],[139.962642,36.216996],[139.962686,36.217017],[139.964596,36.217893],[139.964665,36.217925],[139.964899,36.218036],[139.964967,36.218066],[139.965964,36.218543],[139.966524,36.218781],[139.966603,36.218802],[139.96671,36.218799],[139.966784,36.21879],[139.967719,36.218634],[139.967928,36.218626],[139.968035,36.218692],[139.968172,36.218914],[139.968504,36.219476],[139.969019,36.220179],[139.969117,36.22034],[139.97024,36.221831],[139.97028,36.221841],[139.970751,36.221749],[139.971417,36.221644],[139.972453,36.221457],[139.972578,36.221433],[139.973764,36.221193],[139.974632,36.220995],[139.974913,36.220906],[139.975516,36.22072],[139.976441,36.220427],[139.976602,36.2204],[139.976875,36.220384],[139.977591,36.22036],[139.979245,36.220224],[139.979777,36.22009],[139.980006,36.220037],[139.980429,36.219981],[139.981762,36.220039],[139.981961,36.220013],[139.982201,36.21996],[139.982376,36.219894],[139.982882,36.21962],[139.98371,36.219181],[139.98421,36.218885],[139.985649,36.218098],[139.986053,36.217882],[139.986166,36.217825],[139.985952,36.21619],[139.986255,36.216174],[139.986201,36.215836],[139.986159,36.215764],[139.986406,36.215623]]},"properties":{"order":5,"from":"まくらがの里 こが","to":"しもつま","title":"まくらがの里 こが → しもつま","distance_meters":21702,"duration_seconds":1749.9}},{"type":"Feature","geometry":{"type":"LineString","coordinates":[[139.986406,36.215623],[139.986159,36.215764],[139.986201,36.215836],[139.986255,36.216174],[139.986473,36.216103],[139.987328,36.217189],[139.986166,36.217825],[139.986053,36.217882],[139.985649,36.218098],[139.98421,36.218885],[139.98371,36.219181],[139.982882,36.21962],[139.982376,36.219894],[139.982201,36.21996],[139.981961,36.220013],[139.981762,36.220039],[139.980429,36.219981],[139.980006,36.220037],[139.979777,36.22009],[139.979245,36.220224],[139.977591,36.22036],[139.976875,36.220384],[139.976928,36.220778],[139.97709,36.221541],[139.977181,36.22212],[139.977212,36.222309],[139.977224,36.222383],[139.97725,36.222543],[139.977255,36.222576],[139.977281,36.22271],[139.977306,36.222831],[139.977378,36.223244],[139.977393,36.223357],[139.977403,36.223421],[139.977427,36.223568],[139.977431,36.223594],[139.977482,36.223915],[139.977491,36.223967],[139.977525,36.224154],[139.977634,36.2249],[139.97765,36.225024],[139.977755,36.225835],[139.977932,36.227215],[139.977962,36.227382],[139.977997,36.228011],[139.977993,36.228306],[139.977867,36.229215],[139.977811,36.229818],[139.977795,36.229949],[139.977744,36.230384],[139.977712,36.230509],[139.977599,36.230961],[139.977484,36.231271],[139.977014,36.232245],[139.976794,36.232777],[139.976716,36.233014],[139.976582,36.233356],[139.976537,36.233595],[139.97654,36.234308],[139.976557,36.235687],[139.976557,36.235716],[139.976555,36.235812],[139.976514,36.237073],[139.976547,36.237588],[139.976641,36.238142],[139.976723,36.238489],[139.976745,36.238595],[139.976975,36.239847],[139.976992,36.23993],[139.977105,36.240752],[139.977264,36.241614],[139.977415,36.242503],[139.977557,36.243427],[139.977695,36.244121],[139.977735,36.244337],[139.977965,36.245555],[139.977998,36.245864],[139.977985,36.246022],[139.977921,36.246317],[139.977866,36.246802],[139.97735,36.24803],[139.977006,36.248744],[139.976927,36.248914],[139.97683,36.249125],[139.97644,36.249901],[139.976181,36.250486],[139.976003,36.250937],[139.975835,36.251899],[139.975743,36.252344],[139.975715,36.252464],[139.975568,36.253053],[139.975432,36.2536],[139.975071,36.255084],[139.975051,36.255153],[139.974965,36.255501],[139.974767,36.256276],[139.974704,36.256535],[139.97453,36.257241],[139.974215,36.25858],[139.974025,36.259298],[139.97401,36.259359],[139.973662,36.260867],[139.973204,36.262716],[139.972852,36.264128],[139.972381,36.266086],[139.972044,36.267439],[139.971954,36.267839],[139.971949,36.267863],[139.971598,36.269347],[139.971358,36.270265],[139.971318,36.270438],[139.971154,36.271137],[139.971088,36.271387],[139.970729,36.272884],[139.970155,36.275146],[139.970007,36.275921],[139.970029,36.276198],[139.97007,36.276341],[139.970143,36.276481],[139.970308,36.27669],[139.971156,36.277468],[139.971771,36.278037],[139.972057,36.278314],[139.971861,36.278453],[139.971814,36.278553],[139.971956,36.279416],[139.972364,36.281674],[139.972416,36.281993],[139.972606,36.282948],[139.972637,36.283225],[139.972653,36.283367],[139.972712,36.28377],[139.972806,36.284269],[139.973452,36.287883],[139.973458,36.287916],[139.973603,36.288712],[139.973706,36.289281],[139.974174,36.291842],[139.97421,36.292032],[139.974546,36.293986],[139.974948,36.296101],[139.974954,36.296137],[139.975076,36.296797],[139.975086,36.296845],[139.975221,36.297617],[139.975277,36.29796],[139.97548,36.299074],[139.975501,36.299201],[139.975665,36.30023],[139.975714,36.300482],[139.975859,36.300487],[139.976904,36.300606],[139.978362,36.300777],[139.979346,36.300892],[139.980475,36.30102],[139.981784,36.301174],[139.982925,36.301312],[139.983656,36.301385],[139.984641,36.301503],[139.984705,36.30151],[139.985386,36.301591],[139.985432,36.301596],[139.985888,36.301653],[139.986107,36.301694],[139.986317,36.30175],[139.986517,36.301826],[139.987002,36.302087],[139.987343,36.302321],[139.987589,36.30248],[139.987872,36.302665],[139.988221,36.302884],[139.988504,36.303071],[139.988724,36.303196],[139.989217,36.303407],[139.989729,36.303617],[139.990215,36.303833],[139.990594,36.304027],[139.99087,36.304189],[139.99119,36.304416],[139.991503,36.304674],[139.991793,36.304956],[139.992061,36.30525],[139.992313,36.305608],[139.992574,36.306079],[139.992743,36.306509],[139.992898,36.307084],[139.993094,36.308016],[139.993351,36.309288],[139.993381,36.309437],[139.993444,36.309746],[139.993508,36.310031],[139.993685,36.310799],[139.993882,36.311406],[139.994412,36.312708],[139.994815,36.31369],[139.995109,36.314384],[139.995219,36.314685],[139.995305,36.315059],[139.995339,36.315398],[139.995341,36.315486],[139.995323,36.315851],[139.995248,36.316256],[139.995211,36.316493],[139.995203,36.316682],[139.995218,36.316885],[139.995307,36.317444],[139.995334,36.317657],[139.995353,36.31808],[139.995398,36.319096],[139.995444,36.319981],[139.995533,36.321871],[139.995534,36.321909],[139.99505,36.321935],[139.99493,36.321949],[139.994783,36.32199],[139.994737,36.322047],[139.994752,36.322513],[139.994751,36.322624],[139.994719,36.322736],[139.994634,36.322862],[139.994537,36.322948],[139.994416,36.323014],[139.994078,36.323129],[139.993985,36.323152],[139.993686,36.323187],[139.993622,36.323212],[139.99362,36.323234],[139.993437,36.323238],[139.993405,36.323136]]},"properties":{"order":6,"from":"しもつま","to":"グランテラス筑西","title":"しもつま → グランテラス筑西","distance_meters":14206,"duration_seconds":1082.7}},{"type":"Feature","geometry":{"type":"LineString","coordinates":[[139.993405,36.323136],[139.993437,36.323238],[139.99362,36.323234],[139.993619,36.323333],[139.993622,36.323535],[139.993123,36.323548],[139.993059,36.323568],[139.993009,36.323626],[139.993006,36.323709],[139.993087,36.323878],[139.993352,36.324442],[139.994113,36.324209],[139.994625,36.324027],[139.995571,36.323654],[139.996464,36.323288],[139.998821,36.322329],[139.999755,36.322001],[140.000144,36.321881],[140.000511,36.321795],[140.000554,36.321786],[140.000608,36.321774],[140.001444,36.321614],[140.002172,36.321522],[140.00292,36.321468],[140.003728,36.321455],[140.00411,36.321461],[140.004778,36.321496],[140.005829,36.32163],[140.006247,36.321707],[140.006759,36.321823],[140.007632,36.322062],[140.008025,36.322192],[140.008321,36.322304],[140.008824,36.322494],[140.009197,36.322658],[140.009593,36.322857],[140.010086,36.323127],[140.010208,36.323197],[140.010565,36.323401],[140.010666,36.323466],[140.011827,36.324234],[140.012304,36.324549],[140.012813,36.324905],[140.013728,36.325554],[140.014008,36.325749],[140.014909,36.326383],[140.015492,36.326793],[140.016526,36.327527],[140.017265,36.328014],[140.018182,36.328678],[140.018223,36.328706],[140.02052,36.330314],[140.021015,36.330663],[140.023062,36.332127],[140.024044,36.332816],[140.02461,36.333218],[140.024803,36.333355],[140.026313,36.334424],[140.026754,36.334731],[140.027694,36.335411],[140.028659,36.336064],[140.02918,36.336395],[140.029843,36.336773],[140.030519,36.337136],[140.030849,36.337294],[140.031154,36.337486],[140.031311,36.337609],[140.031445,36.337754],[140.031556,36.337918],[140.032048,36.338777],[140.033281,36.340937],[140.033513,36.34128],[140.03376,36.341546],[140.033995,36.341738],[140.034306,36.341945],[140.034539,36.342055],[140.034898,36.342184],[140.035237,36.342266],[140.037384,36.342576],[140.038667,36.342746],[140.039923,36.342884],[140.040237,36.34293],[140.040661,36.343042],[140.04119,36.343274],[140.041647,36.343547],[140.043078,36.344508],[140.043378,36.344716],[140.044121,36.345107],[140.047623,36.346754],[140.049805,36.347762],[140.050076,36.347894],[140.05087,36.348273],[140.051561,36.348602],[140.051901,36.34876],[140.052687,36.349136],[140.053197,36.349385],[140.053614,36.349559],[140.054116,36.349706],[140.054414,36.349774],[140.055208,36.349946],[140.057211,36.350386],[140.058908,36.350753],[140.059812,36.350952],[140.060047,36.351115],[140.061047,36.351288],[140.062799,36.351477],[140.063424,36.35153],[140.065451,36.351701],[140.068788,36.351998],[140.072269,36.352312],[140.07408,36.352503],[140.074514,36.352581],[140.075102,36.352708],[140.075566,36.352895],[140.076424,36.353322],[140.079044,36.354677],[140.080255,36.355307],[140.081403,36.355844],[140.081146,36.356252],[140.08099,36.35652],[140.080929,36.356712],[140.08089,36.357025],[140.08092,36.357276],[140.080961,36.357423],[140.081085,36.357714],[140.08128,36.358016],[140.081409,36.358301],[140.081612,36.358638],[140.081896,36.359229],[140.082007,36.359367],[140.08237,36.360047],[140.082532,36.360351],[140.082749,36.360758],[140.082848,36.36087],[140.08297,36.360965],[140.083132,36.361028],[140.083321,36.361057],[140.083427,36.361052],[140.083612,36.361005],[140.08376,36.360924],[140.083873,36.360816],[140.083914,36.360743],[140.083962,36.360588],[140.084002,36.36019],[140.084063,36.359935],[140.084206,36.359703],[140.084279,36.359622],[140.08443,36.359509],[140.084976,36.359202],[140.085825,36.358773],[140.08678,36.358212],[140.087045,36.358067],[140.089535,36.356678],[140.090889,36.355966],[140.092249,36.355297],[140.093986,36.354516],[140.095183,36.354018],[140.096281,36.353592],[140.09807,36.352952],[140.098565,36.352782],[140.099296,36.352532],[140.100853,36.351928],[140.101969,36.351453],[140.102777,36.351073],[140.103552,36.35069],[140.104338,36.350274],[140.106903,36.34883],[140.107979,36.348207],[140.109317,36.347402],[140.111465,36.34621],[140.112283,36.345803],[140.11316,36.345398],[140.114055,36.345015],[140.114963,36.344672],[140.11711,36.34394],[140.118053,36.343655],[140.119001,36.343406],[140.119985,36.343171],[140.12107,36.342954],[140.122327,36.342732],[140.123415,36.342569],[140.124519,36.342429],[140.125553,36.342333],[140.127898,36.342164],[140.129388,36.342097],[140.133002,36.341993],[140.134628,36.341995],[140.136196,36.342017],[140.137414,36.342069],[140.138839,36.342153],[140.139939,36.342255],[140.14114,36.3424],[140.142022,36.342528],[140.142956,36.342696],[140.143828,36.342865],[140.144694,36.343054],[140.146235,36.343439],[140.148047,36.343979],[140.148852,36.344249],[140.149699,36.34456],[140.151222,36.345176],[140.152027,36.345536],[140.154229,36.34656],[140.154976,36.346879],[140.155613,36.347134],[140.156514,36.347451],[140.157381,36.347709],[140.158344,36.34795],[140.158848,36.348056],[140.160071,36.348257],[140.16093,36.348345],[140.1615,36.348384],[140.162673,36.348427],[140.16333,36.34842],[140.164053,36.34839],[140.164724,36.348336],[140.165418,36.348264],[140.165872,36.348196],[140.166501,36.34809],[140.167137,36.347962],[140.167787,36.347808],[140.168534,36.347611],[140.169134,36.347435],[140.170904,36.346874],[140.172796,36.346268],[140.177465,36.344768],[140.178452,36.344479],[140.179572,36.344175],[140.180392,36.343972],[140.181937,36.343623],[140.18258,36.34349],[140.183683,36.343291],[140.184537,36.343147],[140.186039,36.342927],[140.187177,36.342791],[140.188377,36.342675],[140.189554,36.342587],[140.190783,36.342523],[140.192714,36.342471],[140.194203,36.342475],[140.195625,36.34253],[140.196841,36.342602],[140.198232,36.342714],[140.199529,36.342853],[140.202351,36.343212],[140.203585,36.343318],[140.204886,36.343396],[140.205832,36.343417],[140.206916,36.343427],[140.208501,36.343385],[140.209334,36.343337],[140.210275,36.343263],[140.211194,36.34317],[140.21289,36.342943],[140.214023,36.342751],[140.215748,36.342397],[140.22083,36.341203],[140.222175,36.340902],[140.223379,36.34067],[140.224478,36.340478],[140.225714,36.340297],[140.227156,36.340129],[140.228283,36.340025],[140.229428,36.339954],[140.230597,36.339909],[140.231646,36.339904],[140.233449,36.339953],[140.235311,36.340102],[140.236358,36.340216],[140.238402,36.340492],[140.239604,36.340698],[140.24109,36.340991],[140.243681,36.341583],[140.244843,36.3419],[140.247963,36.342856],[140.248944,36.343129],[140.249693,36.343303],[140.250271,36.343422],[140.251363,36.34359],[140.251907,36.343659],[140.252409,36.343703],[140.253544,36.343763],[140.254152,36.34377],[140.255168,36.343757],[140.255663,36.343736],[140.256609,36.343668],[140.257665,36.343551],[140.25871,36.343405],[140.25969,36.34322],[140.260717,36.342988],[140.261722,36.342716],[140.262879,36.342359],[140.265781,36.341323],[140.266573,36.341083],[140.267367,36.34087],[140.268474,36.340642],[140.26957,36.340478],[140.271358,36.34029],[140.272,36.34025],[140.272465,36.340231],[140.272796,36.340277],[140.273093,36.340385],[140.273359,36.340539],[140.27447,36.341394],[140.274904,36.341752],[140.275054,36.341884],[140.275247,36.34205],[140.275891,36.342494],[140.276234,36.34269],[140.276426,36.342776],[140.276843,36.342913],[140.277075,36.342966],[140.27733,36.343004],[140.277584,36.343019],[140.278053,36.343012],[140.278344,36.343006],[140.278776,36.342921],[140.278918,36.342932],[140.278949,36.342948],[140.278997,36.342982],[140.279069,36.343069],[140.279401,36.343832],[140.279541,36.344026],[140.279581,36.344124],[140.279887,36.344927],[140.27998,36.345333],[140.280035,36.345891],[140.280006,36.346439],[140.279967,36.346699],[140.279026,36.350356],[140.278828,36.351101],[140.278721,36.351427],[140.278679,36.351526],[140.278503,36.351813],[140.278376,36.351976],[140.278217,36.352141],[140.27795,36.352357],[140.277552,36.352595],[140.277079,36.352861],[140.27672,36.353061],[140.2764,36.353263],[140.276233,36.353378],[140.275868,36.353692],[140.274603,36.354867],[140.274238,36.355207],[140.273872,36.355542],[140.273684,36.355714]]},"properties":{"order":7,"from":"グランテラス筑西","to":"かさま","title":"グランテラス筑西 → かさま","distance_meters":30411,"duration_seconds":1525.9}},{"type":"Feature","geometry":{"type":"LineString","coordinates":[[140.273684,36.355714],[140.273872,36.355542],[140.274238,36.355207],[140.274657,36.355502],[140.275289,36.355948],[140.275629,36.356192],[140.275814,36.356301],[140.276011,36.356398],[140.276269,36.356498],[140.276636,36.356601],[140.276911,36.356641],[140.27729,36.356665],[140.277661,36.356646],[140.277645,36.356736],[140.277485,36.357223],[140.277455,36.357489],[140.277477,36.358469],[140.277495,36.358606],[140.277599,36.358964],[140.277592,36.359116],[140.277535,36.359267],[140.277382,36.359564],[140.277243,36.359784],[140.277151,36.360083],[140.27711,36.360313],[140.277094,36.36056],[140.27747,36.362577],[140.277521,36.3628],[140.277603,36.362983],[140.277759,36.363206],[140.279403,36.365149],[140.2796,36.365402],[140.279836,36.365805],[140.279959,36.366074],[140.280033,36.36629],[140.280179,36.366871],[140.280326,36.367551],[140.280364,36.367886],[140.280349,36.368036],[140.280326,36.368352],[140.28025,36.368881],[140.280181,36.369292],[140.280141,36.369437],[140.279886,36.370254],[140.279753,36.370576],[140.27957,36.370836],[140.279116,36.371358],[140.279022,36.371503],[140.27896,36.371641],[140.278872,36.371965],[140.278679,36.372871],[140.278543,36.373241],[140.278236,36.373922],[140.278157,36.374139],[140.278145,36.374355],[140.27818,36.374516],[140.278277,36.374728],[140.278758,36.375311],[140.278851,36.375482],[140.278899,36.375634],[140.278905,36.375864],[140.278562,36.377127],[140.278445,36.377524],[140.278424,36.377671],[140.278461,36.377989],[140.278512,36.378109],[140.278637,36.378275],[140.281599,36.381776],[140.283111,36.383538],[140.2835,36.384139],[140.283787,36.384651],[140.284121,36.38532],[140.284251,36.38564],[140.284361,36.385947],[140.284631,36.386893],[140.284746,36.387307],[140.284806,36.387625],[140.284834,36.387961],[140.284833,36.388556],[140.284793,36.388977],[140.284594,36.389842],[140.284544,36.390154],[140.284557,36.390721],[140.284546,36.390839],[140.284473,36.391159],[140.284372,36.391515],[140.283979,36.392883],[140.283861,36.393519],[140.283787,36.393712],[140.283682,36.393893],[140.283515,36.394076],[140.283225,36.394298],[140.283044,36.394412],[140.282722,36.394547],[140.282266,36.394701],[140.281608,36.395033],[140.280859,36.395467],[140.280385,36.39573],[140.279796,36.395984],[140.27911,36.396439],[140.278871,36.396532],[140.277977,36.396792],[140.277872,36.396825],[140.277581,36.396916],[140.277418,36.396988],[140.277248,36.397102],[140.27712,36.397237],[140.27703,36.397366],[140.276451,36.398391],[140.276927,36.39853],[140.277663,36.398693],[140.278176,36.398781],[140.278566,36.398881],[140.278801,36.398971],[140.279024,36.399081],[140.279799,36.399609],[140.280081,36.399823],[140.280216,36.399972],[140.280474,36.4003],[140.280818,36.400685],[140.281004,36.400865],[140.281284,36.401079],[140.281614,36.401291],[140.28187,36.401412],[140.282217,36.401553],[140.282579,36.40166],[140.284082,36.402051],[140.284349,36.40214],[140.28452,36.402222],[140.28486,36.402413],[140.285195,36.402648],[140.285439,36.402854],[140.286286,36.403574],[140.286458,36.403729],[140.286593,36.403877],[140.287208,36.404704],[140.287651,36.405466],[140.287903,36.405928],[140.288126,36.406293],[140.288723,36.407344],[140.289015,36.407641],[140.289335,36.407908],[140.290549,36.408632],[140.291952,36.409441],[140.29216,36.409568],[140.292188,36.409584],[140.293165,36.41013],[140.294056,36.410552],[140.294565,36.410772],[140.296027,36.411435],[140.298165,36.412393],[140.299139,36.412886],[140.299876,36.413417],[140.300513,36.413851],[140.300632,36.41391],[140.300939,36.414076],[140.301739,36.414406],[140.302704,36.414709],[140.302957,36.414788],[140.305187,36.415527],[140.306104,36.415836],[140.306696,36.415959],[140.30724,36.416033],[140.30759,36.41608],[140.309545,36.416115],[140.309913,36.416147],[140.310244,36.416235],[140.310717,36.416397],[140.311149,36.416607],[140.312116,36.417124],[140.312877,36.41753],[140.313731,36.418059],[140.313793,36.418112],[140.314889,36.419028],[140.315082,36.41919],[140.315467,36.419488],[140.317103,36.42116],[140.317299,36.421361],[140.317582,36.4217],[140.317753,36.421967],[140.317863,36.42225],[140.317892,36.422448],[140.3179,36.422682],[140.317869,36.423041],[140.317661,36.424349],[140.317626,36.424566],[140.317526,36.425311],[140.317535,36.425595],[140.317585,36.425807],[140.317673,36.42605],[140.317784,36.426244],[140.317927,36.426421],[140.318073,36.426577],[140.318813,36.427234],[140.318931,36.427378],[140.319001,36.427542],[140.319044,36.427894],[140.319117,36.428892],[140.319178,36.429143],[140.319356,36.429556],[140.320654,36.432206],[140.320926,36.432675],[140.321291,36.433222],[140.322013,36.434136],[140.322161,36.434266],[140.32236,36.434385],[140.322685,36.434507],[140.324758,36.434902],[140.325309,36.43505],[140.325507,36.435128],[140.325606,36.435191],[140.325772,36.435358],[140.325857,36.435556],[140.325885,36.435778],[140.325711,36.436762],[140.325696,36.43696],[140.325721,36.437217],[140.325817,36.43757],[140.325819,36.437789],[140.325754,36.438012],[140.325535,36.438418],[140.325493,36.438525],[140.325462,36.438727],[140.325508,36.43975],[140.325674,36.440851],[140.325711,36.44098],[140.325779,36.441126],[140.326939,36.442595],[140.32709,36.442879],[140.327128,36.44316],[140.326896,36.443763],[140.326907,36.443988],[140.32703,36.444229],[140.327274,36.444417],[140.328479,36.445004],[140.329101,36.445413],[140.329279,36.445582],[140.329328,36.445632],[140.329823,36.446121],[140.330054,36.446307],[140.330353,36.446465],[140.331752,36.446874],[140.332633,36.447127],[140.332911,36.447163],[140.333159,36.447206],[140.334371,36.447241],[140.335162,36.447264],[140.336171,36.447294],[140.336586,36.447358],[140.337215,36.447531],[140.337707,36.447765],[140.338662,36.448352],[140.339361,36.448799],[140.339566,36.44901],[140.339746,36.449314],[140.339823,36.449567],[140.33989,36.450321],[140.339898,36.45041],[140.339925,36.450672],[140.339939,36.450813],[140.339953,36.450919],[140.339964,36.45121],[140.339915,36.451479],[140.339868,36.451588],[140.339591,36.452031],[140.339183,36.452683],[140.338868,36.453238],[140.338501,36.453926],[140.338404,36.454164],[140.338279,36.454499],[140.338179,36.454904],[140.33813,36.455434],[140.338146,36.455861],[140.338247,36.456369],[140.33831,36.456587],[140.338895,36.458217],[140.339017,36.458562],[140.339064,36.458637],[140.339525,36.459019],[140.339913,36.459305],[140.340297,36.459466],[140.340986,36.459693],[140.341278,36.459833],[140.342923,36.461033],[140.343301,36.461263],[140.343511,36.46135],[140.344406,36.461647],[140.344743,36.461775],[140.345662,36.462186],[140.34633,36.462525],[140.346648,36.46273],[140.34683,36.462878],[140.347468,36.463468],[140.348693,36.464648],[140.348867,36.464838],[140.349052,36.465087],[140.349662,36.46605],[140.349781,36.46619],[140.350117,36.46646],[140.350568,36.466732],[140.352119,36.467639],[140.352568,36.467907],[140.35272,36.468014],[140.353004,36.468244],[140.353831,36.469044],[140.354078,36.469259],[140.354626,36.469692],[140.355969,36.470609],[140.356092,36.470691],[140.356324,36.470851],[140.357478,36.471641],[140.357834,36.471904],[140.358352,36.472325],[140.35907,36.47303],[140.359233,36.473239],[140.359333,36.47341],[140.359432,36.473632],[140.359502,36.473937],[140.359499,36.474613],[140.359536,36.474876],[140.359597,36.475008],[140.359687,36.475133],[140.359907,36.475312],[140.360128,36.475453],[140.36109,36.476002],[140.362451,36.476793],[140.362644,36.476909],[140.363192,36.477257],[140.363498,36.477475],[140.363799,36.477676],[140.364015,36.477797],[140.36442,36.477955],[140.364875,36.478084],[140.365439,36.478233],[140.365684,36.478364],[140.365852,36.478478],[140.366419,36.478911],[140.36664,36.479108],[140.367365,36.47989],[140.368511,36.481098],[140.368821,36.481377],[140.368927,36.481467],[140.369278,36.481694],[140.370722,36.482451],[140.370898,36.482545],[140.370474,36.483246],[140.370195,36.483716],[140.370036,36.48395],[140.369929,36.484096],[140.369592,36.484384],[140.369168,36.484708],[140.368637,36.485018],[140.367529,36.485508],[140.366978,36.485728],[140.366062,36.486186],[140.365578,36.486377],[140.364596,36.486693],[140.364181,36.486865],[140.363893,36.487017],[140.363328,36.487398],[140.362886,36.487757],[140.362445,36.488177],[140.362392,36.488227],[140.36219,36.488655],[140.362099,36.48889],[140.362026,36.489203],[140.362012,36.489526],[140.362034,36.489873],[140.362039,36.49013],[140.36199,36.490249],[140.362111,36.490273],[140.362196,36.490465],[140.362363,36.490952],[140.362844,36.492418],[140.362939,36.492616],[140.363185,36.4929],[140.363627,36.493286],[140.363799,36.493467],[140.363992,36.493712],[140.364616,36.494812],[140.364834,36.495125],[140.365029,36.495396],[140.366198,36.496726],[140.366984,36.4976],[140.367282,36.497916],[140.367383,36.497999],[140.367433,36.49811],[140.367611,36.498307],[140.368184,36.498893],[140.368602,36.499371],[140.36923,36.500122],[140.369412,36.500375],[140.36968,36.500847],[140.369791,36.501138],[140.36985,36.501355],[140.369925,36.501759],[140.369913,36.501976],[140.369702,36.502827],[140.369684,36.503037],[140.369717,36.503257],[140.369777,36.503495],[140.369787,36.503553],[140.369809,36.503684],[140.369806,36.503824],[140.369715,36.504058],[140.369556,36.504332],[140.369436,36.504567],[140.368551,36.506085],[140.367542,36.507828],[140.366529,36.509575],[140.365513,36.511302],[140.364553,36.512969],[140.364499,36.513028],[140.364444,36.513074],[140.364297,36.513138],[140.364633,36.51381],[140.36474,36.513923],[140.364878,36.513998],[140.365049,36.514058],[140.365431,36.514133],[140.366681,36.514338],[140.366291,36.515058],[140.365624,36.516264],[140.365447,36.516547],[140.365298,36.516756],[140.364963,36.517132],[140.364569,36.517494],[140.36434,36.517697],[140.363675,36.518263],[140.362363,36.519386],[140.36151,36.520131],[140.36117,36.520424],[140.360838,36.520712],[140.360536,36.520966],[140.360273,36.521181],[140.359915,36.521435],[140.359737,36.521562],[140.359227,36.521935],[140.358594,36.522318],[140.357619,36.522845],[140.35685,36.52323],[140.356746,36.523293],[140.356188,36.523549],[140.355612,36.523818],[140.354303,36.524441],[140.353818,36.524667],[140.353587,36.52479],[140.353347,36.524935],[140.353209,36.525058],[140.353094,36.525192],[140.352998,36.525351],[140.352654,36.526157],[140.352627,36.526235],[140.352324,36.527063],[140.352152,36.527472],[140.351908,36.528156],[140.351552,36.529415],[140.351209,36.530628],[140.351003,36.531233],[140.350884,36.531535],[140.350643,36.532025],[140.350386,36.532473],[140.350068,36.532928],[140.349936,36.533085],[140.349408,36.533715],[140.348713,36.53442],[140.34794,36.535032],[140.347417,36.535391],[140.346385,36.536135],[140.34593,36.53645],[140.345647,36.536649],[140.344886,36.537112],[140.343675,36.537738],[140.343104,36.537992],[140.341373,36.538851],[140.339548,36.539758],[140.338731,36.540174],[140.337832,36.540605],[140.337597,36.540735],[140.337436,36.540847],[140.337125,36.541135],[140.33685,36.541487],[140.336547,36.541997],[140.336288,36.542484],[140.335839,36.543318],[140.335649,36.543557],[140.33545,36.543709],[140.335275,36.54379],[140.334994,36.543871],[140.333422,36.544252],[140.333686,36.544657],[140.333347,36.544788],[140.333263,36.544786],[140.333135,36.544757]]},"properties":{"order":8,"from":"かさま","to":"かつら","title":"かさま → かつら","distance_meters":28858,"duration_seconds":2089.1}},{"type":"Feature","geometry":{"type":"LineString","coordinates":[[140.333135,36.544757],[140.333263,36.544786],[140.333347,36.544788],[140.333686,36.544657],[140.333422,36.544252],[140.332814,36.544409],[140.332506,36.544507],[140.332376,36.544601],[140.332152,36.544813],[140.331939,36.545072],[140.331778,36.545319],[140.331717,36.54546],[140.33163,36.545749],[140.33158,36.546072],[140.331549,36.546641],[140.331498,36.548487],[140.33149,36.548706],[140.332005,36.548698],[140.333736,36.548666],[140.33438,36.548716],[140.334718,36.548786],[140.334989,36.548849],[140.335214,36.548928],[140.335503,36.549058],[140.335724,36.549182],[140.336509,36.549673],[140.337015,36.550006],[140.337171,36.550087],[140.337415,36.550192],[140.337738,36.550276],[140.337972,36.550297],[140.338297,36.550291],[140.338494,36.550262],[140.338618,36.550229],[140.338665,36.550219],[140.339749,36.549884],[140.339996,36.549806],[140.340322,36.549645],[140.340462,36.54956],[140.340584,36.549456],[140.340901,36.549103],[140.341024,36.54895],[140.341184,36.5488],[140.341413,36.548639],[140.341595,36.548553],[140.341761,36.548494],[140.342535,36.548274],[140.342755,36.548168],[140.343048,36.547836],[140.343195,36.547574],[140.343299,36.546937],[140.343348,36.546772],[140.343391,36.546676],[140.343456,36.546588],[140.343579,36.546486],[140.343936,36.546337],[140.344152,36.546271],[140.344385,36.54621],[140.344569,36.546184],[140.344759,36.546162],[140.345161,36.546151],[140.34574,36.546201],[140.346368,36.546245],[140.349433,36.546515],[140.350185,36.54657],[140.350775,36.546613],[140.352176,36.546642],[140.354695,36.546683],[140.355247,36.547184],[140.355517,36.547476],[140.355587,36.547523],[140.355643,36.547531],[140.355718,36.54752],[140.355784,36.547719],[140.355926,36.548006],[140.356259,36.548464],[140.356437,36.548752],[140.356541,36.548955],[140.356657,36.549265],[140.35681,36.549769],[140.356958,36.550051],[140.35718,36.55031],[140.357993,36.551097],[140.358374,36.551577],[140.359189,36.552687],[140.359412,36.553083],[140.359635,36.553621],[140.359756,36.553853],[140.359962,36.554152],[140.360252,36.554522],[140.360345,36.554611],[140.361104,36.555472],[140.361335,36.555806],[140.361448,36.556011],[140.361555,36.556261],[140.361814,36.557367],[140.361924,36.557555],[140.362073,36.557719],[140.362298,36.557865],[140.362815,36.55806],[140.36317,36.558271],[140.36326,36.558353],[140.363389,36.5585],[140.363828,36.559168],[140.363961,36.559422],[140.364019,36.559604],[140.364074,36.559915],[140.364057,36.560233],[140.363918,36.560982],[140.363812,36.561727],[140.363779,36.56308],[140.363782,36.563871],[140.363811,36.564026],[140.363862,36.564175],[140.363979,36.564372],[140.364071,36.564482],[140.364224,36.564608],[140.365452,36.565279],[140.365722,36.565388],[140.366805,36.565733],[140.368079,36.566468],[140.368229,36.566602],[140.368289,36.566685],[140.368349,36.566803],[140.368383,36.566915],[140.368422,36.56738],[140.368482,36.567553],[140.368552,36.567704],[140.368795,36.568049],[140.368893,36.568298],[140.368946,36.568557],[140.368943,36.568716],[140.368883,36.568963],[140.368612,36.569729],[140.36847,36.570426],[140.368468,36.570509],[140.368473,36.570723],[140.368515,36.570901],[140.368572,36.571018],[140.368643,36.571107],[140.368742,36.571198],[140.368858,36.571258],[140.369126,36.571351],[140.369207,36.571398],[140.369325,36.571524],[140.369582,36.572039],[140.369756,36.572316],[140.369959,36.572576],[140.370153,36.572742],[140.370397,36.573002],[140.370725,36.573355],[140.370997,36.573685],[140.372594,36.572872],[140.373059,36.572629],[140.373188,36.572548],[140.373298,36.572463],[140.37343,36.572327],[140.373521,36.572254],[140.373571,36.572235],[140.374025,36.572168],[140.374215,36.572093],[140.376571,36.57101],[140.378694,36.569964],[140.379536,36.569608],[140.37973,36.569564],[140.380264,36.569524],[140.380487,36.569489],[140.381631,36.56922],[140.382521,36.569018],[140.382785,36.568922],[140.382862,36.568845],[140.384422,36.568715],[140.38546,36.568646],[140.38581,36.568589],[140.386288,36.568487],[140.386757,36.56833],[140.387258,36.568107],[140.387714,36.567861],[140.388281,36.567449],[140.388753,36.567073],[140.389035,36.566882],[140.389589,36.56656],[140.389719,36.566819],[140.390059,36.567586],[140.390434,36.568371],[140.390885,36.568991],[140.391443,36.569646],[140.391958,36.570154],[140.392527,36.570757],[140.39288,36.571208],[140.393228,36.571534],[140.3936,36.571956],[140.394378,36.572687],[140.395092,36.5734],[140.395702,36.573971],[140.396389,36.574687],[140.396719,36.575065],[140.396797,36.5751],[140.397086,36.575307],[140.39723,36.575383],[140.397709,36.575629],[140.398197,36.575827],[140.398503,36.575921],[140.398948,36.576031],[140.400101,36.576401],[140.400874,36.576608],[140.401206,36.576667],[140.401503,36.57668],[140.402028,36.576469],[140.40249,36.576168],[140.403102,36.575834],[140.403309,36.575687],[140.40341,36.575583],[140.4035,36.575402],[140.403561,36.575203],[140.403999,36.575112],[140.40451,36.575078],[140.404728,36.575109],[140.405129,36.575212],[140.405344,36.57525],[140.405548,36.575266],[140.405867,36.575205],[140.405882,36.575263],[140.406,36.575794],[140.406435,36.577614],[140.40649,36.577883],[140.406586,36.578273],[140.407195,36.580748],[140.407704,36.582801],[140.408015,36.584079],[140.408228,36.584869],[140.40843,36.585376],[140.408678,36.585817],[140.408818,36.586114],[140.409374,36.586924],[140.409569,36.58718],[140.410209,36.587949],[140.410459,36.588337],[140.410681,36.588826],[140.410861,36.589295],[140.410998,36.589835],[140.411323,36.591092],[140.411535,36.59197],[140.411575,36.592104],[140.411699,36.592714],[140.411778,36.593149],[140.411792,36.593585],[140.411746,36.593859],[140.411682,36.59421],[140.411623,36.594393],[140.411505,36.594596],[140.411354,36.59486],[140.411161,36.595106],[140.410794,36.595474],[140.410619,36.595611],[140.410209,36.595887],[140.409493,36.59627],[140.409582,36.596353],[140.409682,36.596404],[140.409778,36.596421],[140.409892,36.596418],[140.409996,36.596395],[140.410118,36.596542],[140.410113,36.596721],[140.410035,36.596724],[140.409806,36.596806],[140.409677,36.596882],[140.40959,36.596933]]},"properties":{"order":9,"from":"かつら","to":"常陸大宮","title":"かつら → 常陸大宮","distance_meters":13222,"duration_seconds":1038.7}},{"type":"Feature","geometry":{"type":"LineString","coordinates":[[140.40959,36.596933],[140.409677,36.596882],[140.409806,36.596806],[140.410035,36.596724],[140.410113,36.596721],[140.410118,36.596542],[140.409996,36.596395],[140.409892,36.596418],[140.409778,36.596421],[140.409682,36.596404],[140.409582,36.596353],[140.409493,36.59627],[140.408574,36.596816],[140.408007,36.597135],[140.407096,36.597637],[140.406851,36.59782],[140.406379,36.598203],[140.405558,36.598809],[140.404485,36.599684],[140.403048,36.600799],[140.40235,36.601312],[140.40191,36.601691],[140.401385,36.602194],[140.400585,36.603114],[140.400226,36.603576],[140.399944,36.603995],[140.399695,36.604402],[140.399362,36.605007],[140.398914,36.605984],[140.398729,36.606473],[140.398456,36.607362],[140.398365,36.60772],[140.398273,36.608172],[140.398198,36.608843],[140.398189,36.609073],[140.398169,36.609657],[140.398172,36.610395],[140.398214,36.610888],[140.398287,36.611401],[140.398338,36.611703],[140.398415,36.611996],[140.398436,36.612055],[140.398452,36.612166],[140.398471,36.612206],[140.39857,36.612621],[140.397996,36.612543],[140.397512,36.612505],[140.397291,36.612478],[140.397179,36.612457],[140.396827,36.612416],[140.396655,36.612375],[140.396361,36.612368],[140.395998,36.612378],[140.394835,36.612495],[140.394546,36.612503],[140.39419,36.612516],[140.39386,36.612468],[140.392873,36.61213],[140.392261,36.611911],[140.391959,36.611706],[140.391742,36.611485],[140.39158,36.611239],[140.391479,36.61097],[140.391452,36.610854],[140.39138,36.609983],[140.391321,36.609728],[140.391199,36.60947],[140.39109,36.609315],[140.390983,36.609187],[140.390799,36.609037],[140.390454,36.608848],[140.390306,36.608773],[140.390121,36.608725],[140.389653,36.608639],[140.388648,36.608544],[140.388465,36.608508],[140.388269,36.60846],[140.387474,36.608121],[140.387425,36.608074],[140.387089,36.607915],[140.386818,36.60774],[140.386518,36.607449],[140.386233,36.607228],[140.386043,36.607101],[140.385956,36.607044],[140.38563,36.606885],[140.385358,36.606772],[140.384415,36.606416],[140.384052,36.606242],[140.383232,36.605858],[140.383005,36.60572],[140.382787,36.605571],[140.382657,36.605443],[140.382561,36.605312],[140.382484,36.605164],[140.382379,36.604795],[140.382301,36.604388],[140.382292,36.604228],[140.382229,36.604137],[140.382195,36.604042],[140.382115,36.603901],[140.382022,36.603773],[140.381892,36.603644],[140.381529,36.603356],[140.38116,36.603084],[140.380952,36.602949],[140.380764,36.602855],[140.380646,36.602814],[140.380391,36.602759],[140.380178,36.602737],[140.379805,36.602737],[140.37948,36.602747],[140.379175,36.602776],[140.378903,36.602845],[140.378503,36.602991],[140.378333,36.603017],[140.378148,36.603018],[140.376954,36.602809],[140.376444,36.602673],[140.376073,36.602516],[140.375569,36.60221],[140.375015,36.601916],[140.374498,36.60154],[140.374034,36.601322],[140.373156,36.601026],[140.37224,36.600696],[140.372147,36.600664],[140.371835,36.60057],[140.3716,36.600526],[140.371221,36.600515],[140.370664,36.600589],[140.370089,36.600677],[140.368499,36.600919],[140.368118,36.600891],[140.367687,36.600746],[140.366698,36.600281],[140.366374,36.600174],[140.366025,36.600102],[140.364781,36.600009],[140.364456,36.599968],[140.362159,36.599487],[140.361683,36.599465],[140.361295,36.599543],[140.361084,36.599633],[140.360676,36.599907],[140.360484,36.599967],[140.360365,36.599965],[140.360235,36.599924],[140.360145,36.599866],[140.359941,36.599717],[140.359864,36.599639],[140.359764,36.59946],[140.359688,36.599209],[140.359639,36.599124],[140.359598,36.599086],[140.359324,36.59894],[140.359038,36.598698],[140.358843,36.598581],[140.358739,36.598558],[140.358643,36.598564],[140.358346,36.59865],[140.358147,36.598688],[140.357894,36.598671],[140.357198,36.598501],[140.357059,36.598453],[140.35694,36.598405],[140.35665,36.598249],[140.356527,36.598157],[140.356341,36.598005],[140.355753,36.597342],[140.355564,36.597228],[140.355438,36.597177],[140.355325,36.597149],[140.354414,36.597017],[140.354302,36.596977],[140.354184,36.596916],[140.353898,36.596682],[140.353603,36.596767],[140.35332,36.59679],[140.352976,36.596761],[140.352456,36.596684],[140.352278,36.596681],[140.352075,36.596701],[140.351888,36.596748],[140.35168,36.596813],[140.351509,36.596898],[140.351327,36.597017],[140.350645,36.59757],[140.35039,36.597825],[140.35029,36.597962],[140.350186,36.59815],[140.34999,36.598557],[140.349905,36.598677],[140.349554,36.599063],[140.349393,36.599192],[140.349207,36.599313],[140.348977,36.599422],[140.348432,36.599629],[140.34752,36.599909],[140.347027,36.600036],[140.345642,36.600345],[140.344873,36.600553],[140.344197,36.600699],[140.343948,36.600733],[140.343699,36.600738],[140.342484,36.600692],[140.340377,36.600622],[140.340213,36.600634],[140.340047,36.600664],[140.338975,36.600975],[140.338366,36.601129],[140.337961,36.601266],[140.337707,36.601391],[140.337303,36.601733],[140.33657,36.602567],[140.336166,36.602963],[140.335956,36.603152],[140.335543,36.603411],[140.335326,36.603504],[140.334964,36.603584],[140.334648,36.603625],[140.334275,36.603629],[140.33386,36.603603],[140.333296,36.60349],[140.332851,36.603427],[140.332243,36.60339],[140.330666,36.603257],[140.330392,36.603264],[140.329813,36.603366],[140.329542,36.603432],[140.329258,36.603432],[140.327721,36.603306],[140.327059,36.603209],[140.326226,36.603044],[140.325636,36.602932],[140.324889,36.602745],[140.324532,36.603239],[140.324274,36.603542],[140.32338,36.60431],[140.322733,36.604901],[140.322117,36.605526],[140.321833,36.605837],[140.32159,36.606101],[140.321347,36.606348],[140.321118,36.606542],[140.32096,36.606644],[140.320617,36.606808],[140.320002,36.60702],[140.319363,36.607253],[140.31855,36.607569],[140.318365,36.607732],[140.318307,36.607811],[140.318263,36.607913],[140.318214,36.608081],[140.318203,36.608599],[140.318165,36.608801],[140.318029,36.6092],[140.317828,36.609888],[140.317744,36.610056],[140.317567,36.610302],[140.317463,36.61041],[140.317116,36.610703],[140.316966,36.610822],[140.316865,36.610909],[140.316656,36.611141],[140.316016,36.612002],[140.31582,36.612346],[140.315766,36.612479],[140.315674,36.61276],[140.315622,36.613023],[140.315609,36.613441],[140.315741,36.61608],[140.315755,36.616816],[140.315727,36.617342],[140.315644,36.617874],[140.315528,36.618302],[140.315201,36.619111],[140.314981,36.619629],[140.314872,36.61983],[140.314674,36.620106],[140.31456,36.620224],[140.314416,36.620333],[140.3142,36.620458],[140.313767,36.620601],[140.313421,36.620673],[140.31161,36.620997],[140.310487,36.621213],[140.310157,36.621264],[140.309903,36.621296],[140.3096,36.621304],[140.308755,36.621195],[140.308272,36.621163],[140.307834,36.621156],[140.307591,36.621159],[140.307156,36.621173],[140.306219,36.621204],[140.305376,36.621226],[140.305034,36.621233],[140.304388,36.621253],[140.30419,36.621259],[140.303967,36.621266],[140.303136,36.621276],[140.302936,36.621276],[140.301391,36.621239],[140.300907,36.621211],[140.300692,36.621212],[140.300496,36.621235],[140.300168,36.621304],[140.299977,36.621368],[140.29954,36.621535],[140.299011,36.621747],[140.298758,36.621865],[140.298608,36.621989],[140.298414,36.622228],[140.298279,36.622509],[140.298093,36.62296],[140.297701,36.62389],[140.297504,36.624246],[140.296849,36.625062],[140.296324,36.6256],[140.296147,36.625829],[140.295589,36.626592],[140.294873,36.627707],[140.294502,36.628362],[140.294395,36.628641],[140.294277,36.629098],[140.294256,36.629289],[140.29432,36.630437],[140.29432,36.630721],[140.294301,36.631007],[140.294202,36.631487],[140.293365,36.634528],[140.293185,36.635032],[140.292979,36.635482],[140.292882,36.635654],[140.29262,36.636074],[140.29229,36.636553],[140.291964,36.637018],[140.29167,36.637434],[140.2913,36.638011],[140.290887,36.638747],[140.290621,36.639354],[140.289575,36.641911],[140.288891,36.643394],[140.288663,36.643957],[140.288615,36.644151],[140.288577,36.644446],[140.288545,36.645503],[140.288505,36.646045],[140.288344,36.64719],[140.287996,36.649337],[140.287703,36.651274],[140.287261,36.653967],[140.287105,36.654715],[140.286936,36.655349],[140.286818,36.655749],[140.286688,36.656187],[140.28653,36.656711],[140.286413,36.657095],[140.285974,36.656996],[140.284557,36.656683],[140.284415,36.656652],[140.282891,36.65632],[140.281621,36.656036],[140.281297,36.655935],[140.280945,36.655798],[140.280263,36.655476],[140.280197,36.655566],[140.280152,36.65559],[140.280047,36.65558]]},"properties":{"order":10,"from":"常陸大宮","to":"みわ","title":"常陸大宮 → みわ","distance_meters":18553,"duration_seconds":1275}},{"type":"Feature","geometry":{"type":"LineString","coordinates":[[140.280047,36.65558],[140.280152,36.65559],[140.280197,36.655566],[140.280263,36.655476],[140.280945,36.655798],[140.281297,36.655935],[140.281621,36.656036],[140.282891,36.65632],[140.284415,36.656652],[140.284557,36.656683],[140.285974,36.656996],[140.286413,36.657095],[140.287044,36.657247],[140.287198,36.657295],[140.287429,36.657413],[140.287633,36.657536],[140.288157,36.657877],[140.288322,36.657975],[140.288743,36.658177],[140.290041,36.658588],[140.291812,36.659149],[140.292158,36.659306],[140.292413,36.659485],[140.292895,36.660021],[140.29311,36.66024],[140.293684,36.660689],[140.294015,36.660918],[140.294163,36.660979],[140.295077,36.661208],[140.295133,36.661222],[140.295368,36.661281],[140.295576,36.66133],[140.29577,36.661413],[140.295947,36.66151],[140.296155,36.661649],[140.29647,36.661928],[140.296647,36.662056],[140.297014,36.662272],[140.297256,36.662388],[140.297567,36.66251],[140.298434,36.662799],[140.299103,36.663015],[140.299253,36.663065],[140.299618,36.663188],[140.299932,36.663274],[140.300054,36.663288],[140.301349,36.663294],[140.301769,36.663286],[140.301953,36.663263],[140.302174,36.663173],[140.30223,36.663312],[140.302257,36.663454],[140.302257,36.663589],[140.302217,36.664986],[140.302192,36.665113],[140.302119,36.665275],[140.302042,36.665373],[140.301975,36.665512],[140.301935,36.665735],[140.301913,36.666014],[140.301951,36.666275],[140.30204,36.666545],[140.302164,36.66683],[140.30236,36.667472],[140.302409,36.667832],[140.30244,36.668078],[140.302442,36.668128],[140.302411,36.668243],[140.302344,36.668333],[140.301484,36.668978],[140.300323,36.669887],[140.300232,36.669967],[140.300111,36.670108],[140.29982,36.670574],[140.299605,36.670843],[140.29946,36.67099],[140.299412,36.671094],[140.299408,36.671227],[140.29953,36.671828],[140.299582,36.671991],[140.29966,36.672161],[140.299945,36.672664],[140.300629,36.673442],[140.300708,36.673563],[140.300766,36.673744],[140.300841,36.674264],[140.300977,36.67517],[140.301022,36.675352],[140.301109,36.675584],[140.301473,36.676327],[140.301569,36.676586],[140.301606,36.676736],[140.301637,36.677002],[140.301636,36.677167],[140.301627,36.677293],[140.301543,36.677999],[140.301542,36.678009],[140.301539,36.678154],[140.301582,36.678297],[140.30165,36.678394],[140.302379,36.679047],[140.302483,36.679186],[140.302531,36.67928],[140.30258,36.679467],[140.302588,36.679633],[140.302573,36.679763],[140.302427,36.680362],[140.302421,36.680595],[140.302457,36.680826],[140.302695,36.681432],[140.302939,36.681987],[140.30345,36.682825],[140.303491,36.682882],[140.303603,36.683054],[140.303981,36.683636],[140.304069,36.683828],[140.304123,36.684076],[140.304121,36.684227],[140.304069,36.684525],[140.30408,36.684767],[140.304156,36.684996],[140.304358,36.685398],[140.304417,36.685663],[140.304444,36.686231],[140.304506,36.686485],[140.304578,36.686661],[140.304777,36.68699],[140.305282,36.687571],[140.30536,36.687682],[140.305443,36.687882],[140.305465,36.688061],[140.305487,36.689146],[140.305464,36.689313],[140.305157,36.690258],[140.304943,36.690875],[140.304917,36.691009],[140.304865,36.692876],[140.304787,36.695589],[140.304755,36.695801],[140.304418,36.697025],[140.304375,36.697377],[140.304394,36.697749],[140.304595,36.699001],[140.304608,36.699091],[140.304621,36.699204],[140.304804,36.700356],[140.304882,36.700647],[140.30502,36.70092],[140.305474,36.701549],[140.306141,36.702339],[140.306976,36.703181],[140.307557,36.703819],[140.307703,36.704101],[140.30807,36.705251],[140.308126,36.705466],[140.30817,36.705761],[140.308147,36.706787],[140.308084,36.706999],[140.307971,36.707169],[140.30771,36.707455],[140.307297,36.707809],[140.306961,36.70807],[140.306822,36.708204],[140.306409,36.708891],[140.306193,36.709182],[140.30594,36.709713],[140.305618,36.710174],[140.305564,36.710287],[140.305555,36.710438],[140.30562,36.710656],[140.30579,36.711419],[140.305838,36.711898],[140.30584,36.712299],[140.305581,36.713156],[140.305546,36.713235],[140.30537,36.713493],[140.304957,36.714179],[140.304702,36.714533],[140.304497,36.714902],[140.304415,36.715117],[140.304317,36.715304],[140.303776,36.715955],[140.303651,36.716181],[140.303347,36.716604],[140.303231,36.717019],[140.303136,36.717232],[140.303128,36.717602],[140.303107,36.717679],[140.302825,36.717945],[140.302696,36.718129],[140.302626,36.718253],[140.302612,36.718444],[140.302604,36.718535],[140.302582,36.718583],[140.302509,36.718672],[140.302402,36.718762],[140.302355,36.718848],[140.302411,36.719256],[140.302404,36.719373],[140.302257,36.719919],[140.302214,36.720187],[140.302203,36.720387],[140.302203,36.720558],[140.302261,36.72108],[140.302241,36.721166],[140.3021,36.721476],[140.302084,36.721656],[140.301949,36.72234],[140.301937,36.722485],[140.301874,36.722747],[140.301837,36.722841],[140.301645,36.723181],[140.301576,36.723402],[140.301538,36.724192],[140.301314,36.72489],[140.301292,36.72501],[140.301295,36.725159],[140.301346,36.725331],[140.301413,36.725452],[140.301517,36.725582],[140.302085,36.726002],[140.30229,36.726202],[140.302573,36.726587],[140.302779,36.72693],[140.302863,36.727162],[140.302957,36.727569],[140.303033,36.727832],[140.303073,36.727898],[140.303194,36.728022],[140.303332,36.728094],[140.303621,36.728167],[140.303792,36.728247],[140.303926,36.728379],[140.304034,36.728543],[140.304185,36.728837],[140.304292,36.728934],[140.304471,36.729024],[140.304751,36.729102],[140.304826,36.729133],[140.304879,36.729179],[140.304916,36.729277],[140.304882,36.729524],[140.304887,36.729628],[140.304968,36.729719],[140.305057,36.729783],[140.30522,36.729915],[140.305269,36.729979],[140.305313,36.730307],[140.305404,36.730416],[140.305503,36.730505],[140.305847,36.730822],[140.306153,36.731224],[140.306261,36.731416],[140.306299,36.731693],[140.306228,36.732098],[140.306231,36.732175],[140.306275,36.732277],[140.306401,36.732364],[140.3065,36.732401],[140.306864,36.732469],[140.307411,36.732624],[140.307793,36.732671],[140.307923,36.73271],[140.307985,36.732744],[140.308023,36.732792],[140.308119,36.732998],[140.308174,36.733076],[140.308244,36.733135],[140.308314,36.733177],[140.308415,36.733204],[140.308747,36.733236],[140.308859,36.733295],[140.308945,36.733405],[140.309026,36.733871],[140.309092,36.734062],[140.309491,36.734859],[140.309617,36.73497],[140.309885,36.7351],[140.310224,36.73521],[140.310387,36.73522],[140.311411,36.735082],[140.312314,36.734968],[140.312392,36.734973],[140.312471,36.735],[140.312548,36.735046],[140.312625,36.735135],[140.312751,36.735514],[140.31282,36.73563],[140.312936,36.735731],[140.313024,36.735785],[140.313331,36.735883],[140.313428,36.735905],[140.313784,36.735978],[140.314035,36.736033],[140.314352,36.736068],[140.314568,36.736081],[140.314706,36.736115],[140.314844,36.736158],[140.315835,36.736573],[140.315962,36.736658],[140.316337,36.736972],[140.316464,36.73704],[140.31701,36.737255],[140.317317,36.737352],[140.317576,36.737477],[140.317825,36.737564],[140.317932,36.737575],[140.318212,36.737563],[140.318528,36.737559],[140.318736,36.737611],[140.318936,36.737682],[140.319189,36.737804],[140.319279,36.737841],[140.319365,36.737855],[140.319716,36.737893],[140.320134,36.737877],[140.320479,36.737818],[140.32132,36.737494],[140.321308,36.737647],[140.321208,36.73857],[140.321173,36.738717],[140.321104,36.738895],[140.321026,36.739026],[140.319449,36.741162],[140.319353,36.741349],[140.319308,36.741496],[140.319288,36.741642],[140.319238,36.742224],[140.319078,36.743242],[140.319066,36.743532],[140.319269,36.745453],[140.319334,36.745769],[140.319415,36.746012],[140.319545,36.746274],[140.319835,36.746777],[140.319999,36.747097],[140.32005,36.747303],[140.320033,36.747704],[140.320049,36.747903],[140.32013,36.748052],[140.320204,36.748129],[140.320425,36.748291],[140.320489,36.748314],[140.320597,36.748305],[140.320688,36.748246],[140.320732,36.74816],[140.320649,36.747754],[140.320682,36.747522],[140.3207,36.747065],[140.320668,36.74594],[140.320668,36.745276],[140.320702,36.744872],[140.320741,36.744797],[140.320791,36.744748],[140.321132,36.744549],[140.321188,36.744495],[140.32123,36.744453],[140.321253,36.744383],[140.321273,36.744201],[140.321274,36.743883],[140.321302,36.743727],[140.321382,36.743587],[140.321482,36.743464],[140.321744,36.743222],[140.322899,36.742016],[140.32302,36.741918],[140.323164,36.741833],[140.323253,36.74181],[140.323412,36.741797],[140.323618,36.741839],[140.323696,36.741874],[140.323865,36.742018],[140.323943,36.742141],[140.323996,36.742292],[140.323985,36.742448],[140.323906,36.742584],[140.323797,36.742688],[140.32288,36.743172],[140.322764,36.743247],[140.322582,36.743396],[140.322469,36.743559],[140.322405,36.743715],[140.322373,36.743883],[140.322367,36.744008],[140.322402,36.74435],[140.322184,36.744823],[140.321876,36.745319],[140.321813,36.745477],[140.321778,36.745651],[140.321778,36.745944],[140.32182,36.746074],[140.321911,36.74622],[140.322274,36.746564],[140.322351,36.746671],[140.322373,36.746851],[140.322324,36.746987],[140.322142,36.747341],[140.322149,36.747515],[140.32226,36.747707],[140.322393,36.747842],[140.322708,36.74808],[140.322974,36.74822],[140.323991,36.748663],[140.324219,36.74876],[140.324967,36.749127],[140.325414,36.749301],[140.325603,36.749335],[140.326212,36.749352],[140.326373,36.749403],[140.326604,36.749521],[140.326834,36.749718],[140.326956,36.749868],[140.327493,36.750636],[140.327672,36.75093],[140.327736,36.751071],[140.327759,36.751215],[140.327802,36.751619],[140.327881,36.751785],[140.328032,36.751977],[140.328207,36.752156],[140.328858,36.752745],[140.330532,36.754364],[140.331294,36.755068],[140.331532,36.755222],[140.33228,36.755625],[140.332558,36.75581],[140.332789,36.756028],[140.333226,36.756642],[140.33356,36.757026],[140.333719,36.75732],[140.333998,36.75821],[140.334077,36.758376],[140.334196,36.758504],[140.334355,36.7586],[140.334514,36.758664],[140.335397,36.758843],[140.335723,36.758939],[140.33589,36.759061],[140.336192,36.759444],[140.336383,36.759777],[140.336399,36.760083],[140.336335,36.761139],[140.336391,36.761255],[140.336517,36.761434],[140.336692,36.761562],[140.336994,36.76169],[140.337432,36.761772],[140.338084,36.761862],[140.338402,36.761984],[140.338649,36.762157],[140.33892,36.76238],[140.339683,36.76332],[140.339826,36.763602],[140.339914,36.763827],[140.339882,36.765138],[140.339571,36.766086],[140.339102,36.766751],[140.338919,36.766917],[140.338738,36.767021],[140.338499,36.767049],[140.338191,36.767055],[140.337679,36.76693],[140.337472,36.766802],[140.336741,36.766156],[140.336534,36.766072],[140.336248,36.766034],[140.336016,36.766111],[140.335785,36.766271],[140.335683,36.76652],[140.335674,36.766776],[140.335761,36.766955],[140.335936,36.767185],[140.337078,36.768373],[140.337224,36.768486],[140.3374,36.768564],[140.337701,36.76866],[140.337897,36.768689],[140.338268,36.768689],[140.338493,36.768643],[140.339046,36.768474],[140.339375,36.768407],[140.339781,36.768345],[140.340012,36.768339],[140.340124,36.768351],[140.340467,36.768458],[140.3406,36.768542],[140.340705,36.76866],[140.340901,36.768965],[140.341496,36.770051],[140.341503,36.77035],[140.34144,36.770518],[140.341391,36.770569],[140.341293,36.770631],[140.341188,36.770676],[140.341006,36.770699],[140.340852,36.770676],[140.34074,36.770631],[140.340614,36.770541],[140.340488,36.770395],[140.339984,36.769673],[140.339746,36.769595],[140.339514,36.769595],[140.339283,36.769645],[140.339007,36.769793],[140.338872,36.769985],[140.338832,36.770247],[140.338912,36.77049],[140.339711,36.77181],[140.339746,36.771945],[140.339753,36.772187],[140.339689,36.772334],[140.339676,36.772812],[140.339711,36.773117],[140.340117,36.774074],[140.34018,36.7743],[140.340186,36.774638],[140.34013,36.774925],[140.340074,36.775078],[140.339976,36.775258],[140.339524,36.775902],[140.339413,36.77603],[140.339389,36.776158],[140.339405,36.776836],[140.339339,36.77701],[140.339327,36.777222],[140.338929,36.777807],[140.338752,36.778066],[140.339054,36.778195],[140.339432,36.778325],[140.341518,36.778885],[140.341778,36.77891],[140.34192,36.778887],[140.342065,36.778835],[140.342239,36.77873],[140.342577,36.778459],[140.342971,36.77818],[140.343099,36.778108],[140.343255,36.77805],[140.343432,36.778007],[140.343897,36.777938],[140.34455,36.777938],[140.344992,36.77794],[140.345178,36.777906],[140.345324,36.77785],[140.345555,36.777691],[140.345774,36.777455],[140.346052,36.77707],[140.346463,36.776413],[140.346627,36.776107],[140.346749,36.775956],[140.346915,36.775861],[140.347068,36.775815],[140.347379,36.775813],[140.347578,36.775778],[140.347716,36.775698],[140.347896,36.775559],[140.348388,36.775146],[140.35003,36.773748],[140.350158,36.773619],[140.35033,36.773346],[140.350824,36.772282],[140.350892,36.772187],[140.351213,36.77192],[140.351267,36.77179],[140.351253,36.771435],[140.351292,36.7712],[140.351398,36.770977],[140.351652,36.770443],[140.351915,36.769846],[140.352022,36.769657],[140.352231,36.76939],[140.352478,36.769176],[140.352791,36.768978],[140.353158,36.768825],[140.353404,36.768761],[140.354027,36.768652],[140.354084,36.768643],[140.355076,36.768475],[140.355315,36.768441],[140.355663,36.768396],[140.35597,36.768376],[140.356447,36.768403],[140.356565,36.768423],[140.35718,36.768533],[140.358221,36.768719],[140.35849,36.76876],[140.358768,36.768807],[140.358839,36.768797],[140.358871,36.768771],[140.358883,36.768689],[140.358752,36.768607],[140.358737,36.768566],[140.358759,36.768491],[140.358961,36.768543]]},"properties":{"order":11,"from":"みわ","to":"奥久慈だいご","title":"みわ → 奥久慈だいご","distance_meters":22994,"duration_seconds":1740.1}},{"type":"Feature","geometry":{"type":"LineString","coordinates":[[140.358961,36.768543],[140.358759,36.768491],[140.358816,36.768346],[140.358884,36.768194],[140.358952,36.768041],[140.359003,36.767929],[140.358853,36.767877],[140.358984,36.767541],[140.359081,36.767178],[140.359126,36.766914],[140.359164,36.76647],[140.360196,36.76648],[140.361079,36.766568],[140.361198,36.766568],[140.361328,36.76655],[140.361466,36.766504],[140.361583,36.766448],[140.36177,36.766324],[140.362257,36.766187],[140.362511,36.766139],[140.362786,36.766119],[140.363243,36.766136],[140.36345,36.766169],[140.363979,36.766298],[140.364117,36.766317],[140.364291,36.766327],[140.364421,36.766314],[140.364569,36.766275],[140.36472,36.766226],[140.365335,36.76596],[140.365659,36.765872],[140.367089,36.765528],[140.36746,36.765499],[140.368028,36.765438],[140.368508,36.765358],[140.368816,36.765229],[140.369118,36.765043],[140.369278,36.764926],[140.369593,36.76461],[140.369814,36.764261],[140.370537,36.763147],[140.370675,36.763225],[140.371492,36.76361],[140.371738,36.763703],[140.371991,36.763771],[140.372388,36.763852],[140.373113,36.764116],[140.373882,36.764212],[140.37413,36.764222],[140.374822,36.764205],[140.375241,36.76417],[140.375477,36.764119],[140.375745,36.764024],[140.376024,36.763904],[140.376367,36.763654],[140.377204,36.762606],[140.377328,36.762486],[140.377591,36.762266],[140.377758,36.76217],[140.378241,36.76196],[140.378349,36.761924],[140.378612,36.761846],[140.378712,36.76182],[140.3789,36.761773],[140.38002,36.761452],[140.380906,36.761185],[140.381179,36.761072],[140.381418,36.760928],[140.381592,36.760715],[140.381649,36.760594],[140.381684,36.760456],[140.381697,36.760303],[140.38158,36.759439],[140.381565,36.759216],[140.381577,36.759123],[140.381674,36.75893],[140.381959,36.758556],[140.382191,36.758646],[140.382302,36.758636],[140.382719,36.758454],[140.382837,36.758423],[140.383076,36.758406],[140.383249,36.758414],[140.383758,36.758437],[140.384461,36.75847],[140.384921,36.758495],[140.385537,36.758496],[140.38588,36.758484],[140.386594,36.75844],[140.387006,36.758414],[140.387166,36.758429],[140.387326,36.758483],[140.387691,36.758659],[140.388737,36.759165],[140.388931,36.75923],[140.389154,36.75928],[140.389883,36.75931],[140.390247,36.759299],[140.390443,36.75926],[140.390567,36.759201],[140.390709,36.759071],[140.390769,36.758992],[140.390817,36.758835],[140.390765,36.75838],[140.390662,36.758117],[140.390568,36.75798],[140.390291,36.757747],[140.390039,36.757572],[140.389877,36.75735],[140.389821,36.757268],[140.389766,36.757123],[140.389744,36.756994],[140.389808,36.756429],[140.390055,36.755195],[140.390109,36.754964],[140.390188,36.754758],[140.390277,36.7546],[140.390768,36.754055],[140.390877,36.753894],[140.391365,36.752963],[140.391467,36.752837],[140.391761,36.752629],[140.392295,36.75238],[140.392482,36.752235],[140.392601,36.752105],[140.392753,36.751878],[140.39309,36.751259],[140.393165,36.751213],[140.393443,36.750957],[140.393693,36.750804],[140.393993,36.750675],[140.394433,36.750538],[140.395228,36.750479],[140.395551,36.750415],[140.395727,36.750355],[140.395909,36.750267],[140.396298,36.750008],[140.396738,36.749761],[140.397284,36.749591],[140.397545,36.749571],[140.397738,36.749575],[140.398067,36.749649],[140.39826,36.749717],[140.398537,36.749845],[140.398754,36.749983],[140.399085,36.750292],[140.399514,36.751008],[140.399695,36.75117],[140.400103,36.75145],[140.400697,36.751817],[140.400965,36.752066],[140.401139,36.752309],[140.40133,36.75273],[140.401436,36.752899],[140.401536,36.752983],[140.401872,36.753179],[140.4023,36.753324],[140.402544,36.753398],[140.402897,36.753563],[140.403213,36.753741],[140.403591,36.754002],[140.403905,36.754245],[140.404141,36.754434],[140.404438,36.754704],[140.404804,36.754989],[140.408489,36.758112],[140.408767,36.758332],[140.409286,36.758788],[140.409504,36.759051],[140.410018,36.759819],[140.410371,36.760278],[140.410566,36.760553],[140.41078,36.760865],[140.411419,36.761637],[140.411516,36.761788],[140.411577,36.761921],[140.411635,36.762219],[140.411632,36.762373],[140.411554,36.762742],[140.411542,36.762911],[140.411561,36.763049],[140.411607,36.763175],[140.411733,36.763401],[140.411821,36.763475],[140.41199,36.763555],[140.412141,36.7636],[140.412346,36.763648],[140.413248,36.763791],[140.414304,36.763947],[140.414853,36.764042],[140.416659,36.764352],[140.417807,36.764548],[140.419118,36.764692],[140.419547,36.764765],[140.420012,36.76492],[140.420422,36.765114],[140.420998,36.76549],[140.421211,36.765686],[140.421359,36.765851],[140.421611,36.766299],[140.421756,36.76667],[140.422091,36.767724],[140.422214,36.767986],[140.422544,36.768511],[140.422813,36.768819],[140.423315,36.769348],[140.423703,36.769679],[140.424218,36.770071],[140.424593,36.770294],[140.424819,36.770403],[140.425746,36.770745],[140.426868,36.771139],[140.42878,36.771756],[140.428906,36.771458],[140.428928,36.771367],[140.428933,36.771166],[140.42888,36.770689],[140.428907,36.7705],[140.428975,36.770326],[140.429141,36.770101],[140.429275,36.769965],[140.429998,36.769217],[140.430246,36.768991],[140.430691,36.768664],[140.431008,36.768442],[140.431375,36.768148],[140.431889,36.767666],[140.432283,36.767212],[140.432686,36.766603],[140.432884,36.766199],[140.433099,36.765606],[140.433575,36.763508],[140.433728,36.763129],[140.434235,36.762513],[140.435116,36.761607],[140.435245,36.761295],[140.43528,36.761029],[140.435272,36.760849],[140.435188,36.760398],[140.435195,36.760235],[140.43523,36.760128],[140.435363,36.759942],[140.436379,36.759193],[140.436651,36.758945],[140.436995,36.75859],[140.43719,36.758353],[140.437324,36.758128],[140.437538,36.757644],[140.437669,36.757407],[140.438252,36.756619],[140.438435,36.756326],[140.438552,36.756051],[140.438711,36.755434],[140.438869,36.755118],[140.439713,36.754018],[140.439839,36.753856],[140.440016,36.753628],[140.440105,36.753513],[140.440212,36.753377],[140.441193,36.752098],[140.441358,36.751917],[140.441536,36.751737],[140.441661,36.751645],[140.44179,36.751574],[140.441961,36.751496],[140.442331,36.751391],[140.442548,36.75134],[140.443238,36.751251],[140.443587,36.75124],[140.444826,36.751294],[140.445144,36.751289],[140.446712,36.751137],[140.447174,36.75105],[140.448418,36.750715],[140.448787,36.750548],[140.449152,36.750316],[140.449451,36.750178],[140.449589,36.750125],[140.450664,36.749817],[140.451048,36.74967],[140.452046,36.749066],[140.452234,36.748881],[140.452292,36.7488],[140.453388,36.746681],[140.453473,36.746448],[140.453487,36.746265],[140.453436,36.746035],[140.453334,36.745788],[140.453279,36.745604],[140.453269,36.745478],[140.453305,36.744867],[140.453312,36.744735],[140.453357,36.744444],[140.453446,36.744249],[140.454071,36.743304],[140.454215,36.743023],[140.454319,36.742769],[140.454454,36.742581],[140.454563,36.74247],[140.455031,36.742128],[140.455235,36.741925],[140.455282,36.74185],[140.455352,36.741667],[140.455367,36.741597],[140.455375,36.740862],[140.455391,36.740746],[140.455465,36.740528],[140.455569,36.740331],[140.455722,36.740128],[140.456051,36.739809],[140.456083,36.739779],[140.45619,36.739677],[140.456907,36.739009],[140.457118,36.738793],[140.457324,36.738518],[140.457401,36.73839],[140.457588,36.737962],[140.457689,36.737554],[140.457714,36.737159],[140.457698,36.736932],[140.457603,36.736563],[140.457454,36.736209],[140.457188,36.73574],[140.457125,36.735493],[140.45712,36.73524],[140.457165,36.735009],[140.45724,36.734809],[140.457287,36.734721],[140.457719,36.734104],[140.457886,36.733835],[140.458083,36.733439],[140.458219,36.733049],[140.458269,36.732828],[140.458302,36.732641],[140.458571,36.730616],[140.458627,36.730328],[140.458973,36.728919],[140.459193,36.72804],[140.459443,36.726963],[140.459693,36.72603],[140.459799,36.725646],[140.460647,36.722952],[140.460963,36.721889],[140.461122,36.721514],[140.46129,36.721235],[140.46144,36.72104],[140.461898,36.720527],[140.462047,36.720281],[140.462172,36.71998],[140.462212,36.719796],[140.462228,36.71961],[140.46223,36.719441],[140.462241,36.71907],[140.462333,36.718707],[140.462486,36.718257],[140.462633,36.717843],[140.462676,36.717721],[140.462766,36.717458],[140.462924,36.716873],[140.463008,36.71638],[140.463037,36.715947],[140.463046,36.715819],[140.463067,36.715546],[140.463073,36.715434],[140.463091,36.715277],[140.463148,36.714934],[140.463351,36.71425],[140.464615,36.710713],[140.464721,36.710382],[140.465304,36.708283],[140.465418,36.707931],[140.465566,36.707557],[140.465883,36.707543],[140.466426,36.707511],[140.466883,36.707509],[140.467055,36.70752],[140.467271,36.707537],[140.467477,36.707574],[140.468237,36.707772],[140.4684,36.707849],[140.468502,36.707922],[140.468794,36.708232],[140.468912,36.708313],[140.469073,36.708385],[140.470171,36.708693],[140.470973,36.708923],[140.471509,36.709063],[140.472038,36.709172],[140.472809,36.709295],[140.473471,36.709368],[140.485984,36.710001],[140.486617,36.71008],[140.487314,36.710214],[140.487912,36.710366],[140.488486,36.710546],[140.488884,36.710697],[140.489404,36.710923],[140.489911,36.711172],[140.490359,36.711424],[140.491457,36.712133],[140.491619,36.712228],[140.491855,36.712393],[140.49311,36.713175],[140.493453,36.713404],[140.493683,36.713592],[140.494036,36.713988],[140.494168,36.714184],[140.494315,36.71433],[140.494529,36.714441],[140.494686,36.714491],[140.494953,36.714516],[140.495271,36.714446],[140.495843,36.714178],[140.496008,36.71414],[140.496198,36.714126],[140.496359,36.714141],[140.496615,36.714192],[140.497236,36.714499],[140.498482,36.713049],[140.498974,36.712508],[140.499212,36.712242],[140.49923,36.712218],[140.499605,36.711648],[140.499802,36.711407],[140.500004,36.711194],[140.500175,36.711052],[140.500812,36.710674],[140.501136,36.710461],[140.50142,36.710311],[140.501846,36.710119],[140.502311,36.709866],[140.50364,36.708907],[140.504191,36.708545],[140.504472,36.708422],[140.504658,36.70838],[140.505318,36.708312],[140.505583,36.708287],[140.506851,36.70826],[140.507075,36.708254],[140.507487,36.708186],[140.50758,36.708158],[140.507769,36.708065],[140.507828,36.708056],[140.507927,36.708085],[140.5082,36.707816],[140.508262,36.70775],[140.50843,36.707571],[140.509161,36.706787],[140.508979,36.706693],[140.50894,36.706644],[140.508938,36.706544],[140.509076,36.706329],[140.509364,36.705948],[140.509437,36.705699]]},"properties":{"order":12,"from":"奥久慈だいご","to":"さとみ","title":"奥久慈だいご → さとみ","distance_meters":22204,"duration_seconds":1883.8}},{"type":"Feature","geometry":{"type":"LineString","coordinates":[[140.509437,36.705699],[140.509474,36.705573],[140.509496,36.705412],[140.50946,36.705054],[140.509398,36.704914],[140.509324,36.704749],[140.50927,36.704555],[140.509246,36.704322],[140.509276,36.704133],[140.509276,36.703926],[140.509161,36.70338],[140.509231,36.702946],[140.509403,36.702567],[140.509475,36.702488],[140.509571,36.702439],[140.510056,36.702254],[140.511328,36.701735],[140.512037,36.7015],[140.512193,36.70145],[140.512327,36.701408],[140.512573,36.701296],[140.512727,36.701175],[140.512927,36.70105],[140.51302,36.701082],[140.513276,36.700801],[140.513405,36.700602],[140.513505,36.700317],[140.51357,36.700014],[140.513776,36.699309],[140.513794,36.699104],[140.513764,36.698962],[140.513642,36.698685],[140.513577,36.698414],[140.513605,36.698084],[140.513667,36.697861],[140.513776,36.697647],[140.513864,36.697525],[140.514134,36.697144],[140.514206,36.697017],[140.514235,36.69689],[140.514222,36.696595],[140.514133,36.695919],[140.514108,36.695761],[140.514127,36.695389],[140.514178,36.695182],[140.514328,36.694901],[140.514405,36.694804],[140.514511,36.694693],[140.514639,36.694592],[140.514826,36.694482],[140.515084,36.694362],[140.515382,36.694188],[140.515545,36.694058],[140.516112,36.693565],[140.516456,36.693211],[140.516862,36.69276],[140.51719,36.692315],[140.517799,36.691342],[140.51841,36.69046],[140.5186,36.690043],[140.518696,36.68977],[140.518852,36.689189],[140.519011,36.688711],[140.519187,36.688271],[140.520161,36.686437],[140.520323,36.686081],[140.520413,36.685768],[140.520486,36.68523],[140.520661,36.6834],[140.520701,36.683048],[140.520748,36.682825],[140.52079,36.682684],[140.520908,36.682413],[140.521361,36.68162],[140.521768,36.680701],[140.521811,36.680556],[140.521833,36.680325],[140.521786,36.679663],[140.521823,36.679392],[140.521935,36.679083],[140.522238,36.678425],[140.522512,36.677976],[140.523063,36.677264],[140.523155,36.677077],[140.523256,36.676759],[140.523278,36.676393],[140.523261,36.676187],[140.522958,36.675137],[140.522954,36.674992],[140.523003,36.674602],[140.523213,36.673649],[140.523234,36.673477],[140.523138,36.673025],[140.523116,36.672839],[140.52317,36.672289],[140.523251,36.671846],[140.523372,36.671577],[140.52399,36.670587],[140.524134,36.670256],[140.52419,36.669964],[140.524193,36.669847],[140.524187,36.669649],[140.524133,36.669385],[140.524086,36.669253],[140.524035,36.669134],[140.52359,36.668237],[140.523492,36.667935],[140.523281,36.666802],[140.523275,36.666597],[140.523578,36.665469],[140.523609,36.665208],[140.523578,36.664913],[140.523392,36.664059],[140.52338,36.663929],[140.523358,36.663569],[140.523417,36.662758],[140.523472,36.662453],[140.523596,36.662042],[140.523815,36.661625],[140.524016,36.661326],[140.524236,36.661065],[140.524951,36.660333],[140.525079,36.660165],[140.525147,36.660051],[140.525275,36.659701],[140.525431,36.659363],[140.52643,36.6577],[140.526536,36.657488],[140.526587,36.657324],[140.52665,36.656945],[140.526811,36.656083],[140.526864,36.65592],[140.526935,36.655782],[140.527012,36.655677],[140.52746,36.655234],[140.527545,36.655122],[140.527647,36.654947],[140.52792,36.654309],[140.528233,36.653609],[140.528391,36.653228],[140.528467,36.652996],[140.52894,36.650652],[140.529033,36.650276],[140.5291,36.650105],[140.529289,36.649784],[140.52954,36.6495],[140.529863,36.649265],[140.530522,36.648801],[140.530739,36.648625],[140.531028,36.648353],[140.531353,36.647974],[140.531981,36.647179],[140.532426,36.646624],[140.533348,36.645475],[140.533841,36.64483],[140.533939,36.644687],[140.534257,36.644192],[140.534634,36.643469],[140.535508,36.641656],[140.535674,36.641383],[140.535906,36.641122],[140.536013,36.641032],[140.536463,36.640755],[140.536894,36.640511],[140.537269,36.640237],[140.537632,36.639918],[140.537753,36.639783],[140.538001,36.639456],[140.53836,36.638988],[140.538716,36.638544],[140.538998,36.638199],[140.539144,36.638058],[140.539405,36.637878],[140.539595,36.637778],[140.539891,36.637664],[140.540434,36.63755],[140.542498,36.637177],[140.543308,36.63701],[140.543743,36.636892],[140.544403,36.636692],[140.544977,36.636475],[140.545453,36.636289],[140.546217,36.635951],[140.546484,36.635827],[140.546738,36.635718],[140.547385,36.635367],[140.547684,36.635107],[140.547859,36.634905],[140.54795,36.634796],[140.548117,36.634559],[140.548278,36.634263],[140.548404,36.633891],[140.548628,36.633038],[140.548862,36.632402],[140.548987,36.632118],[140.550402,36.629222],[140.550519,36.62895],[140.550596,36.628718],[140.550707,36.628287],[140.550761,36.627946],[140.5508,36.626995],[140.550781,36.626479],[140.550753,36.626361],[140.550713,36.626236],[140.550671,36.626131],[140.55054,36.625908],[140.550199,36.625514],[140.550134,36.625442],[140.549346,36.624573],[140.548869,36.624047],[140.548631,36.623791],[140.548471,36.623648],[140.548221,36.623465],[140.547578,36.623087],[140.547205,36.6228],[140.546973,36.622588],[140.546838,36.622434],[140.546638,36.622149],[140.545942,36.621049],[140.545728,36.620737],[140.545459,36.620408],[140.544797,36.619687],[140.54445,36.619171],[140.544334,36.61892],[140.544209,36.61854],[140.54409,36.618008],[140.544083,36.617729],[140.544152,36.617397],[140.544269,36.617133],[140.544482,36.61678],[140.545326,36.615635],[140.545428,36.615507],[140.545896,36.614855],[140.546319,36.614295],[140.546447,36.614106],[140.546611,36.613812],[140.546655,36.613723],[140.546765,36.613498],[140.54682,36.613339],[140.546858,36.613145],[140.546894,36.612866],[140.546897,36.612368],[140.546854,36.610872],[140.54681,36.610628],[140.546754,36.610432],[140.546515,36.60991],[140.546397,36.609733],[140.546124,36.609391],[140.545847,36.609163],[140.545304,36.608771],[140.544487,36.608215],[140.543909,36.60783],[140.543695,36.607659],[140.543373,36.60731],[140.543149,36.606973],[140.543035,36.606752],[140.542938,36.606519],[140.542899,36.606378],[140.542878,36.606113],[140.542872,36.605344],[140.542871,36.605222],[140.542853,36.604671],[140.542864,36.60418],[140.542892,36.603963],[140.54295,36.603709],[140.54311,36.603259],[140.543269,36.60295],[140.543879,36.601854],[140.54411,36.601404],[140.544445,36.600779],[140.544505,36.600554],[140.544536,36.60028],[140.544524,36.600073],[140.544479,36.599858],[140.544225,36.599425],[140.544032,36.599216],[140.543919,36.599127],[140.543745,36.598995],[140.54347,36.598844],[140.543,36.598611],[140.54273,36.598493],[140.542251,36.598229],[140.542066,36.59808],[140.541888,36.597903],[140.541738,36.597724],[140.541667,36.597614],[140.541535,36.597316],[140.541273,36.596203],[140.541164,36.595681],[140.541003,36.594927],[140.540854,36.59425],[140.540589,36.593014],[140.540269,36.591769],[140.540219,36.591593],[140.540043,36.590854],[140.539932,36.590051],[140.539859,36.589353],[140.539818,36.588933],[140.539827,36.588207],[140.540029,36.586577],[140.540169,36.585372],[140.540168,36.585217],[140.540138,36.585014],[140.540104,36.584825],[140.539463,36.582911],[140.539338,36.582535],[140.539318,36.582484],[140.539311,36.582465],[140.538966,36.581551],[140.538886,36.581165],[140.53887,36.580867],[140.538896,36.580724],[140.538976,36.580288],[140.539334,36.578765],[140.539495,36.578116],[140.539569,36.577789],[140.539645,36.57753],[140.539748,36.577037],[140.539973,36.576025],[140.540167,36.575344],[140.540207,36.575103],[140.540193,36.574954],[140.540121,36.574765],[140.540013,36.574585],[140.539589,36.573916],[140.539543,36.573841],[140.539091,36.573102],[140.538666,36.571932],[140.538358,36.571051],[140.538249,36.570719],[140.537476,36.568489],[140.537127,36.567506],[140.536829,36.566632],[140.536213,36.56491],[140.53591,36.564067],[140.535655,36.563582],[140.535304,36.562955],[140.535209,36.562754],[140.535128,36.562541],[140.534972,36.56202],[140.534558,36.560356],[140.534181,36.558834],[140.534012,36.558141],[140.53392,36.557747],[140.533883,36.557055],[140.533776,36.55623],[140.533362,36.553039],[140.533306,36.552577],[140.533153,36.551226],[140.533065,36.549633],[140.532936,36.546864],[140.5328,36.543797],[140.532702,36.541226],[140.532697,36.540428],[140.532716,36.539766],[140.532765,36.538926],[140.532905,36.537425],[140.533051,36.535863],[140.533355,36.532658],[140.533515,36.530899],[140.533838,36.530803],[140.534402,36.530573],[140.534552,36.53051],[140.534922,36.530353],[140.536016,36.529896],[140.536232,36.529827],[140.536661,36.529727],[140.537064,36.529667],[140.537804,36.52957],[140.53807,36.529531],[140.538698,36.529378],[140.539102,36.52925],[140.540871,36.528673],[140.541361,36.528516],[140.541471,36.528466],[140.541619,36.528362],[140.541691,36.528288],[140.541787,36.528116],[140.542299,36.526799],[140.54243,36.52646],[140.542627,36.525991],[140.542717,36.525884],[140.54277,36.525847],[140.542925,36.525799],[140.54313,36.52578],[140.54369,36.525827],[140.544422,36.525894],[140.545034,36.52595],[140.546303,36.526079],[140.54759,36.526217],[140.548858,36.52637],[140.550136,36.526525],[140.550391,36.526556],[140.551073,36.526641],[140.551408,36.52668],[140.551755,36.526719],[140.551831,36.526728],[140.552097,36.526759],[140.552552,36.526799],[140.553008,36.526761],[140.553405,36.526666],[140.553414,36.526607],[140.553464,36.526561],[140.553539,36.526448],[140.553597,36.526278],[140.553625,36.526186],[140.553714,36.526076],[140.554085,36.525899],[140.554343,36.525775],[140.554571,36.525631],[140.555036,36.525282],[140.555239,36.525121],[140.556413,36.525252],[140.557443,36.524746],[140.558075,36.524444],[140.558728,36.524123],[140.559072,36.523898],[140.559323,36.523649],[140.559461,36.523476],[140.559658,36.52313],[140.559778,36.522757],[140.55981,36.522336],[140.559798,36.522012],[140.559786,36.52179],[140.559766,36.521025],[140.559812,36.520739],[140.559865,36.520593],[140.559952,36.520444],[140.560081,36.520284],[140.560211,36.520156],[140.560369,36.520037],[140.561334,36.519563],[140.561894,36.519297],[140.562262,36.519124],[140.562421,36.519048],[140.562995,36.518785],[140.564264,36.51817],[140.564377,36.518116],[140.565574,36.517558],[140.565697,36.517515],[140.565845,36.517463],[140.566318,36.517346],[140.567336,36.517193],[140.567974,36.517096],[140.569248,36.516936],[140.5708,36.516753],[140.572122,36.516559],[140.572661,36.516446],[140.572878,36.516383],[140.572946,36.51636],[140.573197,36.516265],[140.573407,36.516165],[140.573711,36.515993],[140.574004,36.515772],[140.574898,36.514994],[140.575163,36.514776],[140.575714,36.514323],[140.576255,36.513879],[140.576901,36.513347],[140.577366,36.512912],[140.57754,36.512877],[140.5779,36.512721],[140.578156,36.512631],[140.5787,36.512488],[140.579226,36.512431],[140.579653,36.51239],[140.581102,36.51225],[140.5822,36.512144],[140.583343,36.512034],[140.58348,36.51202],[140.584017,36.511945],[140.585372,36.511834],[140.586864,36.511714],[140.588406,36.511555],[140.589651,36.511423],[140.589874,36.511438],[140.590052,36.51143],[140.590164,36.511389],[140.590451,36.511193],[140.591038,36.510908],[140.591591,36.510543],[140.593204,36.509355],[140.593832,36.508889],[140.595498,36.507623],[140.595911,36.507321],[140.596606,36.506946],[140.59695,36.506745],[140.597094,36.506634],[140.59729,36.50644],[140.59798,36.505429],[140.598354,36.505023],[140.598735,36.504445],[140.599072,36.503798],[140.599269,36.503522],[140.59978,36.502878],[140.600617,36.50189],[140.600958,36.501552],[140.601306,36.501104],[140.602157,36.49996],[140.603232,36.498608],[140.603732,36.49804],[140.604162,36.497592],[140.604601,36.497131],[140.604985,36.496699],[140.605369,36.496345],[140.605685,36.496122],[140.606365,36.495687],[140.607259,36.495078],[140.608145,36.494592],[140.608608,36.494467],[140.609054,36.494446],[140.609679,36.494451],[140.609882,36.494478],[140.61016,36.494546],[140.610618,36.49463],[140.610945,36.494646],[140.612219,36.494591],[140.612417,36.4946],[140.612543,36.494633],[140.613317,36.495337],[140.613399,36.495417],[140.613869,36.495754],[140.614078,36.495845],[140.614369,36.495898],[140.614379,36.495899],[140.614452,36.495908],[140.61451,36.495914],[140.614652,36.495401],[140.61471,36.495295],[140.614881,36.495104],[140.615654,36.494542],[140.615632,36.494517],[140.615548,36.494418],[140.615514,36.494379],[140.615053,36.493801],[140.614772,36.493414],[140.615266,36.493199],[140.615675,36.492878],[140.615097,36.492436]]},"properties":{"order":13,"from":"さとみ","to":"日立おさかなセンター","title":"さとみ → 日立おさかなセンター","distance_meters":31269,"duration_seconds":2572.5}},{"type":"Feature","geometry":{"type":"LineString","coordinates":[[140.615097,36.492436],[140.615675,36.492878],[140.615266,36.493199],[140.614772,36.493414],[140.615053,36.493801],[140.615514,36.494379],[140.615548,36.494418],[140.615632,36.494517],[140.615654,36.494542],[140.614881,36.495104],[140.61471,36.495295],[140.614652,36.495401],[140.61451,36.495914],[140.614452,36.495908],[140.614379,36.495899],[140.614369,36.495898],[140.614078,36.495845],[140.613869,36.495754],[140.613399,36.495417],[140.613317,36.495337],[140.612543,36.494633],[140.612417,36.4946],[140.612219,36.494591],[140.610945,36.494646],[140.610618,36.49463],[140.61016,36.494546],[140.609882,36.494478],[140.609679,36.494451],[140.609054,36.494446],[140.608608,36.494467],[140.608145,36.494592],[140.607259,36.495078],[140.606365,36.495687],[140.605685,36.496122],[140.605369,36.496345],[140.604985,36.496699],[140.604601,36.497131],[140.604162,36.497592],[140.603732,36.49804],[140.603232,36.498608],[140.602157,36.49996],[140.601306,36.501104],[140.600958,36.501552],[140.600617,36.50189],[140.59978,36.502878],[140.599269,36.503522],[140.599072,36.503798],[140.598735,36.504445],[140.598354,36.505023],[140.59798,36.505429],[140.59729,36.50644],[140.597094,36.506634],[140.59695,36.506745],[140.596606,36.506946],[140.595911,36.507321],[140.595498,36.507623],[140.593832,36.508889],[140.593204,36.509355],[140.591591,36.510543],[140.591038,36.510908],[140.590451,36.511193],[140.590164,36.511389],[140.590052,36.51143],[140.589874,36.511438],[140.589651,36.511423],[140.588406,36.511555],[140.586864,36.511714],[140.585372,36.511834],[140.584017,36.511945],[140.58348,36.51202],[140.583343,36.512034],[140.5822,36.512144],[140.581102,36.51225],[140.579653,36.51239],[140.579226,36.512431],[140.5787,36.512488],[140.578156,36.512631],[140.5779,36.512721],[140.57754,36.512877],[140.577366,36.512912],[140.576901,36.513347],[140.576255,36.513879],[140.575714,36.514323],[140.575163,36.514776],[140.574898,36.514994],[140.574004,36.515772],[140.573711,36.515993],[140.573407,36.516165],[140.573197,36.516265],[140.572946,36.51636],[140.572878,36.516383],[140.572661,36.516446],[140.572122,36.516559],[140.5708,36.516753],[140.570915,36.516329],[140.570923,36.516052],[140.570905,36.515989],[140.570792,36.515765],[140.570764,36.515493],[140.570843,36.515232],[140.57091,36.514851],[140.570992,36.514503],[140.570994,36.51446],[140.570975,36.514434],[140.570521,36.514373],[140.57009,36.514356],[140.569833,36.514363],[140.569256,36.514462],[140.568875,36.514497],[140.568302,36.514504],[140.568111,36.514506],[140.566823,36.51452],[140.565908,36.514526],[140.564818,36.514528],[140.563639,36.51452],[140.562905,36.514474],[140.56239,36.514413],[140.562282,36.514403],[140.561744,36.514342],[140.561357,36.51426],[140.561067,36.514183],[140.560578,36.514121],[140.559872,36.514152],[140.558626,36.514205],[140.557451,36.514242],[140.556744,36.514233],[140.556381,36.51422],[140.555047,36.514163],[140.55434,36.514147],[140.553786,36.514165],[140.552485,36.514213],[140.551493,36.514248],[140.551188,36.514259],[140.549892,36.514293],[140.549854,36.514295],[140.549004,36.514282],[140.548458,36.514252],[140.548307,36.514222],[140.548002,36.514642],[140.547915,36.514759],[140.547701,36.51503],[140.547624,36.515098],[140.547529,36.515152],[140.547332,36.515215],[140.547062,36.515221],[140.546554,36.515221],[140.546082,36.515242],[140.545884,36.515271],[140.544581,36.515533],[140.544159,36.515616],[140.542841,36.515886],[140.54227,36.51599],[140.542007,36.516033],[140.540895,36.516224],[140.54081,36.516239],[140.538786,36.516567],[140.53871,36.51658],[140.538088,36.51669],[140.537582,36.516845],[140.537044,36.517043],[140.536522,36.517227],[140.53559,36.517571],[140.535271,36.51763],[140.534206,36.517732],[140.533872,36.517787],[140.53372,36.517842],[140.532925,36.518377],[140.532815,36.518455],[140.532665,36.518554],[140.532512,36.518635],[140.532182,36.51877],[140.531612,36.51895],[140.530422,36.51703],[140.529193,36.515051],[140.529063,36.514865],[140.526866,36.511297],[140.526746,36.511346],[140.526225,36.511556],[140.526144,36.511383],[140.526016,36.510997],[140.525983,36.510901],[140.525769,36.510556],[140.525551,36.510339]]},"properties":{"order":14,"from":"日立おさかなセンター","to":"ひたちおおた","title":"日立おさかなセンター → ひたちおおた","distance_meters":10645,"duration_seconds":937.2}},{"type":"Feature","geometry":{"type":"LineString","coordinates":[[140.525551,36.510339],[140.525769,36.510556],[140.526163,36.510399],[140.526746,36.511346],[140.526866,36.511297],[140.525429,36.508978],[140.524357,36.507272],[140.523999,36.506726],[140.523839,36.506426],[140.52365,36.506031],[140.523503,36.505614],[140.523402,36.505117],[140.523346,36.504564],[140.523282,36.502958],[140.523247,36.502673],[140.523179,36.502441],[140.522857,36.50177],[140.522559,36.501353],[140.522397,36.501166],[140.521911,36.500772],[140.521616,36.500586],[140.521167,36.500377],[140.520524,36.500162],[140.518118,36.499581],[140.51783,36.499499],[140.517344,36.499326],[140.516847,36.499114],[140.516277,36.498817],[140.515971,36.498615],[140.515787,36.498488],[140.514359,36.497385],[140.513914,36.497014],[140.513364,36.496512],[140.512926,36.496057],[140.512473,36.495532],[140.512031,36.494949],[140.511441,36.493996],[140.511162,36.493412],[140.510915,36.492823],[140.510759,36.492396],[140.51058,36.49182],[140.510378,36.490929],[140.510027,36.48938],[140.509882,36.488739],[140.509779,36.488282],[140.509601,36.487519],[140.509129,36.485465],[140.508881,36.484477],[140.508496,36.483208],[140.506941,36.478969],[140.506302,36.477259],[140.506017,36.47644],[140.505587,36.474992],[140.50529,36.473716],[140.505137,36.472879],[140.504994,36.471775],[140.504939,36.471247],[140.504834,36.470169],[140.504767,36.469407],[140.50467,36.468311],[140.504516,36.466553],[140.504491,36.46618],[140.50444,36.465592],[140.504238,36.463916],[140.504211,36.463747],[140.504153,36.463463],[140.504017,36.46297],[140.503847,36.462503],[140.503708,36.462191],[140.502908,36.4604],[140.502647,36.459719],[140.502286,36.458596],[140.502136,36.458026],[140.50189,36.45684],[140.501772,36.455981],[140.501728,36.455468],[140.501695,36.454801],[140.50169,36.453819],[140.501691,36.453545],[140.501671,36.452609],[140.501681,36.449657],[140.501669,36.449235],[140.501667,36.448987],[140.501664,36.448669],[140.501655,36.448018],[140.501652,36.446055],[140.501644,36.445419],[140.50163,36.443757],[140.501608,36.442259],[140.501602,36.441152],[140.501536,36.440375],[140.501499,36.44009],[140.501347,36.439339],[140.501141,36.438638],[140.500782,36.43762],[140.500329,36.436518],[140.499957,36.435535],[140.499763,36.435035],[140.499498,36.434328],[140.499324,36.433866],[140.498531,36.431824],[140.498495,36.431727],[140.498094,36.430697],[140.498078,36.430648],[140.498014,36.430483],[140.497635,36.429463],[140.497302,36.428664],[140.497024,36.427904],[140.496493,36.426547],[140.496414,36.426331],[140.496157,36.425635],[140.495699,36.424512],[140.495341,36.423542],[140.494934,36.422501],[140.494599,36.421775],[140.49426,36.421179],[140.493859,36.420561],[140.493437,36.419988],[140.493086,36.419588],[140.492133,36.418555],[140.491291,36.417641],[140.490754,36.417051],[140.49,36.416227],[140.489181,36.415327],[140.488407,36.414498],[140.488278,36.414364],[140.487902,36.413948],[140.487609,36.413638],[140.487483,36.413501],[140.486851,36.41281],[140.485742,36.411582],[140.485584,36.411404],[140.485399,36.411204],[140.485326,36.411129],[140.483792,36.409477],[140.483649,36.409313],[140.48352,36.409167],[140.481389,36.406839],[140.480984,36.406338],[140.480823,36.406108],[140.480411,36.405479],[140.48006,36.404787],[140.479881,36.404352],[140.479685,36.403688],[140.479589,36.403226],[140.47949,36.402514],[140.47934,36.401609],[140.479153,36.400733],[140.478754,36.398796],[140.478637,36.398262],[140.478357,36.396875],[140.478234,36.396324],[140.477957,36.394955],[140.477843,36.394403],[140.477763,36.393993],[140.477678,36.393546],[140.477553,36.392972],[140.477392,36.39239],[140.477207,36.39193],[140.477014,36.39156],[140.476807,36.39123],[140.476698,36.39109],[140.4761,36.390382],[140.475605,36.389888],[140.474657,36.388889],[140.474547,36.388783],[140.472103,36.386229],[140.471728,36.38585],[140.471014,36.385086],[140.470673,36.384587],[140.470383,36.384106],[140.470027,36.383317],[140.469877,36.382875],[140.469843,36.382796],[140.469529,36.3822],[140.469298,36.381793],[140.46898,36.381169],[140.468369,36.380151],[140.467322,36.378471],[140.466878,36.377626],[140.466779,36.377338],[140.466575,36.377033],[140.465856,36.376368],[140.46566,36.376197],[140.465494,36.375989],[140.465364,36.375742],[140.465327,36.375621],[140.465288,36.375374],[140.465338,36.375132],[140.465437,36.374854],[140.465559,36.374583],[140.465859,36.37405],[140.46615,36.373654],[140.466382,36.373431],[140.466652,36.37323],[140.467036,36.372939],[140.468866,36.37163],[140.469268,36.371432],[140.469358,36.371364],[140.469463,36.371292],[140.469432,36.371124],[140.468416,36.368239],[140.468315,36.368107],[140.468172,36.367696],[140.467904,36.366997],[140.467824,36.366774],[140.467623,36.366224],[140.467667,36.366082],[140.467514,36.365727],[140.467271,36.365281],[140.46705,36.364926],[140.46681,36.364415],[140.466402,36.363197],[140.466335,36.362954],[140.465765,36.36097],[140.465541,36.36022],[140.465053,36.358463],[140.464874,36.357614],[140.464801,36.357132],[140.464758,36.356741],[140.466198,36.356304],[140.468606,36.355575],[140.469954,36.355161],[140.470774,36.354912],[140.472142,36.35451],[140.472994,36.354249],[140.473105,36.354219],[140.473089,36.354126],[140.472974,36.353451],[140.472877,36.35291],[140.472708,36.351983],[140.472579,36.3512],[140.472322,36.349674],[140.472235,36.34918],[140.472193,36.348968],[140.472022,36.347986],[140.471959,36.347623],[140.471882,36.347158],[140.471799,36.346654],[140.471649,36.34575],[140.47211,36.34558],[140.47315,36.345193],[140.473668,36.34499],[140.474468,36.344612],[140.475414,36.344101],[140.476972,36.343266],[140.478061,36.342683],[140.479663,36.341851],[140.479625,36.341751],[140.479533,36.341441],[140.479499,36.341253],[140.479479,36.341163],[140.479423,36.340892],[140.479376,36.340679],[140.479284,36.340434],[140.478948,36.339759],[140.478698,36.339288],[140.478491,36.33882],[140.478388,36.338557],[140.478278,36.338258],[140.478171,36.338025],[140.477962,36.337674],[140.476991,36.335677],[140.476954,36.335597],[140.476226,36.334064],[140.475982,36.333555],[140.475938,36.333458],[140.474989,36.331468],[140.474959,36.331405],[140.473955,36.32933],[140.473877,36.329171],[140.473868,36.32915],[140.473549,36.328489],[140.473314,36.327989],[140.472966,36.327248],[140.472857,36.327028],[140.47194,36.325134],[140.471657,36.324588],[140.471412,36.324022],[140.470939,36.323035],[140.470756,36.322584],[140.470508,36.321859],[140.470148,36.320696],[140.470037,36.320282],[140.469962,36.319781],[140.469885,36.319471],[140.4696,36.318826],[140.469275,36.318103],[140.468951,36.317438],[140.46888,36.317272],[140.468726,36.316903],[140.468718,36.316771],[140.468717,36.316463],[140.468745,36.31602],[140.468792,36.315654],[140.469018,36.315179],[140.46905,36.315032],[140.469055,36.314868],[140.469038,36.314752],[140.468783,36.312884],[140.46851,36.311013],[140.468313,36.309641],[140.468263,36.309273],[140.467911,36.307608],[140.467911,36.306824],[140.467935,36.306617],[140.468003,36.306356],[140.46804,36.306285],[140.468076,36.306197],[140.468111,36.306006],[140.468258,36.304843],[140.46828,36.304629],[140.46828,36.304223],[140.468276,36.304122],[140.46823,36.30339],[140.468147,36.302119],[140.468126,36.301653],[140.468195,36.300956],[140.468281,36.300229],[140.46832,36.299497],[140.468607,36.298363],[140.468651,36.298193],[140.468948,36.296758],[140.469077,36.29613],[140.469086,36.295867],[140.469019,36.29372],[140.469012,36.293579],[140.468989,36.292815],[140.468871,36.291812],[140.46883,36.291476],[140.468736,36.290638],[140.468702,36.290394],[140.46867,36.29028],[140.468635,36.2902],[140.468513,36.289988],[140.468153,36.289569],[140.466669,36.287922],[140.46646,36.287634],[140.466327,36.287371],[140.46626,36.287227],[140.466126,36.286378],[140.466065,36.286013],[140.465968,36.28574],[140.465742,36.285215],[140.465713,36.284996],[140.465653,36.284656],[140.465544,36.284172],[140.465486,36.28395],[140.465316,36.2836],[140.465032,36.283173],[140.46501,36.28315],[140.463872,36.282007],[140.463675,36.28177],[140.46354,36.281518],[140.463524,36.281485],[140.463316,36.280776],[140.463233,36.280619],[140.463101,36.280519],[140.462884,36.280447],[140.462577,36.280373],[140.462516,36.280336],[140.46174,36.280206],[140.461702,36.2802],[140.461448,36.280158],[140.461147,36.280076],[140.461065,36.28005],[140.460603,36.279885],[140.460022,36.279693],[140.459688,36.279632],[140.459276,36.279604],[140.459318,36.279196],[140.459609,36.278455],[140.459531,36.278116],[140.459532,36.278049],[140.459593,36.277842],[140.459596,36.277781],[140.459595,36.277273],[140.459597,36.277201],[140.459611,36.276869],[140.459601,36.276346],[140.459527,36.274311],[140.459482,36.274026],[140.459394,36.273764],[140.459117,36.273136],[140.459024,36.27282],[140.458987,36.272587],[140.458976,36.272516],[140.458705,36.271026],[140.458683,36.270929],[140.458652,36.27078],[140.458625,36.270459],[140.458653,36.270068],[140.458674,36.269855],[140.458687,36.269387],[140.458528,36.267173],[140.458569,36.266885],[140.458627,36.266728],[140.459442,36.26477],[140.459658,36.264215],[140.459685,36.264042],[140.45968,36.26394],[140.459597,36.263667],[140.459361,36.262994],[140.459245,36.262682],[140.459069,36.262253],[140.459047,36.262204],[140.458774,36.261521],[140.45862,36.261239],[140.458514,36.261102],[140.458358,36.26096],[140.458167,36.26086],[140.457248,36.260597],[140.456843,36.260457],[140.456537,36.260291],[140.456426,36.260207],[140.455945,36.259763],[140.455761,36.25954],[140.455686,36.259384],[140.455584,36.259047],[140.455508,36.258299],[140.455436,36.258116],[140.45531,36.257951],[140.455202,36.25785],[140.45502,36.257722],[140.454798,36.257625],[140.454578,36.257565],[140.4536,36.257365],[140.453346,36.257301],[140.453119,36.25724],[140.452659,36.257069],[140.452478,36.256981],[140.451968,36.256635],[140.451762,36.25643],[140.451538,36.256111],[140.45144,36.255888],[140.451389,36.255662],[140.451289,36.255162],[140.451061,36.254174],[140.450901,36.253677],[140.450686,36.253173],[140.450108,36.2519],[140.449805,36.251406],[140.449611,36.251117],[140.449449,36.250876],[140.449304,36.250597],[140.449253,36.250417],[140.449058,36.249414],[140.448937,36.248911],[140.448811,36.248454],[140.448583,36.247781],[140.44854,36.247581],[140.448488,36.247119],[140.448428,36.246541],[140.44831,36.24544],[140.448313,36.245255],[140.448348,36.24499],[140.448485,36.24401],[140.448567,36.243686],[140.448696,36.24337],[140.44879,36.243202],[140.449062,36.24282],[140.449228,36.242501],[140.449339,36.242158],[140.449401,36.241835],[140.449394,36.241239],[140.449275,36.239765],[140.449272,36.239387],[140.449302,36.239124],[140.449361,36.238936],[140.449384,36.238892],[140.449345,36.238838],[140.449339,36.238788],[140.449403,36.238096],[140.449411,36.237712],[140.449448,36.236621],[140.449467,36.235986],[140.449479,36.235411],[140.449462,36.234476],[140.44945,36.234201],[140.449395,36.232633],[140.44935,36.230009],[140.449292,36.229679],[140.449171,36.229193],[140.448943,36.228474],[140.448868,36.228226],[140.448728,36.227759],[140.448605,36.227448],[140.448259,36.227163],[140.447047,36.226094],[140.446607,36.22568],[140.444497,36.223656],[140.443907,36.223067],[140.443608,36.222678],[140.443404,36.222214],[140.443227,36.221733],[140.443202,36.221616],[140.442783,36.220126],[140.442525,36.21956],[140.442511,36.21939],[140.442616,36.218566],[140.442749,36.218176],[140.44291,36.21796],[140.443129,36.217719],[140.443385,36.217414],[140.443984,36.216644],[140.444437,36.216039],[140.444642,36.215792],[140.444823,36.215484],[140.445039,36.214752],[140.445087,36.214573],[140.445173,36.214311],[140.445331,36.213922],[140.44544,36.213571],[140.445541,36.213396],[140.445778,36.21313],[140.445818,36.213058],[140.445801,36.212942],[140.445184,36.211825],[140.445165,36.211792],[140.44497,36.211443],[140.44495,36.211408],[140.444772,36.211092],[140.444584,36.210759],[140.444404,36.210428],[140.444316,36.210262],[140.444149,36.209862],[140.44409,36.209654],[140.44397,36.208674],[140.443849,36.208087],[140.443804,36.207574],[140.44379,36.207024],[140.44373,36.206754],[140.443626,36.206482],[140.443601,36.20628],[140.443605,36.206086],[140.443579,36.205964],[140.443527,36.205851],[140.443453,36.205753],[140.443199,36.205509],[140.443001,36.205374],[140.442784,36.205157],[140.44247,36.204749],[140.442294,36.204567],[140.441945,36.204078],[140.441394,36.203274],[140.441237,36.203071],[140.441216,36.203037],[140.441162,36.20297],[140.440837,36.202682],[140.440396,36.202391],[140.439679,36.201915],[140.438491,36.201186],[140.438093,36.200932],[140.437676,36.200608],[140.437389,36.200393],[140.437221,36.200288],[140.436914,36.200136],[140.435795,36.199718],[140.434989,36.199427],[140.435258,36.199132],[140.435891,36.19865],[140.436146,36.198486],[140.437454,36.197809],[140.437598,36.197722],[140.43781,36.197526],[140.437903,36.197404],[140.438002,36.197146],[140.438023,36.197046],[140.437995,36.19517],[140.438072,36.194781],[140.438197,36.194355],[140.438225,36.193969],[140.43823,36.193711],[140.43819,36.193352],[140.438009,36.192707],[140.437924,36.192302],[140.437811,36.191216],[140.437811,36.19103],[140.437848,36.190649],[140.438377,36.188174],[140.438489,36.187698],[140.438632,36.187219],[140.438801,36.186869],[140.438989,36.186546],[140.439659,36.185721],[140.440056,36.185072],[140.440448,36.184338],[140.440681,36.183747],[140.440807,36.183569],[140.441006,36.183377],[140.441186,36.183253],[140.441427,36.183162],[140.441961,36.183002],[140.443012,36.182672],[140.442872,36.182528],[140.44271,36.182308],[140.442462,36.181905],[140.441803,36.180749],[140.441516,36.18025],[140.440497,36.178113],[140.440372,36.177559],[140.440147,36.176431],[140.439929,36.175653],[140.439706,36.174978],[140.438926,36.172612],[140.438671,36.171828],[140.438324,36.170748],[140.437897,36.169423],[140.437541,36.168315],[140.436851,36.166197],[140.436561,36.165148],[140.436494,36.164718],[140.436404,36.162985],[140.436398,36.162497],[140.436451,36.161867],[140.436415,36.16099],[140.436305,36.15989],[140.436249,36.159578],[140.436154,36.159203],[140.435874,36.158142],[140.435541,36.156999],[140.435136,36.155839],[140.434682,36.154801],[140.434514,36.154474],[140.434275,36.154168],[140.433301,36.153091],[140.433014,36.152824],[140.432836,36.152682],[140.432307,36.152386],[140.431228,36.151924],[140.431017,36.151773],[140.430763,36.151545],[140.430569,36.151364],[140.429253,36.150244],[140.426678,36.147916],[140.42649,36.147725],[140.426262,36.147428],[140.426071,36.147083],[140.425686,36.145978],[140.425638,36.145828],[140.425344,36.145007],[140.425054,36.144429],[140.424751,36.143918],[140.424478,36.143539],[140.424141,36.143122],[140.423759,36.142712],[140.422454,36.141518],[140.422202,36.141203],[140.422095,36.14101],[140.42201,36.140776],[140.421959,36.140527],[140.421945,36.140306],[140.421969,36.139914],[140.422042,36.138564],[140.422026,36.138282],[140.421978,36.138033],[140.421878,36.137697],[140.421816,36.137574],[140.421658,36.137272],[140.421617,36.137198],[140.421206,36.136392],[140.421083,36.136014],[140.420989,36.135219],[140.4209,36.134856],[140.420597,36.13386],[140.420261,36.132629],[140.420176,36.132304],[140.420106,36.132166],[140.420017,36.132059],[140.419912,36.131949],[140.419716,36.131801],[140.419268,36.131535],[140.419193,36.131475],[140.419091,36.131372],[140.418968,36.131202],[140.418055,36.129866],[140.417816,36.129581],[140.417242,36.128991],[140.417037,36.128748],[140.416977,36.128627],[140.416956,36.128531],[140.416967,36.128437],[140.417103,36.128008],[140.417476,36.127001],[140.417567,36.126769],[140.418002,36.125631],[140.418232,36.124679],[140.418263,36.124468],[140.41827,36.124262],[140.418226,36.123831],[140.418191,36.123574],[140.417807,36.122346],[140.417597,36.121767],[140.417479,36.121537],[140.41702,36.12085],[140.416524,36.120196],[140.416318,36.119894],[140.416195,36.119636],[140.416158,36.118865],[140.416113,36.117436],[140.416085,36.117221],[140.415963,36.116853],[140.415731,36.11627],[140.415586,36.115785],[140.41557,36.11563],[140.415491,36.114623],[140.415452,36.114401],[140.415406,36.114166],[140.41517,36.113268],[140.415155,36.113185],[140.415136,36.112267],[140.415094,36.111556],[140.415034,36.11118],[140.414973,36.111044],[140.414856,36.111017],[140.414764,36.111026],[140.414025,36.111194],[140.413378,36.11131],[140.413268,36.110792],[140.413026,36.10964],[140.412761,36.108322],[140.412725,36.108222],[140.412685,36.108179],[140.412888,36.107988],[140.413913,36.10704],[140.414075,36.106864],[140.414237,36.106698],[140.414963,36.106055],[140.415493,36.105535],[140.414335,36.105024],[140.413432,36.104799],[140.412847,36.104655],[140.411279,36.104243],[140.411074,36.104179],[140.410724,36.104],[140.410462,36.10377],[140.410347,36.103628],[140.410202,36.103387],[140.410038,36.102877],[140.409979,36.102739],[140.409818,36.102474],[140.409658,36.102281],[140.409175,36.10176],[140.40905,36.101602],[140.408734,36.101303],[140.408448,36.101101],[140.407569,36.100638],[140.407272,36.100536],[140.406201,36.100257],[140.405765,36.100105],[140.405541,36.10002],[140.405221,36.099915],[140.404896,36.099843],[140.404571,36.099805],[140.403635,36.099748],[140.403571,36.099731],[140.403446,36.099652],[140.403394,36.0996],[140.403351,36.099468],[140.403353,36.099385],[140.403391,36.099294],[140.403698,36.098691],[140.403754,36.09851],[140.403819,36.09802],[140.403912,36.097605],[140.404086,36.096659],[140.403891,36.096634],[140.403797,36.096584],[140.403661,36.096491]]},"properties":{"order":15,"from":"ひたちおおた","to":"たまつくり","title":"ひたちおおた → たまつくり","distance_meters":52729,"duration_seconds":3809.4}},{"type":"Feature","geometry":{"type":"LineString","coordinates":[[140.403661,36.096491],[140.403797,36.096584],[140.403891,36.096634],[140.404086,36.096659],[140.404163,36.096167],[140.403638,36.09581],[140.402953,36.095329],[140.402358,36.094926],[140.402304,36.094888],[140.393647,36.089015],[140.393588,36.088975],[140.392823,36.088471],[140.392269,36.088172],[140.391893,36.088015],[140.39149,36.087883],[140.391074,36.087773],[140.390948,36.08774],[140.390688,36.087686],[140.390317,36.087634],[140.389931,36.087598],[140.389201,36.087596],[140.388797,36.08763],[140.388394,36.087681],[140.388051,36.087749],[140.387575,36.087879],[140.387304,36.087965],[140.386984,36.088088],[140.386459,36.088344],[140.385318,36.088979],[140.384116,36.08965],[140.383411,36.090043],[140.382419,36.090597],[140.382162,36.090741],[140.381181,36.091278],[140.380624,36.09151],[140.380342,36.091595],[140.379806,36.091715],[140.379247,36.091788],[140.378681,36.091795],[140.37857,36.09179],[140.37823,36.091759],[140.37798,36.091719],[140.37673,36.091471],[140.376385,36.091425],[140.376013,36.091402],[140.375657,36.091397],[140.375304,36.091412],[140.374738,36.091473],[140.374484,36.091519],[140.37423,36.091573],[140.373679,36.091724],[140.373225,36.091891],[140.372728,36.092126],[140.371274,36.092947],[140.369269,36.094058],[140.368787,36.0943],[140.368233,36.094549],[140.367511,36.094849],[140.366765,36.095119],[140.365859,36.095402],[140.365234,36.09557],[140.363294,36.096104],[140.362227,36.096396],[140.361576,36.096555],[140.361174,36.096603],[140.360798,36.096595],[140.360503,36.096549],[140.360323,36.096505],[140.359639,36.096298],[140.359499,36.096251],[140.359326,36.096196],[140.355251,36.094891],[140.354387,36.094656],[140.353665,36.094544],[140.353314,36.09452],[140.352937,36.094515],[140.352375,36.094542],[140.351165,36.094675],[140.350796,36.094696],[140.349475,36.094693],[140.34893,36.094681],[140.34617,36.094637],[140.345587,36.094611],[140.344218,36.094517],[140.342937,36.094453],[140.342334,36.094476],[140.34208,36.09451],[140.340585,36.094671],[140.340028,36.094728],[140.339526,36.09475],[140.339236,36.094743],[140.338741,36.094701],[140.337354,36.094535],[140.336098,36.09438],[140.335553,36.094311],[140.335025,36.094245],[140.33445,36.094172],[140.334401,36.094458],[140.334341,36.094568],[140.334174,36.094681],[140.331044,36.096411],[140.330145,36.097012],[140.329592,36.097392],[140.328415,36.098465],[140.328285,36.098528],[140.328084,36.098794],[140.32727,36.099635],[140.326817,36.100111],[140.325867,36.101097],[140.325755,36.101195],[140.32535,36.10155],[140.325164,36.101713],[140.324426,36.102239],[140.324203,36.102396],[140.323855,36.102775],[140.323431,36.103279],[140.323301,36.1034],[140.323109,36.103569],[140.322803,36.103787],[140.322671,36.10388],[140.32119,36.10464],[140.320152,36.105115],[140.319502,36.105387],[140.319036,36.105577],[140.31861,36.105765],[140.318195,36.105949],[140.317448,36.106279],[140.31679,36.10657],[140.316551,36.106709],[140.316105,36.106968],[140.315334,36.107478],[140.314148,36.108438],[140.313513,36.10806],[140.313171,36.107914],[140.312953,36.107821],[140.312704,36.107941],[140.312167,36.108146],[140.309932,36.108879],[140.309098,36.109193],[140.30805,36.1096],[140.307173,36.109936],[140.306695,36.110039],[140.306041,36.110146],[140.30552,36.110267],[140.304948,36.110451],[140.304355,36.11061],[140.303471,36.110878],[140.30339,36.110909],[140.301809,36.111529],[140.301089,36.111738],[140.298039,36.112646],[140.29765,36.11274],[140.297019,36.112766],[140.295006,36.112726],[140.292716,36.112707],[140.291412,36.112687],[140.29047,36.112666],[140.288554,36.112647],[140.2884,36.112664],[140.288122,36.112695],[140.286694,36.113049],[140.28559,36.113321],[140.283925,36.113729],[140.282102,36.114176],[140.281232,36.114383],[140.279414,36.11486],[140.277846,36.115271],[140.277216,36.115381],[140.276889,36.115364],[140.276745,36.115326],[140.275715,36.11516],[140.27522,36.115093],[140.274998,36.115104],[140.274765,36.115144],[140.273981,36.115361],[140.273155,36.115576],[140.272112,36.115848],[140.271055,36.116124],[140.269271,36.116594],[140.267599,36.117034],[140.266446,36.11733],[140.26469,36.117774],[140.264518,36.117818],[140.263411,36.11811],[140.262682,36.118297],[140.262079,36.118452],[140.26161,36.11858],[140.26056,36.118848],[140.258684,36.119319],[140.255905,36.120037],[140.255655,36.120105],[140.254493,36.120365],[140.254071,36.120458],[140.25312,36.120656],[140.252528,36.120779],[140.252192,36.120835],[140.251908,36.120878],[140.251885,36.120881],[140.251006,36.120988],[140.250635,36.121002],[140.25059,36.1212],[140.250546,36.121667],[140.250536,36.121805],[140.250568,36.121921],[140.250543,36.121953],[140.250303,36.122131],[140.250153,36.122168],[140.249477,36.122263],[140.24922,36.121858],[140.249103,36.121702],[140.249023,36.121623],[140.248347,36.12111],[140.248073,36.120804],[140.247765,36.120934],[140.246983,36.121268],[140.246511,36.121497],[140.245933,36.121744],[140.245284,36.121997],[140.244562,36.122254],[140.244094,36.12239],[140.243859,36.122471],[140.243397,36.122619],[140.242591,36.122878],[140.242131,36.123055],[140.2418,36.123182],[140.240991,36.12343],[140.240599,36.123578],[140.239592,36.123893],[140.238852,36.124137],[140.23877,36.124166],[140.237297,36.124658],[140.235782,36.125157],[140.234273,36.125635],[140.233761,36.125796],[140.233039,36.126022],[140.232073,36.126347],[140.231419,36.126561],[140.231352,36.126583],[140.231002,36.126687],[140.230571,36.126861],[140.230388,36.126967],[140.230202,36.127086],[140.230026,36.127223],[140.22967,36.127572],[140.228719,36.12858],[140.22782,36.129537],[140.226787,36.130634],[140.226154,36.131318],[140.225845,36.131165],[140.225803,36.131144],[140.224409,36.130428],[140.223359,36.129898],[140.22257,36.129499],[140.22061,36.128506],[140.220281,36.12834],[140.219544,36.12797],[140.218887,36.127634],[140.218119,36.127186],[140.217832,36.126988],[140.217267,36.12657],[140.216875,36.126284],[140.215944,36.125517],[140.214952,36.124621],[140.213668,36.12335],[140.213599,36.123177],[140.212811,36.122182],[140.21155,36.120457],[140.210919,36.119721],[140.210636,36.119447],[140.209978,36.118857],[140.2084,36.117657],[140.201621,36.112498],[140.201341,36.112296],[140.200513,36.111601],[140.199987,36.111141],[140.199315,36.110497],[140.199182,36.110258],[140.198423,36.109338],[140.197817,36.108514],[140.197734,36.108411],[140.19768,36.108447],[140.197426,36.108616],[140.197359,36.108661],[140.196801,36.109046],[140.196118,36.109629],[140.195513,36.11024],[140.194966,36.1109],[140.194651,36.111333],[140.193962,36.112457],[140.193758,36.112752],[140.193141,36.113487],[140.192657,36.113978],[140.192179,36.114391],[140.191656,36.114784],[140.191169,36.115115],[140.190547,36.115517],[140.18971,36.115956],[140.189454,36.116052],[140.189235,36.116089],[140.189001,36.116087],[140.18843,36.116004],[140.188226,36.115999],[140.188053,36.116022],[140.187903,36.116088],[140.187836,36.116134],[140.187732,36.116257],[140.187671,36.116468],[140.187688,36.116629],[140.187717,36.116719],[140.187763,36.116824],[140.187894,36.11701],[140.188068,36.117227],[140.188166,36.117377],[140.188266,36.117596],[140.188283,36.117687],[140.188283,36.117843],[140.18825,36.117976],[140.188222,36.118043],[140.188133,36.118168],[140.187997,36.118292],[140.187914,36.118346],[140.187756,36.118417],[140.187633,36.118447],[140.187213,36.118659],[140.187161,36.118685],[140.187116,36.118708],[140.186599,36.11897],[140.18605,36.11915],[140.185763,36.119213],[140.185466,36.11922],[140.185223,36.119183],[140.184995,36.119102],[140.184721,36.118932],[140.184643,36.118865],[140.184272,36.118431],[140.184128,36.118233],[140.183763,36.117738],[140.183455,36.11743],[140.182095,36.115508],[140.180454,36.113049],[140.179567,36.111647],[140.179043,36.110763],[140.178505,36.109815],[140.177588,36.108073],[140.176272,36.105318],[140.175859,36.104509],[140.175213,36.103413],[140.174833,36.102838],[140.174396,36.102228],[140.173748,36.101397],[140.173297,36.100867],[140.172746,36.100269],[140.172177,36.099702],[140.171723,36.099274],[140.170997,36.098638],[140.170187,36.097989],[140.168966,36.097119],[140.168235,36.096643],[140.165524,36.094976],[140.164548,36.094337],[140.163733,36.093781],[140.162223,36.092626],[140.162061,36.092485],[140.161309,36.091849],[140.160755,36.091343],[140.159642,36.090269],[140.159023,36.089603],[140.158379,36.088864],[140.157769,36.088121],[140.157486,36.087748],[140.156806,36.086788],[140.156494,36.086305],[140.156175,36.085766],[140.155828,36.085105],[140.155488,36.084327],[140.1553,36.0838],[140.15513,36.083241],[140.154946,36.082473],[140.154806,36.081661],[140.154741,36.080976],[140.154719,36.080447],[140.154731,36.079282],[140.154803,36.078204],[140.154911,36.077207],[140.155026,36.076477],[140.155168,36.075738],[140.155428,36.074651],[140.155603,36.074023],[140.155863,36.073166],[140.156928,36.070141],[140.157181,36.069326],[140.15737,36.06861],[140.157577,36.067604],[140.157714,36.066618],[140.157754,36.066125],[140.157782,36.065447],[140.157787,36.065048],[140.157746,36.064087],[140.157688,36.063439],[140.157594,36.062733],[140.157294,36.06134],[140.15706,36.060552],[140.156807,36.059824],[140.156348,36.058725],[140.155747,36.05756],[140.154766,36.055928],[140.153672,36.054217],[140.152505,36.052599],[140.151427,36.051194],[140.150679,36.050272],[140.149548,36.048952],[140.149304,36.04868],[140.148465,36.047765],[140.147508,36.046766],[140.146715,36.045978],[140.145124,36.04445],[140.144368,36.043783],[140.143366,36.042923],[140.142288,36.042049],[140.140968,36.041011],[140.139373,36.039824],[140.137667,36.038658],[140.136967,36.038202],[140.136248,36.037762],[140.135095,36.037102],[140.133699,36.036425],[140.132998,36.036114],[140.132083,36.035733],[140.131447,36.03541],[140.130001,36.034846],[140.129705,36.034716],[140.129241,36.034459],[140.129096,36.034357],[140.128754,36.034072],[140.128576,36.033911],[140.127575,36.03291],[140.127396,36.032696],[140.127242,36.032469],[140.127122,36.032237],[140.127037,36.032012],[140.126976,36.031763],[140.126856,36.03141],[140.126744,36.031216],[140.126676,36.031131],[140.126603,36.031064],[140.126451,36.030968],[140.126262,36.030897],[140.126151,36.030876],[140.126035,36.030865],[140.125804,36.03088],[140.125578,36.030942],[140.125473,36.030992],[140.125271,36.031139],[140.125023,36.031407],[140.12488,36.031609],[140.12468,36.03196],[140.124454,36.032292],[140.124344,36.032438],[140.124022,36.032791],[140.123669,36.033097],[140.123106,36.033504],[140.122969,36.03365],[140.120984,36.034974],[140.12023,36.035437],[140.119659,36.035764],[140.117842,36.036773],[140.116195,36.037741],[140.1153,36.03829],[140.113561,36.039472],[140.112876,36.039976],[140.111835,36.040788],[140.1105,36.041895],[140.109896,36.042444],[140.109278,36.04305],[140.108786,36.043573],[140.108249,36.044214],[140.107972,36.044572],[140.107583,36.045103],[140.107195,36.045727],[140.106921,36.046221],[140.106642,36.046779],[140.105955,36.048305],[140.105505,36.04925],[140.105052,36.050012],[140.10475,36.050467],[140.104172,36.051214],[140.103827,36.051597],[140.103442,36.051986],[140.102638,36.052704],[140.102057,36.053145],[140.10134,36.053622],[140.100705,36.053998],[140.100269,36.05423],[140.099796,36.054457],[140.099265,36.054679],[140.09822,36.055061],[140.097756,36.055205],[140.096591,36.055517],[140.091856,36.056583],[140.089055,36.057216],[140.087756,36.057466],[140.08681,36.05761],[140.085961,36.05771],[140.084392,36.057834],[140.084223,36.057839],[140.083485,36.057865],[140.08276,36.057869],[140.08182,36.057843],[140.080931,36.057789],[140.080103,36.057716],[140.073695,36.057017],[140.069497,36.056553],[140.067651,36.056349],[140.06039,36.055556],[140.059361,36.055471],[140.058144,36.05541],[140.057145,36.055396],[140.056349,36.055417],[140.054958,36.055503],[140.053958,36.055605],[140.052984,36.055748],[140.052277,36.055869],[140.051789,36.055973],[140.05157,36.056021],[140.050575,36.056258],[140.049549,36.056547],[140.048661,36.056831],[140.048078,36.057041],[140.046514,36.057663],[140.04586,36.05793],[140.042691,36.059293],[140.041096,36.059939],[140.039805,36.060471],[140.027582,36.065583],[140.025125,36.066624],[140.021483,36.068119],[140.020457,36.068565],[140.019848,36.06885],[140.019292,36.069146],[140.018587,36.069559],[140.018035,36.069905],[140.017482,36.070292],[140.016487,36.071075],[140.015908,36.07161],[140.015427,36.072085],[140.01504,36.072501],[140.014298,36.073419],[140.013926,36.073935],[140.012955,36.075469],[140.012653,36.075919],[140.012334,36.076344],[140.011668,36.077066],[140.011258,36.077445],[140.01086,36.077783],[140.01029,36.078198],[140.009757,36.07855],[140.009287,36.078817],[140.008333,36.079291],[140.007813,36.079499],[140.007316,36.079678],[140.006814,36.079835],[140.006233,36.079987],[140.005708,36.080101],[140.00514,36.080203],[140.004045,36.080321],[140.003455,36.080345],[140.002884,36.080346],[140.001736,36.080281],[139.987165,36.078656],[139.98683,36.078619],[139.98558,36.078432],[139.984766,36.078304],[139.98446,36.078224],[139.984251,36.078152],[139.984088,36.078053],[139.98396,36.077919],[139.983883,36.077793],[139.98376,36.077374],[139.98368,36.077251],[139.983588,36.077175],[139.983441,36.077091],[139.983266,36.077047],[139.983116,36.077045],[139.982939,36.077077],[139.982813,36.07714],[139.982709,36.077216],[139.982564,36.077422],[139.982413,36.077872],[139.98233,36.078114],[139.982199,36.078536],[139.982186,36.078703],[139.982199,36.078857],[139.98225,36.079008],[139.982349,36.079156],[139.982494,36.079281],[139.982709,36.079387],[139.98301,36.079476],[139.984067,36.079566],[139.984506,36.079644],[139.984765,36.079729],[139.984938,36.07984],[139.985064,36.079971],[139.985126,36.080066],[139.985179,36.080249],[139.985172,36.080499],[139.98503,36.081193],[139.984908,36.081642],[139.984882,36.081879],[139.984659,36.082492],[139.98417,36.084051],[139.984082,36.084437],[139.984029,36.084926],[139.98413,36.084931],[139.984174,36.084522],[139.984295,36.084367],[139.984686,36.083132],[139.985171,36.083246]]},"properties":{"order":16,"from":"たまつくり","to":"常総","title":"たまつくり → 常総","distance_meters":52154,"duration_seconds":3636.8}},{"type":"Feature","geometry":{"type":"LineString","coordinates":[[139.985171,36.083246],[139.984686,36.083132],[139.984856,36.082576],[139.985009,36.082188],[139.985474,36.081159],[139.985584,36.081042],[139.985705,36.080968],[139.985938,36.08089],[139.986272,36.080846],[139.986578,36.080761],[139.98663,36.080757],[139.98682,36.080794],[139.986915,36.080632],[139.987172,36.080271],[139.987264,36.080102],[139.987323,36.079947],[139.987564,36.079229],[139.98767,36.078861],[139.987721,36.077999],[139.987826,36.07762],[139.988652,36.075164],[139.987894,36.075102],[139.987293,36.075052],[139.987381,36.074789],[139.988997,36.069935],[139.989513,36.068445],[139.989756,36.067772],[139.990271,36.066493],[139.990486,36.065967],[139.991326,36.063948],[139.991669,36.0632],[139.991751,36.063006],[139.992617,36.060969],[139.993382,36.059168],[139.994169,36.057335],[139.994934,36.055525],[139.995434,36.054396],[139.995628,36.053946],[139.995738,36.053699],[139.99584,36.053455],[139.99639,36.05214],[139.997157,36.050341],[139.997925,36.04853],[139.99837,36.047555],[139.998632,36.046935],[139.998863,36.046281],[139.998953,36.045965],[139.999052,36.045558],[139.999137,36.045046],[139.999564,36.04223],[139.999689,36.041412],[139.999769,36.041082],[139.999849,36.040845],[140.00005,36.040375],[140.000417,36.0398],[140.000722,36.039431],[140.000885,36.039264],[140.001836,36.038422],[140.002185,36.038032],[140.002465,36.037623],[140.00265,36.037257],[140.00269,36.03716],[140.002845,36.036679],[140.0029,36.036408],[140.002916,36.036186],[140.002923,36.035907],[140.002811,36.033388],[140.002788,36.032907],[140.002731,36.032515],[140.002667,36.032236],[140.002459,36.031667],[140.002292,36.031341],[140.002119,36.031055],[140.001136,36.02963],[140.000941,36.029285],[140.000873,36.029131],[140.000726,36.028667],[140.000663,36.028207],[140.000668,36.027748],[140.000719,36.027425],[140.000734,36.027356],[140.000801,36.027091],[140.001102,36.026152],[140.00115,36.025904],[140.001179,36.02559],[140.001176,36.025265],[140.001154,36.024965],[140.001082,36.024644],[140.0009,36.024023],[140.001346,36.023905],[140.001887,36.023721],[140.00203,36.023666],[140.002298,36.023531],[140.002457,36.023434],[140.002614,36.02331],[140.002922,36.023009],[140.003242,36.022682],[140.003774,36.022156],[140.003784,36.022145],[140.003864,36.022063],[140.004069,36.021859],[140.004418,36.021443],[140.004988,36.020681],[140.005045,36.020614],[140.006451,36.018731],[140.006536,36.018621],[140.006762,36.018316],[140.006982,36.018056],[140.007218,36.017841],[140.007485,36.017651],[140.007784,36.017485],[140.007966,36.01741],[140.00817,36.017338],[140.008976,36.017108],[140.00935,36.016953],[140.009514,36.016858],[140.009782,36.016669],[140.009896,36.016556],[140.010059,36.016354],[140.010222,36.016096],[140.010274,36.015973],[140.010748,36.014407],[140.011266,36.012643],[140.011275,36.012623],[140.011623,36.011449],[140.011684,36.011244],[140.011758,36.011009],[140.012493,36.008541],[140.012624,36.008094],[140.013184,36.006188],[140.013891,36.003833],[140.01396,36.003591],[140.01424,36.00263],[140.014346,36.002267],[140.014635,36.001293],[140.014761,36.000876],[140.015336,35.999],[140.016279,35.995784],[140.016655,35.994486],[140.01698,35.993403],[140.01756,35.991462],[140.017692,35.991012],[140.017831,35.990545],[140.01793,35.990213],[140.018417,35.988565],[140.018754,35.987414],[140.018972,35.98667],[140.019169,35.986022],[140.019325,35.985479],[140.01941,35.98518],[140.019449,35.985047],[140.019574,35.984625],[140.019619,35.984465],[140.02,35.983192],[140.020036,35.983074],[140.020568,35.981302],[140.020879,35.980254],[140.021109,35.979471],[140.021602,35.977714],[140.021751,35.977216],[140.021983,35.976461],[140.022212,35.97578],[140.022362,35.975451],[140.022379,35.975427],[140.022449,35.975327],[140.02247,35.975296],[140.022581,35.975169],[140.022781,35.975007],[140.022926,35.974924],[140.023207,35.974809],[140.02323,35.974799],[140.024353,35.97433],[140.024624,35.974195],[140.025195,35.973843],[140.025548,35.973575],[140.025983,35.973182],[140.026277,35.972863],[140.026372,35.972752],[140.026933,35.971956],[140.028119,35.970193],[140.028337,35.969871],[140.028721,35.969409],[140.028947,35.969175],[140.029432,35.968758],[140.029593,35.96864],[140.03002,35.96835],[140.030496,35.968074],[140.031499,35.967513],[140.032506,35.966936],[140.033494,35.966393],[140.034121,35.966047],[140.035505,35.965282],[140.037542,35.964162],[140.038133,35.963823],[140.038705,35.963495],[140.039001,35.96333],[140.039492,35.963056],[140.040531,35.962483],[140.041458,35.961971],[140.04149,35.961953],[140.042452,35.961414],[140.04347,35.960853],[140.044942,35.960066],[140.045415,35.959806],[140.045863,35.959552],[140.046554,35.959164],[140.046964,35.958919],[140.047071,35.958834],[140.047144,35.958745],[140.04745,35.958237],[140.047541,35.958077],[140.047833,35.957583],[140.04835,35.956643],[140.048582,35.956219],[140.048747,35.955911],[140.048851,35.955721],[140.04931,35.954885],[140.049975,35.953675],[140.050032,35.953588],[140.050193,35.953394],[140.050596,35.953029],[140.051351,35.952351],[140.051765,35.951981],[140.052176,35.951609],[140.052458,35.951357],[140.053177,35.950726],[140.05379,35.950183],[140.054274,35.949753],[140.055266,35.948868],[140.055461,35.948702],[140.055608,35.94857],[140.05699,35.947348],[140.057047,35.9473],[140.057857,35.946579],[140.058504,35.945856],[140.059346,35.944872],[140.059825,35.944311],[140.060087,35.943997],[140.060491,35.943517],[140.061191,35.942696],[140.061252,35.942627],[140.062336,35.94136],[140.06257,35.941096],[140.062879,35.940792],[140.063355,35.940421],[140.063723,35.940151],[140.064034,35.939891],[140.064325,35.939601],[140.06509,35.938706],[140.065128,35.938661],[140.066354,35.937216],[140.066556,35.937014],[140.066729,35.936921],[140.066821,35.936893],[140.067048,35.936872],[140.067561,35.93688],[140.067711,35.936881],[140.068035,35.936883],[140.068298,35.93689],[140.068559,35.936878],[140.068793,35.936843],[140.069063,35.936765],[140.069318,35.936667],[140.069638,35.936478],[140.069996,35.936155],[140.070165,35.935935],[140.070285,35.935715],[140.070379,35.935438],[140.070487,35.934437],[140.070494,35.934361],[140.070546,35.933822],[140.070554,35.933745],[140.070593,35.933404],[140.070663,35.932674],[140.070693,35.932391],[140.070745,35.931821],[140.07075,35.931761],[140.070805,35.931194],[140.070903,35.930201],[140.070909,35.930133],[140.071008,35.92968],[140.071135,35.929319],[140.071218,35.929137],[140.071315,35.928946],[140.07161,35.928494],[140.071773,35.928289],[140.072031,35.928018],[140.072419,35.92769],[140.072817,35.927384],[140.073364,35.926966],[140.073629,35.926764],[140.07413,35.92638],[140.073638,35.92564],[140.07339,35.925262],[140.072353,35.923892],[140.072314,35.923831],[140.072059,35.92354],[140.071659,35.92318],[140.070829,35.92239],[140.070776,35.922291],[140.070494,35.921273],[140.070471,35.921197],[140.070304,35.920639],[140.070303,35.920634],[140.070291,35.920561],[140.070289,35.920551],[140.069647,35.920347],[140.06928,35.92016],[140.068983,35.919909],[140.068841,35.919728],[140.068318,35.91932],[140.067162,35.918911],[140.066911,35.918915],[140.066643,35.918945],[140.066386,35.919005],[140.065878,35.918196],[140.064933,35.91675],[140.064812,35.916602],[140.064558,35.91636],[140.063989,35.915945],[140.063632,35.915744],[140.063276,35.915365],[140.062605,35.914833],[140.062316,35.914823],[140.062026,35.914852],[140.061902,35.914557],[140.061792,35.914218],[140.061741,35.914062],[140.061618,35.913732],[140.061764,35.913493],[140.062043,35.913036],[140.062122,35.912842],[140.062107,35.912481],[140.062054,35.912406],[140.062112,35.911972],[140.06208,35.91184],[140.062021,35.911485],[140.062123,35.911107],[140.062359,35.910633],[140.062396,35.910551],[140.062595,35.910358],[140.062618,35.910301],[140.06267,35.910177],[140.06267,35.910025],[140.062536,35.909752],[140.062341,35.909415],[140.062077,35.908938],[140.061808,35.908525],[140.061737,35.908407],[140.061508,35.908015],[140.061494,35.907927],[140.061468,35.907394],[140.061468,35.907197],[140.061518,35.907031],[140.061517,35.906683],[140.06144,35.906482],[140.060986,35.905849],[140.060869,35.905694],[140.060686,35.905238],[140.060326,35.904805],[140.060768,35.904518],[140.061769,35.903883],[140.062035,35.903715],[140.062901,35.903163],[140.063259,35.902937],[140.063582,35.902737],[140.063995,35.902481],[140.064082,35.902426],[140.063654,35.90198],[140.063364,35.901572],[140.062915,35.900829],[140.062588,35.900266],[140.062195,35.899578],[140.061455,35.898336],[140.060907,35.897466],[140.060455,35.896767],[140.060173,35.896353],[140.060067,35.896209],[140.05977,35.895854],[140.059152,35.895047],[140.058774,35.894544],[140.052804,35.886689],[140.05238,35.886213],[140.052092,35.885958],[140.05165,35.885623],[140.051438,35.885477],[140.051356,35.885425],[140.050925,35.885209],[140.050364,35.884958],[140.047649,35.883967],[140.047043,35.883697],[140.046564,35.883439],[140.045968,35.883058],[140.044056,35.881703],[140.043199,35.881187],[140.04255,35.880839],[140.04109,35.880098],[140.040882,35.87999],[140.04036,35.879724],[140.04013,35.879611],[140.039546,35.879388],[140.039233,35.879307],[140.038741,35.879201],[140.037949,35.879066],[140.036666,35.878839],[140.03562,35.878656],[140.035253,35.878543],[140.034434,35.878356],[140.0339,35.878212],[140.033246,35.878056],[140.033059,35.878],[140.032684,35.877856],[140.032508,35.877752],[140.032168,35.877459],[140.031477,35.876555],[140.030854,35.875714],[140.030095,35.874683],[140.030003,35.874516],[140.029857,35.874173],[140.029785,35.873874],[140.029604,35.872892],[140.029499,35.872378],[140.029486,35.87222],[140.029427,35.872003],[140.029347,35.871808],[140.029248,35.871608],[140.029058,35.871342],[140.028239,35.870441],[140.02763,35.869766],[140.027417,35.869459],[140.027256,35.869163],[140.027088,35.868695],[140.027052,35.868555],[140.027031,35.867825],[140.027027,35.867511],[140.027014,35.867012],[140.027003,35.866237],[140.026992,35.865706],[140.026987,35.865446],[140.026983,35.865289],[140.026965,35.864707],[140.02694,35.864401],[140.026913,35.864249],[140.026822,35.863828],[140.026752,35.863618],[140.026576,35.863215],[140.026368,35.862755],[140.026355,35.862727],[140.025917,35.86175],[140.024099,35.857526],[140.02399,35.85728],[140.023605,35.856409],[140.023509,35.856443],[140.023882,35.85731],[140.023763,35.857348],[140.023605,35.857373],[140.023475,35.857372],[140.023297,35.857364],[140.023171,35.857335],[140.023108,35.857302],[140.023065,35.857252],[140.023013,35.85733],[140.02306,35.857784]]},"properties":{"order":17,"from":"常総","to":"しょうなん","title":"常総 → しょうなん","distance_meters":30938,"duration_seconds":2668.7}},{"type":"Feature","geometry":{"type":"LineString","coordinates":[[140.02306,35.857784],[140.023013,35.85733],[140.023065,35.857252],[140.023025,35.857208],[140.022992,35.857098],[140.022973,35.856933],[140.022891,35.85664],[140.023118,35.856569],[140.023509,35.856443],[140.023605,35.856409],[140.023185,35.855461],[140.023056,35.85519],[140.022992,35.855053],[140.022807,35.854753],[140.022569,35.854301],[140.022236,35.853842],[140.022184,35.853777],[140.02205,35.853636],[140.021782,35.853405],[140.021359,35.853102],[140.021248,35.853024],[140.018061,35.850805],[140.017395,35.850319],[140.016739,35.849881],[140.016518,35.849711],[140.016257,35.84946],[140.015707,35.848801],[140.014323,35.847135],[140.014103,35.846934],[140.013696,35.846649],[140.013599,35.846583],[140.011957,35.845488],[140.011812,35.845392],[140.011612,35.845258],[140.011342,35.845079],[140.010713,35.844657],[140.010088,35.844232],[140.00972,35.843882],[140.009466,35.843493],[140.009373,35.843301],[140.009088,35.842724],[140.008792,35.84216],[140.008698,35.841988],[140.008641,35.841881],[140.008295,35.841212],[140.008184,35.840988],[140.008137,35.840895],[140.007667,35.839935],[140.007659,35.83992],[140.006937,35.838482],[140.006543,35.837684],[140.006538,35.837668],[140.006459,35.837526],[140.006339,35.837284],[140.00702,35.836619],[140.007302,35.836347],[140.008251,35.835405],[140.011174,35.832635],[140.012868,35.830936],[140.013516,35.830308],[140.01512,35.828743],[140.016316,35.827598],[140.017479,35.826454],[140.017945,35.826004],[140.019475,35.824511],[140.019741,35.824254],[140.020229,35.823789],[140.021947,35.822131],[140.02261,35.821482],[140.023352,35.820768],[140.024604,35.819569],[140.025124,35.819073],[140.025661,35.81856],[140.026732,35.817524],[140.02838,35.815922],[140.028871,35.815445],[140.028969,35.815353],[140.0291,35.815223],[140.029573,35.814769],[140.029659,35.814686],[140.030149,35.814208],[140.031205,35.813176],[140.031652,35.81278],[140.032189,35.812251],[140.032752,35.811751],[140.033042,35.811524],[140.033436,35.811214],[140.033649,35.81109],[140.034332,35.810693],[140.035331,35.810161],[140.0366,35.809478],[140.036665,35.809442],[140.037548,35.808961],[140.038366,35.808513],[140.039663,35.807824],[140.041137,35.807546],[140.042252,35.807343],[140.042651,35.807258],[140.043509,35.807037],[140.043548,35.807025],[140.044229,35.806872],[140.044509,35.806786],[140.044724,35.806701],[140.044971,35.806515],[140.045908,35.805734],[140.045929,35.805716],[140.046451,35.805263],[140.046917,35.804872],[140.047128,35.804711],[140.047316,35.804535],[140.048103,35.803704],[140.048593,35.803196],[140.048495,35.803072],[140.05151,35.801447],[140.052478,35.800932],[140.053145,35.800575],[140.054257,35.799969],[140.054475,35.799852],[140.056394,35.798823],[140.057097,35.79844],[140.059489,35.797159],[140.060094,35.796834],[140.0603,35.796707],[140.060809,35.796397],[140.061486,35.795913],[140.062792,35.79495],[140.063197,35.794665],[140.06368,35.794306],[140.064039,35.794041],[140.067154,35.791728],[140.067724,35.791315],[140.069363,35.790118],[140.069851,35.789762],[140.071015,35.788905],[140.073597,35.787009],[140.074553,35.786304],[140.07485,35.786079],[140.076358,35.784956],[140.077211,35.784331],[140.081403,35.781236],[140.082785,35.780216],[140.083992,35.779332],[140.088265,35.776175],[140.090492,35.77454],[140.091038,35.774133],[140.09643,35.770152],[140.097209,35.76956],[140.097359,35.76943],[140.098068,35.76876],[140.097971,35.768723],[140.097754,35.768632],[140.097473,35.768525],[140.097387,35.768491],[140.096813,35.768312],[140.095305,35.767852],[140.094601,35.767633],[140.094297,35.767536],[140.094071,35.767416],[140.093882,35.767265],[140.093557,35.767002],[140.092931,35.766496],[140.092408,35.766068],[140.092198,35.765898],[140.092117,35.765814],[140.091994,35.765655],[140.091954,35.765564],[140.091737,35.764515],[140.091455,35.763293],[140.091271,35.762689],[140.091077,35.762229],[140.090436,35.761081],[140.090223,35.76076],[140.089992,35.760455],[140.089324,35.759576],[140.089253,35.759478],[140.08897,35.759082],[140.088148,35.758166],[140.08803,35.758016],[140.087527,35.75732],[140.087026,35.756629],[140.086847,35.756358],[140.085944,35.754987],[140.085531,35.754343],[140.08533,35.754011],[140.084819,35.753035],[140.084772,35.752894],[140.084732,35.752668],[140.084681,35.752146],[140.084521,35.750446],[140.084419,35.749998],[140.084311,35.749677],[140.084013,35.748747],[140.083936,35.74849],[140.083821,35.748142],[140.083801,35.748081],[140.083456,35.747067],[140.083108,35.745953],[140.083048,35.744853],[140.082875,35.744359],[140.082752,35.74406],[140.082685,35.743805],[140.082561,35.74277],[140.082522,35.742648],[140.082445,35.742509],[140.082405,35.742468],[140.08241,35.742347],[140.082415,35.742078],[140.08247,35.741972],[140.082602,35.741901],[140.08275,35.741865],[140.083166,35.741819],[140.083393,35.741753],[140.083769,35.741592],[140.08393,35.741554],[140.084441,35.741485],[140.084581,35.741467],[140.084883,35.741418],[140.085148,35.741343],[140.085368,35.741248],[140.085492,35.741169],[140.085541,35.741138],[140.085639,35.740975],[140.085658,35.740873],[140.085531,35.739833],[140.085275,35.738391],[140.085172,35.73756],[140.08513,35.737435],[140.085155,35.73702],[140.085147,35.736868],[140.085107,35.736711],[140.084987,35.736437],[140.084689,35.735722],[140.084449,35.735074],[140.084238,35.734691],[140.084031,35.734325],[140.083946,35.734132],[140.083619,35.733122],[140.083584,35.733015],[140.083477,35.732511],[140.083406,35.732025],[140.083361,35.731752],[140.083302,35.731396],[140.083245,35.73108],[140.083161,35.730762],[140.083066,35.730534],[140.082953,35.730252],[140.08276,35.729801],[140.082621,35.729437],[140.08256,35.72919],[140.082548,35.729103],[140.082582,35.728815],[140.083075,35.727683],[140.083308,35.727128],[140.083375,35.726954],[140.083421,35.726821],[140.083503,35.726578],[140.083589,35.726327],[140.083595,35.726304],[140.083693,35.725924],[140.083739,35.725723],[140.083751,35.725659],[140.083779,35.725516],[140.083822,35.725191],[140.08389,35.724578],[140.083966,35.723968],[140.084054,35.723252],[140.084285,35.721804],[140.084382,35.721166],[140.084549,35.720041],[140.084598,35.719705],[140.084621,35.719553],[140.084689,35.719107],[140.084799,35.718403],[140.084953,35.717359],[140.08503,35.716841],[140.085085,35.716586],[140.085139,35.716432],[140.085198,35.716332],[140.085298,35.716172],[140.085422,35.716014],[140.085608,35.715823],[140.085801,35.715667],[140.085889,35.715604],[140.087131,35.714716],[140.087601,35.714369],[140.087659,35.714325],[140.087935,35.714114],[140.088176,35.713931],[140.088224,35.713899],[140.08902,35.713353],[140.089338,35.713159],[140.089421,35.713108],[140.089699,35.712943],[140.089585,35.712616],[140.089481,35.712319],[140.089262,35.71169],[140.088856,35.710532],[140.088702,35.710076],[140.088562,35.709679],[140.088339,35.709049],[140.088116,35.708324],[140.088066,35.708126],[140.088035,35.707987],[140.087953,35.707633],[140.087673,35.706469],[140.087593,35.706135],[140.087566,35.706009],[140.087575,35.705693],[140.087587,35.705211],[140.087595,35.704967],[140.087599,35.70471],[140.0876,35.704616],[140.087603,35.70441],[140.087604,35.704119],[140.087608,35.703804],[140.087607,35.703581],[140.087591,35.703488],[140.087535,35.703359],[140.087363,35.70312],[140.086636,35.702194],[140.08623,35.701655],[140.085863,35.701195],[140.085582,35.700835],[140.085435,35.700648],[140.085274,35.700441],[140.085037,35.700138],[140.08449,35.699429],[140.084201,35.699055],[140.083953,35.698727],[140.083786,35.698523],[140.083744,35.698468],[140.083627,35.698315],[140.083591,35.698269],[140.083447,35.698081],[140.083259,35.697833],[140.083161,35.697706],[140.083032,35.697534],[140.082979,35.697459],[140.082829,35.697247],[140.082612,35.696924],[140.082536,35.696811],[140.082297,35.696474],[140.08228,35.696448],[140.082084,35.696167],[140.082023,35.696079],[140.081684,35.695577],[140.081649,35.695496],[140.081535,35.695177],[140.081527,35.695155],[140.081372,35.694757],[140.081292,35.694621],[140.081079,35.6943],[140.080764,35.693828],[140.080475,35.693418],[140.080345,35.693219],[140.080136,35.692897],[140.079915,35.692556],[140.079581,35.692062],[140.079448,35.691865],[140.079395,35.691794],[140.079265,35.6916],[140.079182,35.691481],[140.078943,35.691137],[140.078472,35.690482],[140.078071,35.689923],[140.077993,35.689857],[140.077864,35.689789],[140.077706,35.68971],[140.077614,35.689627],[140.077443,35.689308],[140.077122,35.688794],[140.076831,35.688338],[140.076612,35.688022],[140.076382,35.687728],[140.076078,35.687397],[140.075787,35.687129],[140.075487,35.68686],[140.075157,35.686538],[140.074972,35.686256],[140.074896,35.686172],[140.074185,35.685613],[140.07387,35.685345],[140.072393,35.683973],[140.072191,35.683812],[140.071784,35.683598],[140.071116,35.683235],[140.070903,35.683057],[140.070267,35.682347],[140.069974,35.682018],[140.069915,35.681952],[140.069668,35.681671],[140.069354,35.681309],[140.069244,35.681261],[140.069223,35.681123],[140.068863,35.68006],[140.068673,35.679678],[140.06828,35.678991],[140.068245,35.678907],[140.068197,35.678629],[140.068131,35.678193],[140.068098,35.67797],[140.068113,35.677745],[140.068086,35.677197],[140.068082,35.67678],[140.068103,35.67624],[140.068099,35.676089],[140.068056,35.675785],[140.068004,35.675605],[140.067875,35.675285],[140.0677,35.674978],[140.067511,35.674703],[140.067432,35.674593],[140.067178,35.674212],[140.06671,35.673572],[140.065712,35.672155],[140.065606,35.672006],[140.065494,35.671848],[140.065399,35.671715],[140.064958,35.671095],[140.064247,35.670106],[140.064194,35.670031],[140.064135,35.66994],[140.063962,35.669679],[140.063918,35.669609],[140.06375,35.669322],[140.063606,35.669029],[140.063328,35.668364],[140.063203,35.668049],[140.063129,35.667864],[140.063069,35.667713],[140.06298,35.667485],[140.062764,35.667035],[140.062604,35.666681],[140.062401,35.666266],[140.062237,35.666046],[140.062047,35.665858],[140.061781,35.665652],[140.060785,35.665092],[140.060919,35.664885],[140.060923,35.664763],[140.060821,35.664589],[140.060597,35.664227],[140.06039,35.663903],[140.061481,35.663373],[140.061662,35.663283],[140.061692,35.663268],[140.062052,35.66309],[140.061884,35.662864],[140.061589,35.662466],[140.061128,35.661847],[140.06102,35.661726],[140.060744,35.661459],[140.060324,35.661118],[140.059434,35.660432],[140.058945,35.660042],[140.05886,35.659931],[140.058731,35.65981],[140.058719,35.659766],[140.058731,35.659717],[140.058811,35.65962],[140.058803,35.659563],[140.058739,35.6595],[140.058705,35.659477],[140.058638,35.659467],[140.058588,35.659477],[140.058522,35.659516],[140.058437,35.65959],[140.058335,35.659676],[140.058273,35.659726]]},"properties":{"order":18,"from":"しょうなん","to":"幕張駅","title":"しょうなん → 幕張駅","distance_meters":28406,"duration_seconds":2339.7}}]}