{"type":"FeatureCollection","features":[{"type":"Feature","geometry":{"type":"LineString","coordinates":[[140.058273,35.659726],[140.05823,35.659761],[140.058125,35.659847],[140.058091,35.659887],[140.058068,35.659968],[140.058106,35.660037],[140.058146,35.660056],[140.058214,35.660066],[140.058279,35.66005],[140.05842,35.659943],[140.05853,35.65986],[140.058631,35.659851],[140.058945,35.660042],[140.059434,35.660432],[140.060324,35.661118],[140.060744,35.661459],[140.06102,35.661726],[140.061128,35.661847],[140.061589,35.662466],[140.061884,35.662864],[140.062052,35.66309],[140.061692,35.663268],[140.061662,35.663283],[140.061481,35.663373],[140.06039,35.663903],[140.060597,35.664227],[140.060821,35.664589],[140.060923,35.664763],[140.060919,35.664885],[140.060785,35.665092],[140.060736,35.665159],[140.061595,35.665671],[140.062143,35.666097],[140.062357,35.666398],[140.062583,35.666897],[140.062829,35.667401],[140.063041,35.667894],[140.063243,35.668418],[140.063345,35.668665],[140.063462,35.668943],[140.063648,35.669342],[140.063821,35.669632],[140.063865,35.669699],[140.064037,35.669957],[140.064095,35.670043],[140.064153,35.670124],[140.06451,35.670644],[140.064855,35.671131],[140.06508,35.671447],[140.065616,35.672193],[140.065882,35.672567],[140.066068,35.672823],[140.066173,35.672976],[140.066633,35.673609],[140.06738,35.674643],[140.067445,35.674726],[140.067632,35.675006],[140.067802,35.675303],[140.067835,35.675407],[140.067892,35.675554],[140.067979,35.675824],[140.068018,35.676088],[140.068012,35.676245],[140.068002,35.676527],[140.067993,35.676768],[140.068006,35.677361],[140.068065,35.677879],[140.068098,35.67797],[140.068131,35.678193],[140.068197,35.678629],[140.068245,35.678907],[140.06828,35.678991],[140.068673,35.679678],[140.068863,35.68006],[140.069223,35.681123],[140.069244,35.681261],[140.069354,35.681309],[140.069668,35.681671],[140.069915,35.681952],[140.069974,35.682018],[140.070267,35.682347],[140.070903,35.683057],[140.071116,35.683235],[140.071784,35.683598],[140.072191,35.683812],[140.072393,35.683973],[140.07387,35.685345],[140.074185,35.685613],[140.074896,35.686172],[140.074972,35.686256],[140.075157,35.686538],[140.075487,35.68686],[140.075787,35.687129],[140.076078,35.687397],[140.076382,35.687728],[140.076612,35.688022],[140.076831,35.688338],[140.077122,35.688794],[140.077443,35.689308],[140.077614,35.689627],[140.077706,35.68971],[140.077864,35.689789],[140.077993,35.689857],[140.078071,35.689923],[140.078472,35.690482],[140.078943,35.691137],[140.079182,35.691481],[140.079265,35.6916],[140.079395,35.691794],[140.079448,35.691865],[140.079581,35.692062],[140.079915,35.692556],[140.080136,35.692897],[140.080345,35.693219],[140.080475,35.693418],[140.080764,35.693828],[140.081079,35.6943],[140.081292,35.694621],[140.081372,35.694757],[140.081527,35.695155],[140.081535,35.695177],[140.081649,35.695496],[140.081684,35.695577],[140.082023,35.696079],[140.082084,35.696167],[140.08228,35.696448],[140.082297,35.696474],[140.082536,35.696811],[140.082612,35.696924],[140.082829,35.697247],[140.082979,35.697459],[140.083032,35.697534],[140.083161,35.697706],[140.083259,35.697833],[140.083447,35.698081],[140.083591,35.698269],[140.083627,35.698315],[140.083744,35.698468],[140.083786,35.698523],[140.083953,35.698727],[140.084201,35.699055],[140.08449,35.699429],[140.085037,35.700138],[140.085274,35.700441],[140.085435,35.700648],[140.085582,35.700835],[140.085863,35.701195],[140.08623,35.701655],[140.086636,35.702194],[140.087363,35.70312],[140.087535,35.703359],[140.087591,35.703488],[140.087607,35.703581],[140.087608,35.703804],[140.087604,35.704119],[140.087603,35.70441],[140.0876,35.704616],[140.087599,35.70471],[140.087595,35.704967],[140.087587,35.705211],[140.087575,35.705693],[140.087566,35.706009],[140.087593,35.706135],[140.087673,35.706469],[140.087953,35.707633],[140.088035,35.707987],[140.088066,35.708126],[140.088116,35.708324],[140.088339,35.709049],[140.088562,35.709679],[140.088702,35.710076],[140.088856,35.710532],[140.089262,35.71169],[140.089481,35.712319],[140.089585,35.712616],[140.089699,35.712943],[140.089421,35.713108],[140.089338,35.713159],[140.08902,35.713353],[140.088224,35.713899],[140.088176,35.713931],[140.087935,35.714114],[140.087659,35.714325],[140.087601,35.714369],[140.087131,35.714716],[140.085889,35.715604],[140.085801,35.715667],[140.085608,35.715823],[140.085422,35.716014],[140.085298,35.716172],[140.085198,35.716332],[140.085139,35.716432],[140.085085,35.716586],[140.08503,35.716841],[140.084953,35.717359],[140.084799,35.718403],[140.084689,35.719107],[140.084621,35.719553],[140.084598,35.719705],[140.084549,35.720041],[140.084382,35.721166],[140.084285,35.721804],[140.084054,35.723252],[140.083966,35.723968],[140.08389,35.724578],[140.083822,35.725191],[140.083779,35.725516],[140.083751,35.725659],[140.083739,35.725723],[140.083693,35.725924],[140.083595,35.726304],[140.083589,35.726327],[140.083503,35.726578],[140.083421,35.726821],[140.083375,35.726954],[140.083308,35.727128],[140.083075,35.727683],[140.082582,35.728815],[140.082548,35.729103],[140.08256,35.72919],[140.082621,35.729437],[140.08276,35.729801],[140.082953,35.730252],[140.083066,35.730534],[140.083161,35.730762],[140.083245,35.73108],[140.083302,35.731396],[140.083361,35.731752],[140.083406,35.732025],[140.083477,35.732511],[140.083584,35.733015],[140.083619,35.733122],[140.083946,35.734132],[140.084031,35.734325],[140.084238,35.734691],[140.084449,35.735074],[140.084689,35.735722],[140.084987,35.736437],[140.085107,35.736711],[140.085147,35.736868],[140.085155,35.73702],[140.08513,35.737435],[140.085172,35.73756],[140.085275,35.738391],[140.085531,35.739833],[140.085658,35.740873],[140.085639,35.740975],[140.085541,35.741138],[140.085492,35.741169],[140.085368,35.741248],[140.085148,35.741343],[140.084883,35.741418],[140.084581,35.741467],[140.084441,35.741485],[140.08393,35.741554],[140.083769,35.741592],[140.083393,35.741753],[140.083166,35.741819],[140.08275,35.741865],[140.082602,35.741901],[140.08247,35.741972],[140.082415,35.742078],[140.08241,35.742347],[140.082405,35.742468],[140.082445,35.742509],[140.082522,35.742648],[140.082561,35.74277],[140.082685,35.743805],[140.082752,35.74406],[140.082875,35.744359],[140.083048,35.744853],[140.083108,35.745953],[140.083456,35.747067],[140.083801,35.748081],[140.083821,35.748142],[140.083936,35.74849],[140.084013,35.748747],[140.084311,35.749677],[140.084419,35.749998],[140.084521,35.750446],[140.084681,35.752146],[140.084732,35.752668],[140.084772,35.752894],[140.084819,35.753035],[140.08533,35.754011],[140.085531,35.754343],[140.085944,35.754987],[140.086847,35.756358],[140.087026,35.756629],[140.087527,35.75732],[140.08803,35.758016],[140.088148,35.758166],[140.08897,35.759082],[140.089253,35.759478],[140.089324,35.759576],[140.089992,35.760455],[140.090223,35.76076],[140.090436,35.761081],[140.091077,35.762229],[140.091271,35.762689],[140.091455,35.763293],[140.091737,35.764515],[140.091954,35.765564],[140.091994,35.765655],[140.092117,35.765814],[140.092198,35.765898],[140.092408,35.766068],[140.092931,35.766496],[140.093557,35.767002],[140.093882,35.767265],[140.094071,35.767416],[140.094297,35.767536],[140.094601,35.767633],[140.095305,35.767852],[140.096813,35.768312],[140.097387,35.768491],[140.097473,35.768525],[140.097754,35.768632],[140.097971,35.768723],[140.0973,35.769363],[140.09719,35.769466],[140.09648,35.770014],[140.096376,35.770091],[140.094197,35.771699],[140.091621,35.773599],[140.091003,35.774049],[140.088176,35.776129],[140.083929,35.779271],[140.082716,35.78016],[140.081337,35.781173],[140.077889,35.783716],[140.077138,35.784271],[140.075442,35.785517],[140.07441,35.786277],[140.073463,35.786983],[140.07336,35.78706],[140.071364,35.788524],[140.071048,35.788757],[140.070779,35.788954],[140.070352,35.789267],[140.070287,35.789314],[140.070135,35.789425],[140.069772,35.789692],[140.069527,35.789871],[140.069029,35.790235],[140.068293,35.790786],[140.067717,35.791216],[140.067155,35.791631],[140.066257,35.792296],[140.065099,35.793136],[140.064793,35.793374],[140.063964,35.793969],[140.063599,35.794231],[140.06304,35.794643],[140.061393,35.795874],[140.060885,35.796234],[140.060222,35.796655],[140.060028,35.796774],[140.057055,35.798385],[140.055176,35.799387],[140.054447,35.799774],[140.054229,35.799907],[140.053822,35.800121],[140.053148,35.800471],[140.052226,35.800982],[140.051453,35.801383],[140.048443,35.803023],[140.046972,35.803812],[140.046289,35.804162],[140.046213,35.804201],[140.045852,35.804386],[140.044887,35.804936],[140.043297,35.805786],[140.042645,35.806137],[140.04158,35.806711],[140.040712,35.807174],[140.040344,35.807376],[140.039478,35.807844],[140.039069,35.808062],[140.038306,35.808466],[140.036761,35.809291],[140.036603,35.809377],[140.035273,35.81009],[140.034356,35.810572],[140.033802,35.810893],[140.033602,35.811025],[140.033367,35.811168],[140.032963,35.811463],[140.032682,35.811689],[140.032119,35.812195],[140.031794,35.812489],[140.030559,35.813694],[140.030085,35.814152],[140.029025,35.815188],[140.028291,35.815901],[140.027347,35.8168],[140.025583,35.818512],[140.024473,35.819581],[140.020628,35.823304],[140.020151,35.823771],[140.018438,35.825411],[140.017855,35.825976],[140.017047,35.826765],[140.016248,35.827542],[140.016137,35.827651],[140.014109,35.829599],[140.013423,35.830244],[140.011947,35.831716],[140.011079,35.832569],[140.00857,35.834994],[140.008174,35.835368],[140.00757,35.835956],[140.007344,35.836175],[140.006808,35.83669],[140.006485,35.837023],[140.006302,35.837204],[140.006339,35.837284],[140.006459,35.837526],[140.006538,35.837668],[140.006543,35.837684],[140.006937,35.838482],[140.007659,35.83992],[140.007667,35.839935],[140.008137,35.840895],[140.008184,35.840988],[140.008295,35.841212],[140.008641,35.841881],[140.008698,35.841988],[140.008792,35.84216],[140.009088,35.842724],[140.009373,35.843301],[140.009466,35.843493],[140.00972,35.843882],[140.010088,35.844232],[140.010713,35.844657],[140.011342,35.845079],[140.011612,35.845258],[140.011812,35.845392],[140.011957,35.845488],[140.013599,35.846583],[140.013696,35.846649],[140.014103,35.846934],[140.014323,35.847135],[140.015707,35.848801],[140.016257,35.84946],[140.016518,35.849711],[140.016739,35.849881],[140.017395,35.850319],[140.018061,35.850805],[140.021248,35.853024],[140.021359,35.853102],[140.021782,35.853405],[140.02205,35.853636],[140.022184,35.853777],[140.022236,35.853842],[140.022569,35.854301],[140.022807,35.854753],[140.022921,35.855068],[140.023192,35.855703],[140.023509,35.856443],[140.023882,35.85731],[140.023763,35.857348],[140.023605,35.857373],[140.023475,35.857372],[140.023297,35.857364],[140.023171,35.857335],[140.023108,35.857302],[140.023065,35.857252],[140.023013,35.85733],[140.02306,35.857784]]},"properties":{"order":1,"from":"幕張駅","to":"しょうなん","title":"幕張駅 → しょうなん","distance_meters":28389,"duration_seconds":2294.2}},{"type":"Feature","geometry":{"type":"LineString","coordinates":[[140.02306,35.857784],[140.023013,35.85733],[140.023065,35.857252],[140.023025,35.857208],[140.022992,35.857098],[140.022973,35.856933],[140.022891,35.85664],[140.023118,35.856569],[140.023509,35.856443],[140.023605,35.856409],[140.024195,35.856202],[140.024394,35.856099],[140.024619,35.855925],[140.02473,35.855798],[140.024885,35.85554],[140.025053,35.855205],[140.025245,35.854926],[140.025497,35.854627],[140.026186,35.853933],[140.026216,35.853904],[140.026654,35.853514],[140.02692,35.853315],[140.027227,35.853114],[140.027748,35.852826],[140.02817,35.852594],[140.028331,35.852473],[140.028491,35.852323],[140.028655,35.852071],[140.029197,35.852154],[140.029953,35.85218],[140.031172,35.852334],[140.032867,35.852449],[140.033205,35.852566],[140.034854,35.853205],[140.036556,35.853905],[140.036792,35.853994],[140.036914,35.854031],[140.037106,35.854061],[140.037349,35.854064],[140.03856,35.85399],[140.038986,35.854057],[140.039153,35.854082],[140.040371,35.854276],[140.04067,35.854271],[140.041786,35.854219],[140.042009,35.854207],[140.042532,35.854181],[140.042623,35.854158],[140.043215,35.853778],[140.04473,35.852767],[140.04504,35.852529],[140.045262,35.852322],[140.045402,35.852159],[140.046376,35.850944],[140.046504,35.850772],[140.047481,35.849832],[140.047768,35.849374],[140.048446,35.848289],[140.049449,35.846543],[140.049515,35.84643],[140.050211,35.845105],[140.050953,35.843823],[140.052984,35.843933],[140.053434,35.844068],[140.054311,35.844313],[140.054736,35.844358],[140.055211,35.844399],[140.056409,35.844606],[140.057109,35.844823],[140.059357,35.845551],[140.05992,35.845729],[140.060432,35.845862],[140.060872,35.84594],[140.061271,35.846013],[140.061593,35.846076],[140.061953,35.846143],[140.063327,35.846394],[140.063642,35.846428],[140.063964,35.846439],[140.064767,35.846447],[140.065793,35.846453],[140.068171,35.846489],[140.0693,35.846496],[140.07053,35.84651],[140.070738,35.846507],[140.072139,35.846516],[140.072305,35.846507],[140.072691,35.846472],[140.072924,35.84643],[140.074229,35.846187],[140.07526,35.846345],[140.0754,35.846365],[140.076272,35.846483],[140.076563,35.846467],[140.077511,35.846378],[140.07765,35.846341],[140.078882,35.845906],[140.079838,35.845569],[140.080204,35.845449],[140.080452,35.84539],[140.081155,35.845255],[140.082816,35.844951],[140.082948,35.844956],[140.083096,35.844982],[140.083493,35.845051],[140.084298,35.84518],[140.084488,35.845188],[140.085493,35.844977],[140.085882,35.844857],[140.086971,35.844451],[140.087325,35.844288],[140.08803,35.843976],[140.08883,35.843608],[140.089286,35.843399],[140.089415,35.84336],[140.089501,35.84335],[140.089738,35.843358],[140.090307,35.843378],[140.091513,35.843413],[140.09157,35.843414],[140.092745,35.843479],[140.095177,35.843581],[140.095682,35.843598],[140.096653,35.843516],[140.098055,35.843102],[140.098271,35.842974],[140.098334,35.842913],[140.098425,35.842781],[140.098463,35.8426],[140.098403,35.842377],[140.098321,35.842272],[140.098204,35.842172],[140.097729,35.84185],[140.097441,35.84166],[140.097219,35.841487],[140.097039,35.841333],[140.096909,35.841133],[140.096869,35.840997],[140.096721,35.8402],[140.096688,35.840009],[140.100492,35.839552],[140.100614,35.839517],[140.100696,35.839473],[140.100815,35.839409],[140.100997,35.839365],[140.106084,35.838764],[140.106418,35.838724],[140.110278,35.838045],[140.110555,35.837996],[140.11174,35.837789],[140.112907,35.837583],[140.114084,35.837375],[140.115256,35.837172],[140.115693,35.83709],[140.116787,35.838026],[140.116838,35.838123],[140.116911,35.838342],[140.117782,35.837966],[140.117867,35.83793],[140.117726,35.837738],[140.117527,35.837553],[140.119071,35.836669],[140.120087,35.836092],[140.121047,35.83555],[140.12296,35.834471],[140.122117,35.833513],[140.122117,35.833448],[140.122721,35.832949],[140.12273,35.832821],[140.122777,35.832684],[140.122851,35.832371],[140.122879,35.832104],[140.123323,35.83206],[140.124414,35.831961],[140.12482,35.831955],[140.125303,35.831961],[140.125525,35.831983],[140.126109,35.832088],[140.126511,35.83219],[140.128056,35.832604],[140.129506,35.832977],[140.130411,35.833195],[140.131032,35.833345],[140.131269,35.833405],[140.132602,35.83374],[140.132997,35.83385],[140.133031,35.833858],[140.13454,35.834309],[140.13468,35.834357],[140.136348,35.834963],[140.136718,35.835097],[140.137034,35.835247],[140.137734,35.835598],[140.138162,35.835823],[140.138256,35.835632],[140.138333,35.835499],[140.138502,35.835269],[140.138595,35.835182],[140.138792,35.835047],[140.139072,35.834926],[140.139247,35.834874],[140.139691,35.834759],[140.14025,35.834636],[140.140743,35.834569],[140.142016,35.83444],[140.143367,35.834313],[140.143626,35.834283],[140.144036,35.83427],[140.145672,35.834082],[140.148751,35.833742],[140.149289,35.833678],[140.150942,35.833497],[140.151345,35.83347],[140.151942,35.833476],[140.152636,35.833537],[140.153396,35.833702],[140.153751,35.833814],[140.154085,35.83394],[140.154583,35.834167],[140.155732,35.834779],[140.155941,35.834855],[140.156337,35.83506],[140.156809,35.835311],[140.158284,35.836088],[140.159364,35.836695],[140.159672,35.836939],[140.159843,35.8371],[140.160073,35.837379],[140.160247,35.837642],[140.160368,35.837889],[140.160467,35.838133],[140.160663,35.838766],[140.160995,35.839787],[140.161224,35.840648],[140.161405,35.841227],[140.161498,35.841419],[140.161711,35.841743],[140.161837,35.841893],[140.162118,35.842151],[140.162178,35.842231],[140.162227,35.842315],[140.16221,35.842444],[140.163769,35.842737],[140.164579,35.842862],[140.167287,35.843311],[140.168089,35.843421],[140.168625,35.843494],[140.169169,35.84359],[140.172166,35.844323],[140.179166,35.845883],[140.181226,35.846413],[140.186979,35.847999],[140.187111,35.847995],[140.187214,35.847972],[140.187268,35.847942],[140.187359,35.847889],[140.187763,35.847481],[140.187902,35.847418],[140.188016,35.847413],[140.18811,35.847441],[140.188199,35.847488],[140.188365,35.847637],[140.188486,35.847722],[140.188615,35.847769],[140.189794,35.847708],[140.190165,35.847727],[140.190777,35.847813],[140.191038,35.847863],[140.191869,35.848111],[140.192376,35.848321],[140.193045,35.848688],[140.193233,35.848816],[140.193532,35.849046],[140.194283,35.849673],[140.194961,35.850195],[140.195748,35.850734],[140.196591,35.851194],[140.199901,35.852843],[140.201355,35.85357],[140.202375,35.854059],[140.202859,35.854266],[140.203711,35.854576],[140.20473,35.854882],[140.205472,35.855053],[140.206178,35.855193],[140.206586,35.855259],[140.207126,35.855327],[140.207735,35.855383],[140.208528,35.855428],[140.209116,35.855427],[140.209536,35.855417],[140.210496,35.855352],[140.212679,35.85513],[140.213239,35.855074],[140.213382,35.855058],[140.214012,35.854981],[140.214974,35.854862],[140.216555,35.854623],[140.217628,35.854527],[140.218157,35.854499],[140.218739,35.854489],[140.21994,35.854489],[140.220861,35.854444],[140.221469,35.854351],[140.222492,35.854083],[140.223656,35.853785],[140.225225,35.853476],[140.226995,35.853154],[140.227725,35.85301],[140.227953,35.852951],[140.22824,35.852864],[140.229033,35.852548],[140.230836,35.851785],[140.230902,35.851758],[140.232363,35.851145],[140.2341,35.850423],[140.235949,35.849633],[140.236015,35.849608],[140.237237,35.849104],[140.238075,35.84876],[140.23861,35.849421],[140.238946,35.849792],[140.239267,35.85006],[140.240067,35.850799],[140.240116,35.850859],[140.240159,35.850908],[140.24039,35.851175],[140.241199,35.851829],[140.241972,35.852408],[140.243179,35.853215],[140.244295,35.853954],[140.245467,35.854793],[140.24584,35.855085],[140.246847,35.855864],[140.247309,35.856228],[140.247844,35.856641],[140.248186,35.856845],[140.248678,35.857153],[140.249164,35.857447],[140.250428,35.858103],[140.251204,35.858509],[140.25338,35.859778],[140.253719,35.859997],[140.254123,35.860246],[140.255664,35.861138],[140.258127,35.862561],[140.259101,35.86308],[140.259993,35.863623],[140.261811,35.864721],[140.26317,35.865458],[140.26411,35.865924],[140.26479,35.866231],[140.265577,35.866564],[140.267007,35.867107],[140.267993,35.867402],[140.269694,35.868044],[140.270766,35.868429],[140.271688,35.868729],[140.27251,35.868977],[140.273454,35.869224],[140.274396,35.869447],[140.275005,35.86963],[140.275602,35.869775],[140.276306,35.869924],[140.277132,35.87007],[140.278721,35.870263],[140.280121,35.870349],[140.280883,35.870341],[140.281869,35.870257],[140.282434,35.870173],[140.283316,35.869991],[140.283909,35.869843],[140.284496,35.869672],[140.285295,35.869408],[140.286063,35.869097],[140.286444,35.868928],[140.287964,35.86817],[140.290379,35.866981],[140.29318,35.865729],[140.293813,35.865469],[140.295048,35.865002],[140.295772,35.864747],[140.29716,35.864289],[140.298504,35.863902],[140.300899,35.863309],[140.302518,35.862987],[140.304075,35.862698],[140.305953,35.862386],[140.306931,35.862257],[140.308374,35.862079],[140.309162,35.862005],[140.31072,35.861899],[140.311662,35.861859],[140.313218,35.861837],[140.314352,35.861845],[140.315348,35.861884],[140.315959,35.861938],[140.316415,35.861995],[140.316833,35.862095],[140.317023,35.862161],[140.317388,35.862255],[140.317743,35.862315],[140.317977,35.862312],[140.318676,35.862249],[140.318863,35.862246],[140.319031,35.862281],[140.319146,35.862324],[140.319221,35.862367],[140.319613,35.86269],[140.319795,35.862788],[140.319905,35.862829],[140.32051,35.863005],[140.321221,35.86313],[140.321735,35.863242],[140.322342,35.863447],[140.323945,35.864064],[140.325783,35.864838],[140.32686,35.865313],[140.327456,35.865578],[140.329809,35.86668],[140.330746,35.867134],[140.330975,35.86726],[140.332101,35.868011],[140.332374,35.868201],[140.333615,35.869035],[140.334093,35.869384],[140.335775,35.870705],[140.337017,35.871732],[140.33799,35.872507],[140.339081,35.873327],[140.339901,35.873933],[140.340445,35.87431],[140.341626,35.875055],[140.342685,35.875749],[140.343756,35.876386],[140.346594,35.877975],[140.348207,35.878871],[140.348733,35.879164],[140.349372,35.87957],[140.349907,35.879951],[140.350446,35.880391],[140.35063,35.880553],[140.35111,35.881047],[140.351482,35.881444],[140.351776,35.8818],[140.352002,35.882102],[140.352588,35.882961],[140.352939,35.883527],[140.353143,35.883885],[140.353431,35.884465],[140.353667,35.884997],[140.353931,35.885681],[140.354709,35.887937],[140.354912,35.888482],[140.355206,35.88918],[140.355482,35.889777],[140.355767,35.890292],[140.356076,35.890787],[140.356318,35.891114],[140.356768,35.891655],[140.357349,35.892251],[140.358514,35.893254],[140.358924,35.893558],[140.359406,35.893883],[140.35981,35.894131],[140.360772,35.894683],[140.361351,35.894981],[140.361941,35.895258],[140.36252,35.895504],[140.363172,35.895748],[140.364373,35.896164],[140.368636,35.897508],[140.371219,35.898334],[140.376481,35.900087],[140.378289,35.900712],[140.379843,35.901226],[140.38224,35.902065],[140.383578,35.902517],[140.388831,35.904264],[140.393866,35.905851],[140.394773,35.906113],[140.397779,35.906833],[140.398017,35.906039],[140.398047,35.905928],[140.398224,35.905473],[140.398401,35.905217],[140.398577,35.90503],[140.398673,35.904949],[140.398975,35.90475],[140.399163,35.904644],[140.399823,35.904424],[140.400854,35.904176],[140.401458,35.904036],[140.401572,35.904005],[140.402429,35.903765],[140.402473,35.903752],[140.40282,35.903648],[140.403322,35.903498],[140.403985,35.903339],[140.404358,35.903195],[140.404676,35.903154],[140.404827,35.903101],[140.405349,35.902853],[140.405663,35.902599],[140.405746,35.902517],[140.406114,35.902016],[140.407052,35.901371],[140.407215,35.901225],[140.407405,35.901011],[140.407469,35.900913],[140.407526,35.900804],[140.40816,35.899652],[140.408291,35.899474],[140.408446,35.899314],[140.408981,35.898882],[140.409348,35.898625],[140.409419,35.898575],[140.409673,35.898377],[140.41005,35.897954],[140.410318,35.89762],[140.410522,35.89733],[140.410548,35.897294],[140.41074,35.897041],[140.410953,35.89679],[140.411148,35.896739],[140.41199,35.896575],[140.413141,35.896231],[140.414031,35.895886],[140.414611,35.895627],[140.414956,35.895534],[140.415255,35.895442],[140.416327,35.895023],[140.417811,35.894353],[140.418052,35.894272],[140.418804,35.894118],[140.420279,35.893964],[140.420388,35.893955],[140.422703,35.893721],[140.425092,35.893468],[140.426439,35.893313],[140.426485,35.893307],[140.427207,35.893225],[140.428597,35.893096],[140.429637,35.892986],[140.431206,35.892817],[140.431743,35.892758],[140.432235,35.892676],[140.432767,35.892548],[140.433476,35.892317],[140.433945,35.892109],[140.434422,35.89186],[140.435775,35.89106],[140.436174,35.890773],[140.436634,35.89048],[140.437095,35.890217],[140.437728,35.889907],[140.437789,35.889881],[140.43833,35.889687],[140.438704,35.889586],[140.439119,35.88955],[140.439339,35.889548],[140.439723,35.88956],[140.440272,35.88964],[140.440765,35.889731],[140.441666,35.889921],[140.442269,35.890047],[140.442795,35.89013],[140.443016,35.890192],[140.443153,35.890248],[140.443288,35.890289],[140.443869,35.89039],[140.444502,35.890509],[140.446578,35.890916],[140.447597,35.891072],[140.4484,35.891198],[140.449202,35.891289],[140.450496,35.891384],[140.450672,35.891401],[140.451506,35.891472],[140.451539,35.891481],[140.452793,35.891578],[140.453193,35.891642],[140.453592,35.891767],[140.453965,35.891959],[140.454152,35.892058],[140.454231,35.8921],[140.45468,35.892296],[140.454899,35.892371],[140.456449,35.892803],[140.456795,35.892902],[140.457614,35.893156],[140.457844,35.89322],[140.457888,35.893233],[140.459157,35.893538],[140.459352,35.893551],[140.459992,35.89354],[140.460022,35.893542],[140.460111,35.893544],[140.460478,35.89363],[140.46082,35.893747],[140.460996,35.89383],[140.461269,35.893988],[140.46177,35.894321],[140.46247,35.894953],[140.463148,35.895422],[140.4632,35.895458],[140.463674,35.895777],[140.464152,35.896142],[140.4644,35.896366],[140.464508,35.89649],[140.464594,35.896589],[140.465618,35.89773],[140.465825,35.897897],[140.466047,35.898032],[140.466119,35.89807],[140.466191,35.898102],[140.466556,35.898229],[140.467006,35.898337],[140.467411,35.898414],[140.467824,35.898453],[140.469273,35.89851],[140.469604,35.898544],[140.470676,35.898731],[140.470966,35.898762],[140.47115,35.898765],[140.471769,35.898738],[140.471877,35.898733],[140.472548,35.898711],[140.472962,35.898727],[140.472989,35.898732],[140.474641,35.898905],[140.475235,35.899048],[140.475776,35.899216],[140.476361,35.899378],[140.477989,35.899402],[140.478157,35.899403],[140.479576,35.899405],[140.480147,35.899409],[140.481196,35.89941],[140.482087,35.899531],[140.482968,35.899655],[140.483257,35.899695],[140.483671,35.899739],[140.483818,35.89974],[140.484111,35.899701],[140.484384,35.899615],[140.484542,35.899525],[140.484705,35.899362],[140.485295,35.898666],[140.485678,35.898241],[140.486317,35.897659],[140.486397,35.897611],[140.487058,35.897415],[140.487649,35.896986],[140.488254,35.896558],[140.488299,35.896527],[140.488661,35.896303],[140.488901,35.896611],[140.489403,35.897386],[140.489767,35.897881],[140.490509,35.898883],[140.491038,35.899631],[140.491365,35.900095],[140.491554,35.900468],[140.491797,35.901091],[140.491956,35.901503],[140.492241,35.902166],[140.492684,35.903232],[140.49286,35.903638],[140.493017,35.904009],[140.492875,35.90404],[140.492699,35.904041],[140.491572,35.90397],[140.491377,35.903941],[140.491121,35.903881],[140.490681,35.903725],[140.490506,35.90368],[140.490396,35.903664],[140.490294,35.903672],[140.490129,35.903719],[140.489998,35.903776],[140.490112,35.903976],[140.490248,35.904265],[140.490343,35.904559],[140.490404,35.904888],[140.490542,35.906298],[140.490814,35.908626],[140.491086,35.91073],[140.491113,35.911113],[140.491112,35.911598],[140.491071,35.911972],[140.490999,35.912305],[140.490839,35.912794],[140.490633,35.91327],[140.490431,35.913632],[140.490047,35.91419],[140.489869,35.914406],[140.489798,35.914484],[140.489482,35.91481],[140.48906,35.915195],[140.48875,35.915423],[140.488404,35.915646],[140.487876,35.915922],[140.487599,35.916047],[140.486304,35.91656],[140.485812,35.916797],[140.485606,35.916906],[140.485162,35.917205],[140.484766,35.917546],[140.484489,35.917847],[140.484226,35.918204],[140.484063,35.918488],[140.483998,35.918634],[140.483888,35.918919],[140.483772,35.919315],[140.483345,35.921196],[140.482882,35.923062],[140.482648,35.924007],[140.482592,35.924257],[140.482415,35.925023],[140.482298,35.925573],[140.482235,35.925974],[140.482206,35.926505],[140.482234,35.926998],[140.482326,35.927484],[140.482464,35.927955],[140.482654,35.928422],[140.482889,35.928867],[140.483017,35.929069],[140.483284,35.929466],[140.483852,35.930288],[140.484617,35.93134],[140.485802,35.932988],[140.486982,35.934634],[140.488164,35.936283],[140.488985,35.93742],[140.489347,35.937923],[140.490144,35.939029],[140.490528,35.939566],[140.491718,35.941215],[140.492944,35.942923],[140.494135,35.944574],[140.494728,35.945306],[140.495105,35.9457],[140.49555,35.946114],[140.495946,35.946445],[140.496319,35.946731],[140.496724,35.947013],[140.497438,35.947481],[140.499397,35.948771],[140.499922,35.949116],[140.500992,35.949812],[140.501054,35.94985],[140.501227,35.94996],[140.50128,35.949992],[140.502504,35.950788],[140.502958,35.951108],[140.503127,35.951245],[140.503911,35.951958],[140.504194,35.952298],[140.504889,35.953174],[140.505013,35.953365],[140.505237,35.953765],[140.505368,35.954089],[140.505539,35.95474],[140.506042,35.956999],[140.506146,35.957289],[140.506327,35.957654],[140.506556,35.957999],[140.50669,35.958171],[140.507422,35.959004],[140.507471,35.95906],[140.509303,35.961119],[140.509325,35.961147],[140.509477,35.961555],[140.509558,35.961683],[140.509772,35.961921],[140.509914,35.962048],[140.510122,35.962219],[140.51028,35.962325],[140.51011,35.962511],[140.509363,35.963274],[140.508789,35.963895],[140.507568,35.965153],[140.507191,35.965552],[140.507033,35.965743],[140.506795,35.966056],[140.506725,35.966149],[140.50632,35.966671],[140.505966,35.967085],[140.505764,35.967314],[140.504633,35.968562],[140.504138,35.969227],[140.503882,35.969579],[140.503222,35.970486],[140.503015,35.97081],[140.502482,35.971939],[140.502053,35.972859],[140.501415,35.974246],[140.501059,35.975015],[140.501013,35.975116],[140.500754,35.975694],[140.500725,35.975803],[140.500678,35.976402],[140.50061,35.97678],[140.500569,35.976889],[140.500462,35.977123],[140.500401,35.977214],[140.50004,35.977665],[140.499867,35.977867],[140.499814,35.977933],[140.499588,35.978223],[140.499491,35.978346],[140.499177,35.978727],[140.498694,35.979226],[140.497814,35.980128],[140.497457,35.980447],[140.496189,35.981453],[140.495319,35.982091],[140.494964,35.982338],[140.494592,35.982568],[140.494175,35.982783],[140.491945,35.983877],[140.491249,35.984202],[140.489377,35.984952],[140.488503,35.98521],[140.487962,35.985364],[140.487243,35.985558],[140.486847,35.985623],[140.486723,35.985629],[140.485792,35.985673],[140.484026,35.985759],[140.483617,35.985836],[140.48339,35.985895],[140.482911,35.986065],[140.482299,35.986342],[140.482065,35.986445],[140.482025,35.986463],[140.481836,35.986542],[140.481798,35.986558],[140.480971,35.986938],[140.480548,35.987193],[140.479954,35.987688],[140.479872,35.98776],[140.478973,35.988542],[140.478578,35.988893],[140.477951,35.989446],[140.477916,35.989479],[140.477741,35.989636],[140.477375,35.989962],[140.477098,35.990253],[140.476777,35.990638],[140.475943,35.991804],[140.475824,35.991943],[140.475723,35.992045],[140.475068,35.992699],[140.47412,35.993636],[140.473814,35.993993],[140.473575,35.994379],[140.473371,35.994953],[140.473238,35.995418],[140.473002,35.996252],[140.472768,35.997089],[140.472575,35.997787],[140.472309,35.998723],[140.472142,35.999412],[140.472083,35.999794],[140.472048,36.00019],[140.471962,36.001196],[140.471892,36.002067],[140.471808,36.002821],[140.471638,36.003417],[140.471426,36.004118],[140.470817,36.00617],[140.470442,36.007424],[140.470347,36.007793],[140.470264,36.00821],[140.470176,36.008794],[140.469812,36.010991],[140.469561,36.012487],[140.469427,36.01306],[140.469401,36.01317],[140.469191,36.014102],[140.469118,36.014371],[140.468968,36.014688],[140.468935,36.01475],[140.468551,36.015479],[140.468292,36.015972],[140.468095,36.016357],[140.467877,36.01688],[140.467708,36.017325],[140.467615,36.017622],[140.46733,36.018507],[140.46715,36.018917],[140.466958,36.0193],[140.466616,36.019846],[140.466472,36.020079],[140.465212,36.022069],[140.464937,36.022494],[140.464175,36.023952],[140.464143,36.024001],[140.463939,36.024307],[140.463616,36.024694],[140.463015,36.025353],[140.462727,36.025671],[140.462295,36.026136],[140.461939,36.026572],[140.461748,36.026873],[140.461588,36.027203],[140.461577,36.027228],[140.461459,36.027584],[140.46124,36.028493],[140.461074,36.02901],[140.460953,36.029306],[140.460818,36.029546],[140.460739,36.029633],[140.460543,36.029813],[140.4597,36.030523],[140.459566,36.030675],[140.459414,36.030925],[140.458977,36.031915],[140.458731,36.03253],[140.45848,36.033926],[140.458418,36.034255],[140.458364,36.034447],[140.458229,36.03472],[140.457987,36.03512],[140.457935,36.035239],[140.457836,36.03561],[140.457741,36.036529],[140.457671,36.036751],[140.457604,36.036892],[140.457278,36.037417],[140.457008,36.037819],[140.456649,36.038288],[140.455949,36.039205],[140.455837,36.03934],[140.455614,36.039675],[140.454574,36.041531],[140.454533,36.041607],[140.454336,36.041962],[140.453883,36.042777],[140.453684,36.043092],[140.453402,36.043444],[140.453153,36.043667],[140.452851,36.043999],[140.452344,36.04462],[140.452198,36.044792],[140.451924,36.045077],[140.451665,36.045248],[140.451326,36.045415],[140.450695,36.045712],[140.450115,36.046071],[140.448235,36.047419],[140.447385,36.048028],[140.446917,36.048363],[140.446415,36.048722],[140.445267,36.049542],[140.444521,36.050101],[140.44436,36.050221],[140.442953,36.051287],[140.442159,36.05188],[140.44191,36.052063],[140.440441,36.053189],[140.438695,36.054488],[140.437047,36.055722],[140.43541,36.056954],[140.434862,36.057402],[140.434336,36.057866],[140.433836,36.058361],[140.433253,36.059002],[140.432505,36.059936],[140.431244,36.061553],[140.430021,36.063167],[140.428717,36.064791],[140.428603,36.064939],[140.427454,36.066409],[140.427348,36.066547],[140.42621,36.068013],[140.425546,36.068864],[140.424978,36.069629],[140.424372,36.070517],[140.424356,36.070541],[140.424286,36.070643],[140.424274,36.070661],[140.423709,36.071576],[140.423162,36.072565],[140.422627,36.073642],[140.422148,36.074696],[140.421756,36.075555],[140.421524,36.076193],[140.421404,36.07666],[140.42139,36.076734],[140.421378,36.076794],[140.421294,36.077482],[140.421294,36.078905],[140.421306,36.080806],[140.421322,36.082719],[140.421326,36.084125],[140.421277,36.084603],[140.421197,36.084916],[140.421113,36.08515],[140.420966,36.085464],[140.420779,36.085773],[140.419719,36.087079],[140.419282,36.087628],[140.419013,36.088018],[140.418855,36.088273],[140.418619,36.088728],[140.418606,36.088756],[140.418559,36.088861],[140.418539,36.088906],[140.417796,36.090722],[140.417558,36.091306],[140.417398,36.091703],[140.416991,36.0927],[140.416814,36.093133],[140.416593,36.093676],[140.416259,36.094499],[140.4161,36.094939],[140.416068,36.095028],[140.416057,36.095063],[140.415893,36.095592],[140.415602,36.09661],[140.415315,36.09761],[140.415075,36.098446],[140.415026,36.098623],[140.414811,36.099373],[140.414709,36.099728],[140.414289,36.099638],[140.413502,36.099468],[140.413036,36.099364],[140.41102,36.098915],[140.409919,36.098677],[140.408696,36.098391],[140.407936,36.098161],[140.40751,36.098007],[140.407091,36.097846],[140.406348,36.097513],[140.405794,36.097213],[140.405232,36.09687],[140.40468,36.096504],[140.404163,36.096167],[140.404086,36.096659],[140.403891,36.096634],[140.403797,36.096584],[140.403661,36.096491]]},"properties":{"order":2,"from":"しょうなん","to":"たまつくり","title":"しょうなん → たまつくり","distance_meters":77978,"duration_seconds":4439.8}},{"type":"Feature","geometry":{"type":"LineString","coordinates":[[140.403661,36.096491],[140.403797,36.096584],[140.403891,36.096634],[140.404086,36.096659],[140.403912,36.097605],[140.403819,36.09802],[140.403754,36.09851],[140.403698,36.098691],[140.403391,36.099294],[140.403353,36.099385],[140.403351,36.099468],[140.403394,36.0996],[140.403446,36.099652],[140.403571,36.099731],[140.403635,36.099748],[140.404571,36.099805],[140.404896,36.099843],[140.405221,36.099915],[140.405541,36.10002],[140.405765,36.100105],[140.406201,36.100257],[140.407272,36.100536],[140.407569,36.100638],[140.408448,36.101101],[140.408734,36.101303],[140.40905,36.101602],[140.409175,36.10176],[140.409658,36.102281],[140.409818,36.102474],[140.409979,36.102739],[140.410038,36.102877],[140.410202,36.103387],[140.410347,36.103628],[140.410462,36.10377],[140.410724,36.104],[140.411074,36.104179],[140.411279,36.104243],[140.412847,36.104655],[140.413432,36.104799],[140.414335,36.105024],[140.415493,36.105535],[140.414963,36.106055],[140.414237,36.106698],[140.414075,36.106864],[140.413913,36.10704],[140.412888,36.107988],[140.412685,36.108179],[140.412725,36.108222],[140.412761,36.108322],[140.413026,36.10964],[140.413268,36.110792],[140.413378,36.11131],[140.414025,36.111194],[140.414764,36.111026],[140.414856,36.111017],[140.414973,36.111044],[140.415034,36.11118],[140.415094,36.111556],[140.415136,36.112267],[140.415155,36.113185],[140.41517,36.113268],[140.415406,36.114166],[140.415452,36.114401],[140.415491,36.114623],[140.41557,36.11563],[140.415586,36.115785],[140.415731,36.11627],[140.415963,36.116853],[140.416085,36.117221],[140.416113,36.117436],[140.416158,36.118865],[140.416195,36.119636],[140.416318,36.119894],[140.416524,36.120196],[140.41702,36.12085],[140.417479,36.121537],[140.417597,36.121767],[140.417807,36.122346],[140.418191,36.123574],[140.418226,36.123831],[140.41827,36.124262],[140.418263,36.124468],[140.418232,36.124679],[140.418002,36.125631],[140.417567,36.126769],[140.417476,36.127001],[140.417103,36.128008],[140.416967,36.128437],[140.416956,36.128531],[140.416977,36.128627],[140.417037,36.128748],[140.417242,36.128991],[140.417816,36.129581],[140.418055,36.129866],[140.418968,36.131202],[140.419091,36.131372],[140.419193,36.131475],[140.419268,36.131535],[140.419716,36.131801],[140.419912,36.131949],[140.420017,36.132059],[140.420106,36.132166],[140.420176,36.132304],[140.420261,36.132629],[140.420597,36.13386],[140.4209,36.134856],[140.420989,36.135219],[140.421083,36.136014],[140.421206,36.136392],[140.421617,36.137198],[140.421658,36.137272],[140.421816,36.137574],[140.421878,36.137697],[140.421978,36.138033],[140.422026,36.138282],[140.422042,36.138564],[140.421969,36.139914],[140.421945,36.140306],[140.421959,36.140527],[140.42201,36.140776],[140.422095,36.14101],[140.422202,36.141203],[140.422454,36.141518],[140.423759,36.142712],[140.424141,36.143122],[140.424478,36.143539],[140.424751,36.143918],[140.425054,36.144429],[140.425344,36.145007],[140.425638,36.145828],[140.425686,36.145978],[140.426071,36.147083],[140.426262,36.147428],[140.42649,36.147725],[140.426678,36.147916],[140.429253,36.150244],[140.430569,36.151364],[140.430763,36.151545],[140.431017,36.151773],[140.431228,36.151924],[140.432307,36.152386],[140.432836,36.152682],[140.433014,36.152824],[140.433301,36.153091],[140.434275,36.154168],[140.434514,36.154474],[140.434682,36.154801],[140.435136,36.155839],[140.435541,36.156999],[140.435874,36.158142],[140.436154,36.159203],[140.436249,36.159578],[140.436305,36.15989],[140.436415,36.16099],[140.436451,36.161867],[140.436398,36.162497],[140.436404,36.162985],[140.436494,36.164718],[140.436561,36.165148],[140.436851,36.166197],[140.437541,36.168315],[140.437897,36.169423],[140.438324,36.170748],[140.438671,36.171828],[140.438926,36.172612],[140.439706,36.174978],[140.439929,36.175653],[140.440147,36.176431],[140.440372,36.177559],[140.440497,36.178113],[140.441516,36.18025],[140.441803,36.180749],[140.442462,36.181905],[140.44271,36.182308],[140.442872,36.182528],[140.443012,36.182672],[140.441961,36.183002],[140.441427,36.183162],[140.441186,36.183253],[140.441006,36.183377],[140.440807,36.183569],[140.440681,36.183747],[140.440448,36.184338],[140.440056,36.185072],[140.439659,36.185721],[140.438989,36.186546],[140.438801,36.186869],[140.438632,36.187219],[140.438489,36.187698],[140.438377,36.188174],[140.437848,36.190649],[140.437811,36.19103],[140.437811,36.191216],[140.437924,36.192302],[140.438009,36.192707],[140.43819,36.193352],[140.43823,36.193711],[140.438225,36.193969],[140.438197,36.194355],[140.438072,36.194781],[140.437995,36.19517],[140.438023,36.197046],[140.438002,36.197146],[140.437903,36.197404],[140.43781,36.197526],[140.437598,36.197722],[140.437454,36.197809],[140.436146,36.198486],[140.435891,36.19865],[140.435258,36.199132],[140.434989,36.199427],[140.435795,36.199718],[140.436914,36.200136],[140.437221,36.200288],[140.437389,36.200393],[140.437676,36.200608],[140.438093,36.200932],[140.438491,36.201186],[140.439679,36.201915],[140.440396,36.202391],[140.440837,36.202682],[140.441162,36.20297],[140.441216,36.203037],[140.441237,36.203071],[140.441394,36.203274],[140.441945,36.204078],[140.442294,36.204567],[140.44247,36.204749],[140.442784,36.205157],[140.443001,36.205374],[140.443199,36.205509],[140.443453,36.205753],[140.443527,36.205851],[140.443579,36.205964],[140.443605,36.206086],[140.443601,36.20628],[140.443626,36.206482],[140.44373,36.206754],[140.44379,36.207024],[140.443804,36.207574],[140.443849,36.208087],[140.44397,36.208674],[140.44409,36.209654],[140.444149,36.209862],[140.444316,36.210262],[140.444404,36.210428],[140.444584,36.210759],[140.444772,36.211092],[140.44495,36.211408],[140.44497,36.211443],[140.445165,36.211792],[140.445184,36.211825],[140.445801,36.212942],[140.445818,36.213058],[140.445778,36.21313],[140.445541,36.213396],[140.44544,36.213571],[140.445331,36.213922],[140.445173,36.214311],[140.445087,36.214573],[140.445039,36.214752],[140.444823,36.215484],[140.444642,36.215792],[140.444437,36.216039],[140.443984,36.216644],[140.443385,36.217414],[140.443129,36.217719],[140.44291,36.21796],[140.442749,36.218176],[140.442616,36.218566],[140.442511,36.21939],[140.442525,36.21956],[140.442783,36.220126],[140.443202,36.221616],[140.443227,36.221733],[140.443404,36.222214],[140.443608,36.222678],[140.443907,36.223067],[140.444497,36.223656],[140.446607,36.22568],[140.447047,36.226094],[140.448259,36.227163],[140.448605,36.227448],[140.448728,36.227759],[140.448868,36.228226],[140.448943,36.228474],[140.449171,36.229193],[140.449292,36.229679],[140.44935,36.230009],[140.449395,36.232633],[140.44945,36.234201],[140.449462,36.234476],[140.449479,36.235411],[140.449467,36.235986],[140.449448,36.236621],[140.449411,36.237712],[140.449403,36.238096],[140.449339,36.238788],[140.449345,36.238838],[140.449384,36.238892],[140.449361,36.238936],[140.449302,36.239124],[140.449272,36.239387],[140.449275,36.239765],[140.449394,36.241239],[140.449401,36.241835],[140.449339,36.242158],[140.449228,36.242501],[140.449062,36.24282],[140.44879,36.243202],[140.448696,36.24337],[140.448567,36.243686],[140.448485,36.24401],[140.448348,36.24499],[140.448313,36.245255],[140.44831,36.24544],[140.448428,36.246541],[140.448488,36.247119],[140.44854,36.247581],[140.448583,36.247781],[140.448811,36.248454],[140.448937,36.248911],[140.449058,36.249414],[140.449253,36.250417],[140.449304,36.250597],[140.449449,36.250876],[140.449611,36.251117],[140.449805,36.251406],[140.450108,36.2519],[140.450686,36.253173],[140.450901,36.253677],[140.451061,36.254174],[140.451289,36.255162],[140.451389,36.255662],[140.45144,36.255888],[140.451538,36.256111],[140.451762,36.25643],[140.451968,36.256635],[140.452478,36.256981],[140.452659,36.257069],[140.453119,36.25724],[140.453346,36.257301],[140.4536,36.257365],[140.454578,36.257565],[140.454798,36.257625],[140.45502,36.257722],[140.455202,36.25785],[140.45531,36.257951],[140.455436,36.258116],[140.455508,36.258299],[140.455584,36.259047],[140.455686,36.259384],[140.455761,36.25954],[140.455945,36.259763],[140.456426,36.260207],[140.456537,36.260291],[140.456843,36.260457],[140.457248,36.260597],[140.458167,36.26086],[140.458358,36.26096],[140.458514,36.261102],[140.45862,36.261239],[140.458774,36.261521],[140.459047,36.262204],[140.459069,36.262253],[140.459245,36.262682],[140.459361,36.262994],[140.459597,36.263667],[140.45968,36.26394],[140.459685,36.264042],[140.459658,36.264215],[140.459442,36.26477],[140.458627,36.266728],[140.458569,36.266885],[140.458528,36.267173],[140.458687,36.269387],[140.458674,36.269855],[140.458653,36.270068],[140.458625,36.270459],[140.458652,36.27078],[140.458683,36.270929],[140.458705,36.271026],[140.458976,36.272516],[140.458987,36.272587],[140.459024,36.27282],[140.459117,36.273136],[140.459394,36.273764],[140.459482,36.274026],[140.459527,36.274311],[140.459601,36.276346],[140.459611,36.276869],[140.459597,36.277201],[140.459595,36.277273],[140.459596,36.277781],[140.459593,36.277842],[140.459532,36.278049],[140.459531,36.278116],[140.459609,36.278455],[140.459318,36.279196],[140.459276,36.279604],[140.459688,36.279632],[140.460022,36.279693],[140.460603,36.279885],[140.461065,36.28005],[140.461147,36.280076],[140.461448,36.280158],[140.461702,36.2802],[140.46174,36.280206],[140.462516,36.280336],[140.462577,36.280373],[140.462884,36.280447],[140.463101,36.280519],[140.463233,36.280619],[140.463316,36.280776],[140.463524,36.281485],[140.46354,36.281518],[140.463675,36.28177],[140.463872,36.282007],[140.46501,36.28315],[140.465032,36.283173],[140.465316,36.2836],[140.465486,36.28395],[140.465544,36.284172],[140.465653,36.284656],[140.465713,36.284996],[140.465742,36.285215],[140.465968,36.28574],[140.466065,36.286013],[140.466126,36.286378],[140.46626,36.287227],[140.466327,36.287371],[140.46646,36.287634],[140.466669,36.287922],[140.468153,36.289569],[140.468513,36.289988],[140.468635,36.2902],[140.46867,36.29028],[140.468702,36.290394],[140.468736,36.290638],[140.46883,36.291476],[140.468871,36.291812],[140.468989,36.292815],[140.469012,36.293579],[140.469019,36.29372],[140.469086,36.295867],[140.469077,36.29613],[140.468948,36.296758],[140.468651,36.298193],[140.468607,36.298363],[140.46832,36.299497],[140.468281,36.300229],[140.468195,36.300956],[140.468126,36.301653],[140.468147,36.302119],[140.46823,36.30339],[140.468276,36.304122],[140.46828,36.304223],[140.46828,36.304629],[140.468258,36.304843],[140.468111,36.306006],[140.468076,36.306197],[140.46804,36.306285],[140.468003,36.306356],[140.467935,36.306617],[140.467911,36.306824],[140.467911,36.307608],[140.468263,36.309273],[140.468313,36.309641],[140.46851,36.311013],[140.468783,36.312884],[140.469038,36.314752],[140.469055,36.314868],[140.46905,36.315032],[140.469018,36.315179],[140.468792,36.315654],[140.468745,36.31602],[140.468717,36.316463],[140.468718,36.316771],[140.468726,36.316903],[140.46888,36.317272],[140.468951,36.317438],[140.469275,36.318103],[140.4696,36.318826],[140.469885,36.319471],[140.469962,36.319781],[140.470037,36.320282],[140.470148,36.320696],[140.470508,36.321859],[140.470756,36.322584],[140.470939,36.323035],[140.471412,36.324022],[140.471657,36.324588],[140.47194,36.325134],[140.472857,36.327028],[140.472966,36.327248],[140.473314,36.327989],[140.473549,36.328489],[140.473868,36.32915],[140.473877,36.329171],[140.473955,36.32933],[140.474959,36.331405],[140.474989,36.331468],[140.475938,36.333458],[140.475982,36.333555],[140.476226,36.334064],[140.476954,36.335597],[140.476991,36.335677],[140.477962,36.337674],[140.478171,36.338025],[140.478278,36.338258],[140.478388,36.338557],[140.478491,36.33882],[140.47923,36.339333],[140.478948,36.339759],[140.479284,36.340434],[140.479376,36.340679],[140.479423,36.340892],[140.479479,36.341163],[140.479499,36.341253],[140.479533,36.341441],[140.479625,36.341751],[140.477991,36.342603],[140.477453,36.342898],[140.477284,36.34299],[140.475353,36.344021],[140.474091,36.344675],[140.473596,36.344911],[140.472569,36.345306],[140.471556,36.345666],[140.471524,36.345794],[140.471766,36.347142],[140.471859,36.347653],[140.471931,36.348015],[140.471994,36.348415],[140.472098,36.349052],[140.472199,36.349687],[140.472377,36.35066],[140.472473,36.35121],[140.47254,36.351575],[140.472753,36.352869],[140.472854,36.353455],[140.47298,36.354156],[140.472994,36.354249],[140.473461,36.356541],[140.473534,36.356956],[140.473702,36.357751],[140.473896,36.35871],[140.473906,36.358763],[140.47411,36.359765],[140.474263,36.360518],[140.474328,36.360891],[140.474429,36.361473],[140.474448,36.361565],[140.474654,36.362691],[140.474736,36.363157],[140.47491,36.364089],[140.474926,36.364206],[140.475072,36.365033],[140.47432,36.365117],[140.472516,36.365328],[140.472596,36.365755],[140.472677,36.366195],[140.472719,36.366421],[140.472756,36.366619],[140.472852,36.367136],[140.470931,36.367369],[140.469483,36.367544],[140.46941,36.367553],[140.469097,36.367589],[140.469049,36.367595],[140.468674,36.367629],[140.468172,36.367696],[140.468315,36.368107],[140.468306,36.368267],[140.469041,36.370346],[140.469332,36.371145],[140.469463,36.371292],[140.469343,36.371325],[140.469205,36.37137],[140.468822,36.371571],[140.466975,36.372877],[140.466577,36.373154],[140.46648,36.373226],[140.466165,36.373497],[140.465961,36.373728],[140.465859,36.373867],[140.465761,36.374015],[140.465466,36.374555],[140.465294,36.374976],[140.465266,36.375125],[140.465288,36.375374],[140.465327,36.375621],[140.465364,36.375742],[140.465494,36.375989],[140.46566,36.376197],[140.465856,36.376368],[140.466575,36.377033],[140.466779,36.377338],[140.466878,36.377626],[140.467322,36.378471],[140.468369,36.380151],[140.46898,36.381169],[140.469298,36.381793],[140.469435,36.382186],[140.469494,36.382463],[140.469651,36.382892],[140.469679,36.382966],[140.469868,36.383352],[140.470124,36.383968],[140.470263,36.384238],[140.470497,36.384626],[140.47069,36.384885],[140.470916,36.385129],[140.471098,36.385343],[140.471638,36.38591],[140.472014,36.386286],[140.474462,36.388835],[140.474567,36.388942],[140.476105,36.390516],[140.476601,36.391122],[140.476998,36.391756],[140.477197,36.392177],[140.477435,36.392992],[140.477558,36.393554],[140.477747,36.394414],[140.477832,36.394825],[140.477862,36.394951],[140.478146,36.396339],[140.478377,36.39746],[140.478548,36.398276],[140.478663,36.398812],[140.478941,36.400141],[140.479,36.40041],[140.479068,36.400736],[140.479254,36.401626],[140.479395,36.402522],[140.479456,36.403038],[140.47959,36.403756],[140.479775,36.404373],[140.480143,36.405218],[140.480366,36.405629],[140.480698,36.406141],[140.481133,36.406689],[140.483474,36.409242],[140.483609,36.409392],[140.483736,36.409546],[140.484791,36.410695],[140.48521,36.411173],[140.485282,36.411251],[140.485482,36.411454],[140.486776,36.412839],[140.48709,36.4132],[140.487536,36.413668],[140.488203,36.414401],[140.489091,36.415363],[140.489917,36.416261],[140.490667,36.417083],[140.49124,36.417729],[140.493146,36.419796],[140.493292,36.419978],[140.493872,36.420747],[140.494161,36.421191],[140.494543,36.421895],[140.494688,36.422174],[140.494842,36.422528],[140.495249,36.423562],[140.495616,36.424536],[140.496033,36.425663],[140.49632,36.426358],[140.496404,36.426574],[140.496846,36.427733],[140.497921,36.430509],[140.497981,36.430673],[140.498,36.430714],[140.498385,36.431745],[140.498421,36.431843],[140.498913,36.433095],[140.499219,36.433898],[140.499391,36.434353],[140.499448,36.434493],[140.499663,36.435062],[140.499854,36.435537],[140.500227,36.436531],[140.500345,36.436818],[140.500865,36.438163],[140.501048,36.438656],[140.501249,36.439345],[140.501397,36.440078],[140.501475,36.44068],[140.501504,36.441134],[140.501516,36.442258],[140.501521,36.443102],[140.501526,36.443553],[140.501528,36.443749],[140.501521,36.445505],[140.501524,36.446058],[140.501542,36.448017],[140.501562,36.44966],[140.501581,36.452614],[140.501586,36.453545],[140.501599,36.454795],[140.501632,36.455459],[140.501678,36.455978],[140.501791,36.456841],[140.502029,36.458023],[140.502398,36.459294],[140.502577,36.459807],[140.502816,36.460409],[140.503632,36.462243],[140.503933,36.463013],[140.504066,36.463489],[140.504122,36.46377],[140.504267,36.464851],[140.504337,36.465597],[140.504381,36.466188],[140.504576,36.468317],[140.50468,36.469409],[140.504745,36.470173],[140.504838,36.471177],[140.504894,36.47175],[140.505033,36.472875],[140.505194,36.473735],[140.505511,36.475072],[140.505695,36.475743],[140.505932,36.476468],[140.506204,36.477269],[140.506819,36.478949],[140.508177,36.482577],[140.508404,36.48324],[140.508775,36.484459],[140.508939,36.485118],[140.509481,36.487444],[140.50956,36.487797],[140.509666,36.488274],[140.509939,36.489475],[140.510262,36.490865],[140.510491,36.491837],[140.510653,36.492404],[140.511044,36.493403],[140.51134,36.493996],[140.511592,36.49444],[140.511937,36.49499],[140.512372,36.495546],[140.512845,36.496099],[140.513286,36.496562],[140.513815,36.497054],[140.514965,36.497989],[140.515693,36.498555],[140.516008,36.49877],[140.51634,36.498962],[140.516647,36.499129],[140.517299,36.49942],[140.51778,36.499579],[140.518494,36.499773],[140.519248,36.499967],[140.520375,36.500215],[140.520673,36.500299],[140.521072,36.500434],[140.521365,36.500555],[140.521644,36.500698],[140.521917,36.500874],[140.522285,36.501191],[140.522435,36.50134],[140.522711,36.501709],[140.522875,36.501989],[140.523081,36.50245],[140.523143,36.502676],[140.523183,36.502952],[140.523245,36.504569],[140.523308,36.50513],[140.523499,36.505863],[140.523759,36.506461],[140.52391,36.506747],[140.524244,36.507295],[140.525318,36.509023],[140.526163,36.510399],[140.525769,36.510556],[140.525551,36.510339]]},"properties":{"order":3,"from":"たまつくり","to":"ひたちおおた","title":"たまつくり → ひたちおおた","distance_meters":52543,"duration_seconds":3777.5}},{"type":"Feature","geometry":{"type":"LineString","coordinates":[[140.525551,36.510339],[140.525769,36.510556],[140.526163,36.510399],[140.526746,36.511346],[140.528957,36.51489],[140.529074,36.515083],[140.529087,36.5151],[140.530315,36.51708],[140.531507,36.51899],[140.531612,36.51895],[140.532182,36.51877],[140.532512,36.518635],[140.532665,36.518554],[140.532815,36.518455],[140.532925,36.518377],[140.53372,36.517842],[140.533872,36.517787],[140.534206,36.517732],[140.535271,36.51763],[140.53559,36.517571],[140.536522,36.517227],[140.537044,36.517043],[140.537582,36.516845],[140.538088,36.51669],[140.53871,36.51658],[140.538786,36.516567],[140.54081,36.516239],[140.540895,36.516224],[140.542007,36.516033],[140.54227,36.51599],[140.542841,36.515886],[140.544159,36.515616],[140.544581,36.515533],[140.545884,36.515271],[140.546082,36.515242],[140.546554,36.515221],[140.547062,36.515221],[140.547332,36.515215],[140.547529,36.515152],[140.547624,36.515098],[140.547701,36.51503],[140.547915,36.514759],[140.548002,36.514642],[140.548307,36.514222],[140.548458,36.514252],[140.549004,36.514282],[140.549854,36.514295],[140.549892,36.514293],[140.551188,36.514259],[140.551493,36.514248],[140.552485,36.514213],[140.553786,36.514165],[140.55434,36.514147],[140.555047,36.514163],[140.556381,36.51422],[140.556744,36.514233],[140.557451,36.514242],[140.558626,36.514205],[140.559872,36.514152],[140.560578,36.514121],[140.561067,36.514183],[140.561357,36.51426],[140.561744,36.514342],[140.562282,36.514403],[140.56239,36.514413],[140.562905,36.514474],[140.563639,36.51452],[140.564818,36.514528],[140.565908,36.514526],[140.566823,36.51452],[140.568111,36.514506],[140.568302,36.514504],[140.568875,36.514497],[140.569256,36.514462],[140.569833,36.514363],[140.57009,36.514356],[140.570521,36.514373],[140.570975,36.514434],[140.570994,36.51446],[140.570992,36.514503],[140.57091,36.514851],[140.570843,36.515232],[140.570764,36.515493],[140.570792,36.515765],[140.570905,36.515989],[140.570923,36.516052],[140.570915,36.516329],[140.5708,36.516753],[140.572122,36.516559],[140.572661,36.516446],[140.572878,36.516383],[140.572946,36.51636],[140.573197,36.516265],[140.573407,36.516165],[140.573711,36.515993],[140.574004,36.515772],[140.574898,36.514994],[140.575163,36.514776],[140.575714,36.514323],[140.576255,36.513879],[140.576901,36.513347],[140.577366,36.512912],[140.57754,36.512877],[140.5779,36.512721],[140.578156,36.512631],[140.5787,36.512488],[140.579226,36.512431],[140.579653,36.51239],[140.581102,36.51225],[140.5822,36.512144],[140.583343,36.512034],[140.58348,36.51202],[140.584017,36.511945],[140.585372,36.511834],[140.586864,36.511714],[140.588406,36.511555],[140.589651,36.511423],[140.589874,36.511438],[140.590052,36.51143],[140.590164,36.511389],[140.590451,36.511193],[140.591038,36.510908],[140.591591,36.510543],[140.593204,36.509355],[140.593832,36.508889],[140.595498,36.507623],[140.595911,36.507321],[140.596606,36.506946],[140.59695,36.506745],[140.597094,36.506634],[140.59729,36.50644],[140.59798,36.505429],[140.598354,36.505023],[140.598735,36.504445],[140.599072,36.503798],[140.599269,36.503522],[140.59978,36.502878],[140.600617,36.50189],[140.600958,36.501552],[140.601306,36.501104],[140.602157,36.49996],[140.603232,36.498608],[140.603732,36.49804],[140.604162,36.497592],[140.604601,36.497131],[140.604985,36.496699],[140.605369,36.496345],[140.605685,36.496122],[140.606365,36.495687],[140.607259,36.495078],[140.608145,36.494592],[140.608608,36.494467],[140.609054,36.494446],[140.609679,36.494451],[140.609882,36.494478],[140.61016,36.494546],[140.610618,36.49463],[140.610945,36.494646],[140.612219,36.494591],[140.612417,36.4946],[140.612543,36.494633],[140.613317,36.495337],[140.613399,36.495417],[140.613869,36.495754],[140.614078,36.495845],[140.614369,36.495898],[140.614379,36.495899],[140.614452,36.495908],[140.61451,36.495914],[140.614652,36.495401],[140.61471,36.495295],[140.614881,36.495104],[140.615654,36.494542],[140.615632,36.494517],[140.615548,36.494418],[140.615514,36.494379],[140.615053,36.493801],[140.614772,36.493414],[140.615266,36.493199],[140.615675,36.492878],[140.615097,36.492436]]},"properties":{"order":4,"from":"ひたちおおた","to":"日立おさかなセンター","title":"ひたちおおた → 日立おさかなセンター","distance_meters":10629,"duration_seconds":923.2}},{"type":"Feature","geometry":{"type":"LineString","coordinates":[[140.615097,36.492436],[140.615675,36.492878],[140.615266,36.493199],[140.614772,36.493414],[140.615053,36.493801],[140.615514,36.494379],[140.615548,36.494418],[140.615632,36.494517],[140.615654,36.494542],[140.614881,36.495104],[140.61471,36.495295],[140.614652,36.495401],[140.61451,36.495914],[140.614452,36.495908],[140.614379,36.495899],[140.614369,36.495898],[140.614078,36.495845],[140.613869,36.495754],[140.613399,36.495417],[140.613317,36.495337],[140.612543,36.494633],[140.612417,36.4946],[140.612219,36.494591],[140.610945,36.494646],[140.610618,36.49463],[140.61016,36.494546],[140.609882,36.494478],[140.609679,36.494451],[140.609054,36.494446],[140.608608,36.494467],[140.608145,36.494592],[140.607259,36.495078],[140.606365,36.495687],[140.605685,36.496122],[140.605369,36.496345],[140.604985,36.496699],[140.604601,36.497131],[140.604162,36.497592],[140.603732,36.49804],[140.603232,36.498608],[140.602157,36.49996],[140.601306,36.501104],[140.600958,36.501552],[140.600617,36.50189],[140.59978,36.502878],[140.599269,36.503522],[140.599072,36.503798],[140.598735,36.504445],[140.598354,36.505023],[140.59798,36.505429],[140.59729,36.50644],[140.597094,36.506634],[140.59695,36.506745],[140.596606,36.506946],[140.595911,36.507321],[140.595498,36.507623],[140.593832,36.508889],[140.593204,36.509355],[140.591591,36.510543],[140.591038,36.510908],[140.590451,36.511193],[140.590164,36.511389],[140.590052,36.51143],[140.589874,36.511438],[140.589651,36.511423],[140.588406,36.511555],[140.586864,36.511714],[140.585372,36.511834],[140.584017,36.511945],[140.58348,36.51202],[140.583343,36.512034],[140.5822,36.512144],[140.581102,36.51225],[140.579653,36.51239],[140.579226,36.512431],[140.5787,36.512488],[140.578156,36.512631],[140.5779,36.512721],[140.57754,36.512877],[140.577366,36.512912],[140.576901,36.513347],[140.576255,36.513879],[140.575714,36.514323],[140.575163,36.514776],[140.574898,36.514994],[140.574004,36.515772],[140.573711,36.515993],[140.573407,36.516165],[140.573197,36.516265],[140.572946,36.51636],[140.572878,36.516383],[140.572661,36.516446],[140.572122,36.516559],[140.5708,36.516753],[140.569248,36.516936],[140.567974,36.517096],[140.567336,36.517193],[140.566318,36.517346],[140.565845,36.517463],[140.565697,36.517515],[140.565574,36.517558],[140.564377,36.518116],[140.564264,36.51817],[140.562995,36.518785],[140.562421,36.519048],[140.562262,36.519124],[140.561894,36.519297],[140.561334,36.519563],[140.560369,36.520037],[140.560211,36.520156],[140.560081,36.520284],[140.559952,36.520444],[140.559865,36.520593],[140.559812,36.520739],[140.559766,36.521025],[140.559786,36.52179],[140.559798,36.522012],[140.55981,36.522336],[140.559778,36.522757],[140.559658,36.52313],[140.559461,36.523476],[140.559323,36.523649],[140.559072,36.523898],[140.558728,36.524123],[140.558075,36.524444],[140.557443,36.524746],[140.556413,36.525252],[140.555239,36.525121],[140.555036,36.525282],[140.554571,36.525631],[140.554343,36.525775],[140.554085,36.525899],[140.553714,36.526076],[140.553625,36.526186],[140.553597,36.526278],[140.553539,36.526448],[140.553464,36.526561],[140.553414,36.526607],[140.553405,36.526666],[140.553008,36.526761],[140.552552,36.526799],[140.552097,36.526759],[140.551831,36.526728],[140.551755,36.526719],[140.551408,36.52668],[140.551073,36.526641],[140.550391,36.526556],[140.550136,36.526525],[140.548858,36.52637],[140.54759,36.526217],[140.546303,36.526079],[140.545034,36.52595],[140.544422,36.525894],[140.54369,36.525827],[140.54313,36.52578],[140.542925,36.525799],[140.54277,36.525847],[140.542717,36.525884],[140.542627,36.525991],[140.54243,36.52646],[140.542299,36.526799],[140.541787,36.528116],[140.541691,36.528288],[140.541619,36.528362],[140.541471,36.528466],[140.541361,36.528516],[140.540871,36.528673],[140.539102,36.52925],[140.538698,36.529378],[140.53807,36.529531],[140.537804,36.52957],[140.537064,36.529667],[140.536661,36.529727],[140.536232,36.529827],[140.536016,36.529896],[140.534922,36.530353],[140.534552,36.53051],[140.534402,36.530573],[140.533838,36.530803],[140.533515,36.530899],[140.533392,36.530924],[140.533238,36.532645],[140.532927,36.535858],[140.532779,36.53742],[140.532641,36.538925],[140.532592,36.539758],[140.532576,36.541029],[140.532684,36.543799],[140.532819,36.54687],[140.532956,36.549639],[140.532996,36.550752],[140.53307,36.551692],[140.533118,36.552065],[140.533185,36.552583],[140.533512,36.555178],[140.533641,36.556262],[140.533736,36.557042],[140.53392,36.557747],[140.534012,36.558141],[140.534181,36.558834],[140.534558,36.560356],[140.534972,36.56202],[140.535128,36.562541],[140.535209,36.562754],[140.535304,36.562955],[140.535655,36.563582],[140.53591,36.564067],[140.536213,36.56491],[140.536829,36.566632],[140.537127,36.567506],[140.537476,36.568489],[140.538249,36.570719],[140.538358,36.571051],[140.538666,36.571932],[140.539091,36.573102],[140.539543,36.573841],[140.539589,36.573916],[140.540013,36.574585],[140.540121,36.574765],[140.540193,36.574954],[140.540207,36.575103],[140.540167,36.575344],[140.539973,36.576025],[140.539748,36.577037],[140.539645,36.57753],[140.539569,36.577789],[140.539495,36.578116],[140.539334,36.578765],[140.538976,36.580288],[140.538896,36.580724],[140.53887,36.580867],[140.538886,36.581165],[140.538966,36.581551],[140.539311,36.582465],[140.539318,36.582484],[140.539338,36.582535],[140.539463,36.582911],[140.540104,36.584825],[140.540138,36.585014],[140.540168,36.585217],[140.540169,36.585372],[140.540029,36.586577],[140.539827,36.588207],[140.539818,36.588933],[140.539859,36.589353],[140.539932,36.590051],[140.540043,36.590854],[140.540219,36.591593],[140.540269,36.591769],[140.540589,36.593014],[140.540854,36.59425],[140.541003,36.594927],[140.541164,36.595681],[140.541273,36.596203],[140.541535,36.597316],[140.541667,36.597614],[140.541738,36.597724],[140.541888,36.597903],[140.542066,36.59808],[140.542251,36.598229],[140.54273,36.598493],[140.543,36.598611],[140.54347,36.598844],[140.543745,36.598995],[140.543919,36.599127],[140.544032,36.599216],[140.544225,36.599425],[140.544479,36.599858],[140.544524,36.600073],[140.544536,36.60028],[140.544505,36.600554],[140.544445,36.600779],[140.54411,36.601404],[140.543879,36.601854],[140.543269,36.60295],[140.54311,36.603259],[140.54295,36.603709],[140.542892,36.603963],[140.542864,36.60418],[140.542853,36.604671],[140.542871,36.605222],[140.542872,36.605344],[140.542878,36.606113],[140.542899,36.606378],[140.542938,36.606519],[140.543035,36.606752],[140.543149,36.606973],[140.543373,36.60731],[140.543695,36.607659],[140.543909,36.60783],[140.544487,36.608215],[140.545304,36.608771],[140.545847,36.609163],[140.546124,36.609391],[140.546397,36.609733],[140.546515,36.60991],[140.546754,36.610432],[140.54681,36.610628],[140.546854,36.610872],[140.546897,36.612368],[140.546894,36.612866],[140.546858,36.613145],[140.54682,36.613339],[140.546765,36.613498],[140.546655,36.613723],[140.546611,36.613812],[140.546447,36.614106],[140.546319,36.614295],[140.545896,36.614855],[140.545428,36.615507],[140.545326,36.615635],[140.544482,36.61678],[140.544269,36.617133],[140.544152,36.617397],[140.544083,36.617729],[140.54409,36.618008],[140.544209,36.61854],[140.544334,36.61892],[140.54445,36.619171],[140.544797,36.619687],[140.545459,36.620408],[140.545728,36.620737],[140.545942,36.621049],[140.546638,36.622149],[140.546838,36.622434],[140.546973,36.622588],[140.547205,36.6228],[140.547578,36.623087],[140.548221,36.623465],[140.548471,36.623648],[140.548631,36.623791],[140.548869,36.624047],[140.549346,36.624573],[140.550134,36.625442],[140.550199,36.625514],[140.55054,36.625908],[140.550671,36.626131],[140.550713,36.626236],[140.550753,36.626361],[140.550781,36.626479],[140.5508,36.626995],[140.550761,36.627946],[140.550707,36.628287],[140.550596,36.628718],[140.550519,36.62895],[140.550402,36.629222],[140.548987,36.632118],[140.548862,36.632402],[140.548628,36.633038],[140.548404,36.633891],[140.548278,36.634263],[140.548117,36.634559],[140.54795,36.634796],[140.547859,36.634905],[140.547684,36.635107],[140.547385,36.635367],[140.546738,36.635718],[140.546484,36.635827],[140.546217,36.635951],[140.545453,36.636289],[140.544977,36.636475],[140.544403,36.636692],[140.543743,36.636892],[140.543308,36.63701],[140.542498,36.637177],[140.540434,36.63755],[140.539891,36.637664],[140.539595,36.637778],[140.539405,36.637878],[140.539144,36.638058],[140.538998,36.638199],[140.538716,36.638544],[140.53836,36.638988],[140.538001,36.639456],[140.537753,36.639783],[140.537632,36.639918],[140.537269,36.640237],[140.536894,36.640511],[140.536463,36.640755],[140.536013,36.641032],[140.535906,36.641122],[140.535674,36.641383],[140.535508,36.641656],[140.534634,36.643469],[140.534257,36.644192],[140.533939,36.644687],[140.533841,36.64483],[140.533348,36.645475],[140.532426,36.646624],[140.531981,36.647179],[140.531353,36.647974],[140.531028,36.648353],[140.530739,36.648625],[140.530522,36.648801],[140.529863,36.649265],[140.52954,36.6495],[140.529289,36.649784],[140.5291,36.650105],[140.529033,36.650276],[140.52894,36.650652],[140.528467,36.652996],[140.528391,36.653228],[140.528233,36.653609],[140.52792,36.654309],[140.527647,36.654947],[140.527545,36.655122],[140.52746,36.655234],[140.527012,36.655677],[140.526935,36.655782],[140.526864,36.65592],[140.526811,36.656083],[140.52665,36.656945],[140.526587,36.657324],[140.526536,36.657488],[140.52643,36.6577],[140.525431,36.659363],[140.525275,36.659701],[140.525147,36.660051],[140.525079,36.660165],[140.524951,36.660333],[140.524236,36.661065],[140.524016,36.661326],[140.523815,36.661625],[140.523596,36.662042],[140.523472,36.662453],[140.523417,36.662758],[140.523358,36.663569],[140.52338,36.663929],[140.523392,36.664059],[140.523578,36.664913],[140.523609,36.665208],[140.523578,36.665469],[140.523275,36.666597],[140.523281,36.666802],[140.523492,36.667935],[140.52359,36.668237],[140.524035,36.669134],[140.524086,36.669253],[140.524133,36.669385],[140.524187,36.669649],[140.524193,36.669847],[140.52419,36.669964],[140.524134,36.670256],[140.52399,36.670587],[140.523372,36.671577],[140.523251,36.671846],[140.52317,36.672289],[140.523116,36.672839],[140.523138,36.673025],[140.523234,36.673477],[140.523213,36.673649],[140.523003,36.674602],[140.522954,36.674992],[140.522958,36.675137],[140.523261,36.676187],[140.523278,36.676393],[140.523256,36.676759],[140.523155,36.677077],[140.523063,36.677264],[140.522512,36.677976],[140.522238,36.678425],[140.521935,36.679083],[140.521823,36.679392],[140.521786,36.679663],[140.521833,36.680325],[140.521811,36.680556],[140.521768,36.680701],[140.521361,36.68162],[140.520908,36.682413],[140.52079,36.682684],[140.520748,36.682825],[140.520701,36.683048],[140.520661,36.6834],[140.520486,36.68523],[140.520413,36.685768],[140.520323,36.686081],[140.520161,36.686437],[140.519187,36.688271],[140.519011,36.688711],[140.518852,36.689189],[140.518696,36.68977],[140.5186,36.690043],[140.51841,36.69046],[140.517799,36.691342],[140.51719,36.692315],[140.516862,36.69276],[140.516456,36.693211],[140.516112,36.693565],[140.515545,36.694058],[140.515382,36.694188],[140.515084,36.694362],[140.514826,36.694482],[140.514639,36.694592],[140.514511,36.694693],[140.514405,36.694804],[140.514328,36.694901],[140.514178,36.695182],[140.514127,36.695389],[140.514108,36.695761],[140.514133,36.695919],[140.514222,36.696595],[140.514235,36.69689],[140.514206,36.697017],[140.514134,36.697144],[140.513864,36.697525],[140.513776,36.697647],[140.513667,36.697861],[140.513605,36.698084],[140.513577,36.698414],[140.513642,36.698685],[140.513764,36.698962],[140.513794,36.699104],[140.513776,36.699309],[140.51357,36.700014],[140.513505,36.700317],[140.513405,36.700602],[140.513276,36.700801],[140.51302,36.701082],[140.512927,36.70105],[140.512727,36.701175],[140.512573,36.701296],[140.512327,36.701408],[140.512193,36.70145],[140.512037,36.7015],[140.511328,36.701735],[140.510056,36.702254],[140.509571,36.702439],[140.509475,36.702488],[140.509403,36.702567],[140.509231,36.702946],[140.509161,36.70338],[140.509276,36.703926],[140.509276,36.704133],[140.509246,36.704322],[140.50927,36.704555],[140.509324,36.704749],[140.509398,36.704914],[140.50946,36.705054],[140.509496,36.705412],[140.509474,36.705573],[140.509437,36.705699]]},"properties":{"order":5,"from":"日立おさかなセンター","to":"さとみ","title":"日立おさかなセンター → さとみ","distance_meters":31279,"duration_seconds":2576.1}},{"type":"Feature","geometry":{"type":"LineString","coordinates":[[140.509437,36.705699],[140.509364,36.705948],[140.509076,36.706329],[140.508938,36.706544],[140.50894,36.706644],[140.508979,36.706693],[140.509161,36.706787],[140.50843,36.707571],[140.508262,36.70775],[140.5082,36.707816],[140.507927,36.708085],[140.507828,36.708056],[140.507769,36.708065],[140.50758,36.708158],[140.507487,36.708186],[140.507075,36.708254],[140.506851,36.70826],[140.505583,36.708287],[140.505318,36.708312],[140.504658,36.70838],[140.504472,36.708422],[140.504191,36.708545],[140.50364,36.708907],[140.502311,36.709866],[140.501846,36.710119],[140.50142,36.710311],[140.501136,36.710461],[140.500812,36.710674],[140.500175,36.711052],[140.500004,36.711194],[140.499802,36.711407],[140.499605,36.711648],[140.49923,36.712218],[140.499212,36.712242],[140.498974,36.712508],[140.498482,36.713049],[140.497236,36.714499],[140.496615,36.714192],[140.496359,36.714141],[140.496198,36.714126],[140.496008,36.71414],[140.495843,36.714178],[140.495271,36.714446],[140.494953,36.714516],[140.494686,36.714491],[140.494529,36.714441],[140.494315,36.71433],[140.494168,36.714184],[140.494036,36.713988],[140.493683,36.713592],[140.493453,36.713404],[140.49311,36.713175],[140.491855,36.712393],[140.491619,36.712228],[140.491457,36.712133],[140.490359,36.711424],[140.489911,36.711172],[140.489404,36.710923],[140.488884,36.710697],[140.488486,36.710546],[140.487912,36.710366],[140.487314,36.710214],[140.486617,36.71008],[140.485984,36.710001],[140.473471,36.709368],[140.472809,36.709295],[140.472038,36.709172],[140.471509,36.709063],[140.470973,36.708923],[140.470171,36.708693],[140.469073,36.708385],[140.468912,36.708313],[140.468794,36.708232],[140.468502,36.707922],[140.4684,36.707849],[140.468237,36.707772],[140.467477,36.707574],[140.467271,36.707537],[140.467055,36.70752],[140.466883,36.707509],[140.466426,36.707511],[140.465883,36.707543],[140.465566,36.707557],[140.465418,36.707931],[140.465304,36.708283],[140.464721,36.710382],[140.464615,36.710713],[140.463351,36.71425],[140.463148,36.714934],[140.463091,36.715277],[140.463073,36.715434],[140.463067,36.715546],[140.463046,36.715819],[140.463037,36.715947],[140.463008,36.71638],[140.462924,36.716873],[140.462766,36.717458],[140.462676,36.717721],[140.462633,36.717843],[140.462486,36.718257],[140.462333,36.718707],[140.462241,36.71907],[140.46223,36.719441],[140.462228,36.71961],[140.462212,36.719796],[140.462172,36.71998],[140.462047,36.720281],[140.461898,36.720527],[140.46144,36.72104],[140.46129,36.721235],[140.461122,36.721514],[140.460963,36.721889],[140.460647,36.722952],[140.459799,36.725646],[140.459693,36.72603],[140.459443,36.726963],[140.459193,36.72804],[140.458973,36.728919],[140.458627,36.730328],[140.458571,36.730616],[140.458302,36.732641],[140.458269,36.732828],[140.458219,36.733049],[140.458083,36.733439],[140.457886,36.733835],[140.457719,36.734104],[140.457287,36.734721],[140.45724,36.734809],[140.457165,36.735009],[140.45712,36.73524],[140.457125,36.735493],[140.457188,36.73574],[140.457454,36.736209],[140.457603,36.736563],[140.457698,36.736932],[140.457714,36.737159],[140.457689,36.737554],[140.457588,36.737962],[140.457401,36.73839],[140.457324,36.738518],[140.457118,36.738793],[140.456907,36.739009],[140.45619,36.739677],[140.456083,36.739779],[140.456051,36.739809],[140.455722,36.740128],[140.455569,36.740331],[140.455465,36.740528],[140.455391,36.740746],[140.455375,36.740862],[140.455367,36.741597],[140.455352,36.741667],[140.455282,36.74185],[140.455235,36.741925],[140.455031,36.742128],[140.454563,36.74247],[140.454454,36.742581],[140.454319,36.742769],[140.454215,36.743023],[140.454071,36.743304],[140.453446,36.744249],[140.453357,36.744444],[140.453312,36.744735],[140.453305,36.744867],[140.453269,36.745478],[140.453279,36.745604],[140.453334,36.745788],[140.453436,36.746035],[140.453487,36.746265],[140.453473,36.746448],[140.453388,36.746681],[140.452292,36.7488],[140.452234,36.748881],[140.452046,36.749066],[140.451048,36.74967],[140.450664,36.749817],[140.449589,36.750125],[140.449451,36.750178],[140.449152,36.750316],[140.448787,36.750548],[140.448418,36.750715],[140.447174,36.75105],[140.446712,36.751137],[140.445144,36.751289],[140.444826,36.751294],[140.443587,36.75124],[140.443238,36.751251],[140.442548,36.75134],[140.442331,36.751391],[140.441961,36.751496],[140.44179,36.751574],[140.441661,36.751645],[140.441536,36.751737],[140.441358,36.751917],[140.441193,36.752098],[140.440212,36.753377],[140.440105,36.753513],[140.440016,36.753628],[140.439839,36.753856],[140.439713,36.754018],[140.438869,36.755118],[140.438711,36.755434],[140.438552,36.756051],[140.438435,36.756326],[140.438252,36.756619],[140.437669,36.757407],[140.437538,36.757644],[140.437324,36.758128],[140.43719,36.758353],[140.436995,36.75859],[140.436651,36.758945],[140.436379,36.759193],[140.435363,36.759942],[140.43523,36.760128],[140.435195,36.760235],[140.435188,36.760398],[140.435272,36.760849],[140.43528,36.761029],[140.435245,36.761295],[140.435116,36.761607],[140.434235,36.762513],[140.433728,36.763129],[140.433575,36.763508],[140.433099,36.765606],[140.432884,36.766199],[140.432686,36.766603],[140.432283,36.767212],[140.431889,36.767666],[140.431375,36.768148],[140.431008,36.768442],[140.430691,36.768664],[140.430246,36.768991],[140.429998,36.769217],[140.429275,36.769965],[140.429141,36.770101],[140.428975,36.770326],[140.428907,36.7705],[140.42888,36.770689],[140.428933,36.771166],[140.428928,36.771367],[140.428906,36.771458],[140.42878,36.771756],[140.426868,36.771139],[140.425746,36.770745],[140.424819,36.770403],[140.424593,36.770294],[140.424218,36.770071],[140.423703,36.769679],[140.423315,36.769348],[140.422813,36.768819],[140.422544,36.768511],[140.422214,36.767986],[140.422091,36.767724],[140.421756,36.76667],[140.421611,36.766299],[140.421359,36.765851],[140.421211,36.765686],[140.420998,36.76549],[140.420422,36.765114],[140.420012,36.76492],[140.419547,36.764765],[140.419118,36.764692],[140.417807,36.764548],[140.416659,36.764352],[140.414853,36.764042],[140.414304,36.763947],[140.413248,36.763791],[140.412346,36.763648],[140.412141,36.7636],[140.41199,36.763555],[140.411821,36.763475],[140.411733,36.763401],[140.411607,36.763175],[140.411561,36.763049],[140.411542,36.762911],[140.411554,36.762742],[140.411632,36.762373],[140.411635,36.762219],[140.411577,36.761921],[140.411516,36.761788],[140.411419,36.761637],[140.41078,36.760865],[140.410566,36.760553],[140.410371,36.760278],[140.410018,36.759819],[140.409504,36.759051],[140.409286,36.758788],[140.408767,36.758332],[140.408489,36.758112],[140.404804,36.754989],[140.404438,36.754704],[140.404141,36.754434],[140.403905,36.754245],[140.403591,36.754002],[140.403213,36.753741],[140.402897,36.753563],[140.402544,36.753398],[140.4023,36.753324],[140.401872,36.753179],[140.401536,36.752983],[140.401436,36.752899],[140.40133,36.75273],[140.401139,36.752309],[140.400965,36.752066],[140.400697,36.751817],[140.400103,36.75145],[140.399695,36.75117],[140.399514,36.751008],[140.399085,36.750292],[140.398754,36.749983],[140.398537,36.749845],[140.39826,36.749717],[140.398067,36.749649],[140.397738,36.749575],[140.397545,36.749571],[140.397284,36.749591],[140.396738,36.749761],[140.396298,36.750008],[140.395909,36.750267],[140.395727,36.750355],[140.395551,36.750415],[140.395228,36.750479],[140.394433,36.750538],[140.393993,36.750675],[140.393693,36.750804],[140.393443,36.750957],[140.393165,36.751213],[140.39309,36.751259],[140.392753,36.751878],[140.392601,36.752105],[140.392482,36.752235],[140.392295,36.75238],[140.391761,36.752629],[140.391467,36.752837],[140.391365,36.752963],[140.390877,36.753894],[140.390768,36.754055],[140.390277,36.7546],[140.390188,36.754758],[140.390109,36.754964],[140.390055,36.755195],[140.389808,36.756429],[140.389744,36.756994],[140.389766,36.757123],[140.389821,36.757268],[140.389877,36.75735],[140.390039,36.757572],[140.390291,36.757747],[140.390568,36.75798],[140.390662,36.758117],[140.390765,36.75838],[140.390817,36.758835],[140.390769,36.758992],[140.390709,36.759071],[140.390567,36.759201],[140.390443,36.75926],[140.390247,36.759299],[140.389883,36.75931],[140.389154,36.75928],[140.388931,36.75923],[140.388737,36.759165],[140.387691,36.758659],[140.387326,36.758483],[140.387166,36.758429],[140.387006,36.758414],[140.386594,36.75844],[140.38588,36.758484],[140.385537,36.758496],[140.384921,36.758495],[140.384461,36.75847],[140.383758,36.758437],[140.383249,36.758414],[140.383076,36.758406],[140.382837,36.758423],[140.382719,36.758454],[140.382302,36.758636],[140.382191,36.758646],[140.381959,36.758556],[140.381674,36.75893],[140.381577,36.759123],[140.381565,36.759216],[140.38158,36.759439],[140.381697,36.760303],[140.381684,36.760456],[140.381649,36.760594],[140.381592,36.760715],[140.381418,36.760928],[140.381179,36.761072],[140.380906,36.761185],[140.38002,36.761452],[140.3789,36.761773],[140.378712,36.76182],[140.378612,36.761846],[140.378349,36.761924],[140.378241,36.76196],[140.377758,36.76217],[140.377591,36.762266],[140.377328,36.762486],[140.377204,36.762606],[140.376367,36.763654],[140.376024,36.763904],[140.375745,36.764024],[140.375477,36.764119],[140.375241,36.76417],[140.374822,36.764205],[140.37413,36.764222],[140.373882,36.764212],[140.373113,36.764116],[140.372388,36.763852],[140.371991,36.763771],[140.371738,36.763703],[140.371492,36.76361],[140.370675,36.763225],[140.370537,36.763147],[140.369814,36.764261],[140.369593,36.76461],[140.369278,36.764926],[140.369118,36.765043],[140.368816,36.765229],[140.368508,36.765358],[140.368028,36.765438],[140.36746,36.765499],[140.367089,36.765528],[140.365659,36.765872],[140.365335,36.76596],[140.36472,36.766226],[140.364569,36.766275],[140.364421,36.766314],[140.364291,36.766327],[140.364117,36.766317],[140.363979,36.766298],[140.36345,36.766169],[140.363243,36.766136],[140.362786,36.766119],[140.362511,36.766139],[140.362257,36.766187],[140.36177,36.766324],[140.361583,36.766448],[140.361466,36.766504],[140.361328,36.76655],[140.361198,36.766568],[140.361079,36.766568],[140.360196,36.76648],[140.359164,36.76647],[140.359126,36.766914],[140.359081,36.767178],[140.358984,36.767541],[140.358853,36.767877],[140.359003,36.767929],[140.358952,36.768041],[140.358884,36.768194],[140.358816,36.768346],[140.358759,36.768491],[140.358961,36.768543]]},"properties":{"order":6,"from":"さとみ","to":"奥久慈だいご","title":"さとみ → 奥久慈だいご","distance_meters":22204,"duration_seconds":1883.8}},{"type":"Feature","geometry":{"type":"LineString","coordinates":[[140.358961,36.768543],[140.358759,36.768491],[140.358737,36.768566],[140.358752,36.768607],[140.358883,36.768689],[140.358871,36.768771],[140.358839,36.768797],[140.358768,36.768807],[140.35849,36.76876],[140.358221,36.768719],[140.35718,36.768533],[140.356565,36.768423],[140.356447,36.768403],[140.35597,36.768376],[140.355663,36.768396],[140.355315,36.768441],[140.355076,36.768475],[140.354084,36.768643],[140.354027,36.768652],[140.353404,36.768761],[140.353158,36.768825],[140.352791,36.768978],[140.352478,36.769176],[140.352231,36.76939],[140.352022,36.769657],[140.351915,36.769846],[140.351652,36.770443],[140.351398,36.770977],[140.351292,36.7712],[140.351253,36.771435],[140.351267,36.77179],[140.351213,36.77192],[140.350892,36.772187],[140.350824,36.772282],[140.35033,36.773346],[140.350158,36.773619],[140.35003,36.773748],[140.348388,36.775146],[140.347896,36.775559],[140.347716,36.775698],[140.347578,36.775778],[140.347379,36.775813],[140.347068,36.775815],[140.346915,36.775861],[140.346749,36.775956],[140.346627,36.776107],[140.346463,36.776413],[140.346052,36.77707],[140.345774,36.777455],[140.345555,36.777691],[140.345324,36.77785],[140.345178,36.777906],[140.344992,36.77794],[140.34455,36.777938],[140.343897,36.777938],[140.343432,36.778007],[140.343255,36.77805],[140.343099,36.778108],[140.342971,36.77818],[140.342577,36.778459],[140.342239,36.77873],[140.342065,36.778835],[140.34192,36.778887],[140.341778,36.77891],[140.341518,36.778885],[140.339432,36.778325],[140.339054,36.778195],[140.338752,36.778066],[140.338929,36.777807],[140.339327,36.777222],[140.339339,36.77701],[140.339405,36.776836],[140.339389,36.776158],[140.339413,36.77603],[140.339524,36.775902],[140.339976,36.775258],[140.340074,36.775078],[140.34013,36.774925],[140.340186,36.774638],[140.34018,36.7743],[140.340117,36.774074],[140.339711,36.773117],[140.339676,36.772812],[140.339689,36.772334],[140.339753,36.772187],[140.339746,36.771945],[140.339711,36.77181],[140.338912,36.77049],[140.338832,36.770247],[140.338872,36.769985],[140.339007,36.769793],[140.339283,36.769645],[140.339514,36.769595],[140.339746,36.769595],[140.339984,36.769673],[140.340488,36.770395],[140.340614,36.770541],[140.34074,36.770631],[140.340852,36.770676],[140.341006,36.770699],[140.341188,36.770676],[140.341293,36.770631],[140.341391,36.770569],[140.34144,36.770518],[140.341503,36.77035],[140.341496,36.770051],[140.340901,36.768965],[140.340705,36.76866],[140.3406,36.768542],[140.340467,36.768458],[140.340124,36.768351],[140.340012,36.768339],[140.339781,36.768345],[140.339375,36.768407],[140.339046,36.768474],[140.338493,36.768643],[140.338268,36.768689],[140.337897,36.768689],[140.337701,36.76866],[140.3374,36.768564],[140.337224,36.768486],[140.337078,36.768373],[140.335936,36.767185],[140.335761,36.766955],[140.335674,36.766776],[140.335683,36.76652],[140.335785,36.766271],[140.336016,36.766111],[140.336248,36.766034],[140.336534,36.766072],[140.336741,36.766156],[140.337472,36.766802],[140.337679,36.76693],[140.338191,36.767055],[140.338499,36.767049],[140.338738,36.767021],[140.338919,36.766917],[140.339102,36.766751],[140.339571,36.766086],[140.339882,36.765138],[140.339914,36.763827],[140.339826,36.763602],[140.339683,36.76332],[140.33892,36.76238],[140.338649,36.762157],[140.338402,36.761984],[140.338084,36.761862],[140.337432,36.761772],[140.336994,36.76169],[140.336692,36.761562],[140.336517,36.761434],[140.336391,36.761255],[140.336335,36.761139],[140.336399,36.760083],[140.336383,36.759777],[140.336192,36.759444],[140.33589,36.759061],[140.335723,36.758939],[140.335397,36.758843],[140.334514,36.758664],[140.334355,36.7586],[140.334196,36.758504],[140.334077,36.758376],[140.333998,36.75821],[140.333719,36.75732],[140.33356,36.757026],[140.333226,36.756642],[140.332789,36.756028],[140.332558,36.75581],[140.33228,36.755625],[140.331532,36.755222],[140.331294,36.755068],[140.330532,36.754364],[140.328858,36.752745],[140.328207,36.752156],[140.328032,36.751977],[140.327881,36.751785],[140.327802,36.751619],[140.327759,36.751215],[140.327736,36.751071],[140.327672,36.75093],[140.327493,36.750636],[140.326956,36.749868],[140.326834,36.749718],[140.326604,36.749521],[140.326373,36.749403],[140.326212,36.749352],[140.325603,36.749335],[140.325414,36.749301],[140.324967,36.749127],[140.324219,36.74876],[140.323991,36.748663],[140.322974,36.74822],[140.322708,36.74808],[140.322393,36.747842],[140.32226,36.747707],[140.322149,36.747515],[140.322142,36.747341],[140.322324,36.746987],[140.322373,36.746851],[140.322351,36.746671],[140.322274,36.746564],[140.321911,36.74622],[140.32182,36.746074],[140.321778,36.745944],[140.321778,36.745651],[140.321813,36.745477],[140.321876,36.745319],[140.322184,36.744823],[140.322402,36.74435],[140.322367,36.744008],[140.322373,36.743883],[140.322405,36.743715],[140.322469,36.743559],[140.322582,36.743396],[140.322764,36.743247],[140.32288,36.743172],[140.323797,36.742688],[140.323906,36.742584],[140.323985,36.742448],[140.323996,36.742292],[140.323943,36.742141],[140.323865,36.742018],[140.323696,36.741874],[140.323618,36.741839],[140.323412,36.741797],[140.323253,36.74181],[140.323164,36.741833],[140.32302,36.741918],[140.322899,36.742016],[140.321744,36.743222],[140.321482,36.743464],[140.321382,36.743587],[140.321302,36.743727],[140.321274,36.743883],[140.321273,36.744201],[140.321253,36.744383],[140.32123,36.744453],[140.321188,36.744495],[140.321132,36.744549],[140.320791,36.744748],[140.320741,36.744797],[140.320702,36.744872],[140.320668,36.745276],[140.320668,36.74594],[140.3207,36.747065],[140.320682,36.747522],[140.320649,36.747754],[140.320732,36.74816],[140.320688,36.748246],[140.320597,36.748305],[140.320489,36.748314],[140.320425,36.748291],[140.320204,36.748129],[140.32013,36.748052],[140.320049,36.747903],[140.320033,36.747704],[140.32005,36.747303],[140.319999,36.747097],[140.319835,36.746777],[140.319545,36.746274],[140.319415,36.746012],[140.319334,36.745769],[140.319269,36.745453],[140.319066,36.743532],[140.319078,36.743242],[140.319238,36.742224],[140.319288,36.741642],[140.319308,36.741496],[140.319353,36.741349],[140.319449,36.741162],[140.321026,36.739026],[140.321104,36.738895],[140.321173,36.738717],[140.321208,36.73857],[140.321308,36.737647],[140.32132,36.737494],[140.320479,36.737818],[140.320134,36.737877],[140.319716,36.737893],[140.319365,36.737855],[140.319279,36.737841],[140.319189,36.737804],[140.318936,36.737682],[140.318736,36.737611],[140.318528,36.737559],[140.318212,36.737563],[140.317932,36.737575],[140.317825,36.737564],[140.317576,36.737477],[140.317317,36.737352],[140.31701,36.737255],[140.316464,36.73704],[140.316337,36.736972],[140.315962,36.736658],[140.315835,36.736573],[140.314844,36.736158],[140.314706,36.736115],[140.314568,36.736081],[140.314352,36.736068],[140.314035,36.736033],[140.313784,36.735978],[140.313428,36.735905],[140.313331,36.735883],[140.313024,36.735785],[140.312936,36.735731],[140.31282,36.73563],[140.312751,36.735514],[140.312625,36.735135],[140.312548,36.735046],[140.312471,36.735],[140.312392,36.734973],[140.312314,36.734968],[140.311411,36.735082],[140.310387,36.73522],[140.310224,36.73521],[140.309885,36.7351],[140.309617,36.73497],[140.309491,36.734859],[140.309092,36.734062],[140.309026,36.733871],[140.308945,36.733405],[140.308859,36.733295],[140.308747,36.733236],[140.308415,36.733204],[140.308314,36.733177],[140.308244,36.733135],[140.308174,36.733076],[140.308119,36.732998],[140.308023,36.732792],[140.307985,36.732744],[140.307923,36.73271],[140.307793,36.732671],[140.307411,36.732624],[140.306864,36.732469],[140.3065,36.732401],[140.306401,36.732364],[140.306275,36.732277],[140.306231,36.732175],[140.306228,36.732098],[140.306299,36.731693],[140.306261,36.731416],[140.306153,36.731224],[140.305847,36.730822],[140.305503,36.730505],[140.305404,36.730416],[140.305313,36.730307],[140.305269,36.729979],[140.30522,36.729915],[140.305057,36.729783],[140.304968,36.729719],[140.304887,36.729628],[140.304882,36.729524],[140.304916,36.729277],[140.304879,36.729179],[140.304826,36.729133],[140.304751,36.729102],[140.304471,36.729024],[140.304292,36.728934],[140.304185,36.728837],[140.304034,36.728543],[140.303926,36.728379],[140.303792,36.728247],[140.303621,36.728167],[140.303332,36.728094],[140.303194,36.728022],[140.303073,36.727898],[140.303033,36.727832],[140.302957,36.727569],[140.302863,36.727162],[140.302779,36.72693],[140.302573,36.726587],[140.30229,36.726202],[140.302085,36.726002],[140.301517,36.725582],[140.301413,36.725452],[140.301346,36.725331],[140.301295,36.725159],[140.301292,36.72501],[140.301314,36.72489],[140.301538,36.724192],[140.301576,36.723402],[140.301645,36.723181],[140.301837,36.722841],[140.301874,36.722747],[140.301937,36.722485],[140.301949,36.72234],[140.302084,36.721656],[140.3021,36.721476],[140.302241,36.721166],[140.302261,36.72108],[140.302203,36.720558],[140.302203,36.720387],[140.302214,36.720187],[140.302257,36.719919],[140.302404,36.719373],[140.302411,36.719256],[140.302355,36.718848],[140.302402,36.718762],[140.302509,36.718672],[140.302582,36.718583],[140.302604,36.718535],[140.302612,36.718444],[140.302626,36.718253],[140.302696,36.718129],[140.302825,36.717945],[140.303107,36.717679],[140.303128,36.717602],[140.303136,36.717232],[140.303231,36.717019],[140.303347,36.716604],[140.303651,36.716181],[140.303776,36.715955],[140.304317,36.715304],[140.304415,36.715117],[140.304497,36.714902],[140.304702,36.714533],[140.304957,36.714179],[140.30537,36.713493],[140.305546,36.713235],[140.305581,36.713156],[140.30584,36.712299],[140.305838,36.711898],[140.30579,36.711419],[140.30562,36.710656],[140.305555,36.710438],[140.305564,36.710287],[140.305618,36.710174],[140.30594,36.709713],[140.306193,36.709182],[140.306409,36.708891],[140.306822,36.708204],[140.306961,36.70807],[140.307297,36.707809],[140.30771,36.707455],[140.307971,36.707169],[140.308084,36.706999],[140.308147,36.706787],[140.30817,36.705761],[140.308126,36.705466],[140.30807,36.705251],[140.307703,36.704101],[140.307557,36.703819],[140.306976,36.703181],[140.306141,36.702339],[140.305474,36.701549],[140.30502,36.70092],[140.304882,36.700647],[140.304804,36.700356],[140.304621,36.699204],[140.304608,36.699091],[140.304595,36.699001],[140.304394,36.697749],[140.304375,36.697377],[140.304418,36.697025],[140.304755,36.695801],[140.304787,36.695589],[140.304865,36.692876],[140.304917,36.691009],[140.304943,36.690875],[140.305157,36.690258],[140.305464,36.689313],[140.305487,36.689146],[140.305465,36.688061],[140.305443,36.687882],[140.30536,36.687682],[140.305282,36.687571],[140.304777,36.68699],[140.304578,36.686661],[140.304506,36.686485],[140.304444,36.686231],[140.304417,36.685663],[140.304358,36.685398],[140.304156,36.684996],[140.30408,36.684767],[140.304069,36.684525],[140.304121,36.684227],[140.304123,36.684076],[140.304069,36.683828],[140.303981,36.683636],[140.303603,36.683054],[140.303491,36.682882],[140.30345,36.682825],[140.302939,36.681987],[140.302695,36.681432],[140.302457,36.680826],[140.302421,36.680595],[140.302427,36.680362],[140.302573,36.679763],[140.302588,36.679633],[140.30258,36.679467],[140.302531,36.67928],[140.302483,36.679186],[140.302379,36.679047],[140.30165,36.678394],[140.301582,36.678297],[140.301539,36.678154],[140.301542,36.678009],[140.301543,36.677999],[140.301627,36.677293],[140.301636,36.677167],[140.301637,36.677002],[140.301606,36.676736],[140.301569,36.676586],[140.301473,36.676327],[140.301109,36.675584],[140.301022,36.675352],[140.300977,36.67517],[140.300841,36.674264],[140.300766,36.673744],[140.300708,36.673563],[140.300629,36.673442],[140.299945,36.672664],[140.29966,36.672161],[140.299582,36.671991],[140.29953,36.671828],[140.299408,36.671227],[140.299412,36.671094],[140.29946,36.67099],[140.299605,36.670843],[140.29982,36.670574],[140.300111,36.670108],[140.300232,36.669967],[140.300323,36.669887],[140.301484,36.668978],[140.302344,36.668333],[140.302411,36.668243],[140.302442,36.668128],[140.30244,36.668078],[140.302409,36.667832],[140.30236,36.667472],[140.302164,36.66683],[140.30204,36.666545],[140.301951,36.666275],[140.301913,36.666014],[140.301935,36.665735],[140.301975,36.665512],[140.302042,36.665373],[140.302119,36.665275],[140.302192,36.665113],[140.302217,36.664986],[140.302257,36.663589],[140.302257,36.663454],[140.30223,36.663312],[140.302174,36.663173],[140.301953,36.663263],[140.301769,36.663286],[140.301349,36.663294],[140.300054,36.663288],[140.299932,36.663274],[140.299618,36.663188],[140.299253,36.663065],[140.299103,36.663015],[140.298434,36.662799],[140.297567,36.66251],[140.297256,36.662388],[140.297014,36.662272],[140.296647,36.662056],[140.29647,36.661928],[140.296155,36.661649],[140.295947,36.66151],[140.29577,36.661413],[140.295576,36.66133],[140.295368,36.661281],[140.295133,36.661222],[140.295077,36.661208],[140.294163,36.660979],[140.294015,36.660918],[140.293684,36.660689],[140.29311,36.66024],[140.292895,36.660021],[140.292413,36.659485],[140.292158,36.659306],[140.291812,36.659149],[140.290041,36.658588],[140.288743,36.658177],[140.288322,36.657975],[140.288157,36.657877],[140.287633,36.657536],[140.287429,36.657413],[140.287198,36.657295],[140.287044,36.657247],[140.286413,36.657095],[140.285974,36.656996],[140.284557,36.656683],[140.284415,36.656652],[140.282891,36.65632],[140.281621,36.656036],[140.281297,36.655935],[140.280945,36.655798],[140.280263,36.655476],[140.280197,36.655566],[140.280152,36.65559],[140.280047,36.65558]]},"properties":{"order":7,"from":"奥久慈だいご","to":"みわ","title":"奥久慈だいご → みわ","distance_meters":22994,"duration_seconds":1740.1}},{"type":"Feature","geometry":{"type":"LineString","coordinates":[[140.280047,36.65558],[140.280152,36.65559],[140.280197,36.655566],[140.280263,36.655476],[140.280945,36.655798],[140.281297,36.655935],[140.281621,36.656036],[140.282891,36.65632],[140.284415,36.656652],[140.284557,36.656683],[140.285974,36.656996],[140.286413,36.657095],[140.28653,36.656711],[140.286688,36.656187],[140.286818,36.655749],[140.286936,36.655349],[140.287105,36.654715],[140.287261,36.653967],[140.287703,36.651274],[140.287996,36.649337],[140.288344,36.64719],[140.288505,36.646045],[140.288545,36.645503],[140.288577,36.644446],[140.288615,36.644151],[140.288663,36.643957],[140.288891,36.643394],[140.289575,36.641911],[140.290621,36.639354],[140.290887,36.638747],[140.2913,36.638011],[140.29167,36.637434],[140.291964,36.637018],[140.29229,36.636553],[140.29262,36.636074],[140.292882,36.635654],[140.292979,36.635482],[140.293185,36.635032],[140.293365,36.634528],[140.294202,36.631487],[140.294301,36.631007],[140.29432,36.630721],[140.29432,36.630437],[140.294256,36.629289],[140.294277,36.629098],[140.294395,36.628641],[140.294502,36.628362],[140.294873,36.627707],[140.295589,36.626592],[140.296147,36.625829],[140.296324,36.6256],[140.296849,36.625062],[140.297504,36.624246],[140.297701,36.62389],[140.298093,36.62296],[140.298279,36.622509],[140.298414,36.622228],[140.298608,36.621989],[140.298758,36.621865],[140.299011,36.621747],[140.29954,36.621535],[140.299977,36.621368],[140.300168,36.621304],[140.300496,36.621235],[140.300692,36.621212],[140.300907,36.621211],[140.301391,36.621239],[140.302936,36.621276],[140.303136,36.621276],[140.303967,36.621266],[140.30419,36.621259],[140.304388,36.621253],[140.305034,36.621233],[140.305376,36.621226],[140.306219,36.621204],[140.307156,36.621173],[140.307591,36.621159],[140.307834,36.621156],[140.308272,36.621163],[140.308755,36.621195],[140.3096,36.621304],[140.309903,36.621296],[140.310157,36.621264],[140.310487,36.621213],[140.31161,36.620997],[140.313421,36.620673],[140.313767,36.620601],[140.3142,36.620458],[140.314416,36.620333],[140.31456,36.620224],[140.314674,36.620106],[140.314872,36.61983],[140.314981,36.619629],[140.315201,36.619111],[140.315528,36.618302],[140.315644,36.617874],[140.315727,36.617342],[140.315755,36.616816],[140.315741,36.61608],[140.315609,36.613441],[140.315622,36.613023],[140.315674,36.61276],[140.315766,36.612479],[140.31582,36.612346],[140.316016,36.612002],[140.316656,36.611141],[140.316865,36.610909],[140.316966,36.610822],[140.317116,36.610703],[140.317463,36.61041],[140.317567,36.610302],[140.317744,36.610056],[140.317828,36.609888],[140.318029,36.6092],[140.318165,36.608801],[140.318203,36.608599],[140.318214,36.608081],[140.318263,36.607913],[140.318307,36.607811],[140.318365,36.607732],[140.31855,36.607569],[140.319363,36.607253],[140.320002,36.60702],[140.320617,36.606808],[140.32096,36.606644],[140.321118,36.606542],[140.321347,36.606348],[140.32159,36.606101],[140.321833,36.605837],[140.322117,36.605526],[140.322733,36.604901],[140.32338,36.60431],[140.324274,36.603542],[140.324532,36.603239],[140.324889,36.602745],[140.325636,36.602932],[140.326226,36.603044],[140.327059,36.603209],[140.327721,36.603306],[140.329258,36.603432],[140.329542,36.603432],[140.329813,36.603366],[140.330392,36.603264],[140.330666,36.603257],[140.332243,36.60339],[140.332851,36.603427],[140.333296,36.60349],[140.33386,36.603603],[140.334275,36.603629],[140.334648,36.603625],[140.334964,36.603584],[140.335326,36.603504],[140.335543,36.603411],[140.335956,36.603152],[140.336166,36.602963],[140.33657,36.602567],[140.337303,36.601733],[140.337707,36.601391],[140.337961,36.601266],[140.338366,36.601129],[140.338975,36.600975],[140.340047,36.600664],[140.340213,36.600634],[140.340377,36.600622],[140.342484,36.600692],[140.343699,36.600738],[140.343948,36.600733],[140.344197,36.600699],[140.344873,36.600553],[140.345642,36.600345],[140.347027,36.600036],[140.34752,36.599909],[140.348432,36.599629],[140.348977,36.599422],[140.349207,36.599313],[140.349393,36.599192],[140.349554,36.599063],[140.349905,36.598677],[140.34999,36.598557],[140.350186,36.59815],[140.35029,36.597962],[140.35039,36.597825],[140.350645,36.59757],[140.351327,36.597017],[140.351509,36.596898],[140.35168,36.596813],[140.351888,36.596748],[140.352075,36.596701],[140.352278,36.596681],[140.352456,36.596684],[140.352976,36.596761],[140.35332,36.59679],[140.353603,36.596767],[140.353898,36.596682],[140.354184,36.596916],[140.354302,36.596977],[140.354414,36.597017],[140.355325,36.597149],[140.355438,36.597177],[140.355564,36.597228],[140.355753,36.597342],[140.356341,36.598005],[140.356527,36.598157],[140.35665,36.598249],[140.35694,36.598405],[140.357059,36.598453],[140.357198,36.598501],[140.357894,36.598671],[140.358147,36.598688],[140.358346,36.59865],[140.358643,36.598564],[140.358739,36.598558],[140.358843,36.598581],[140.359038,36.598698],[140.359324,36.59894],[140.359598,36.599086],[140.359639,36.599124],[140.359688,36.599209],[140.359764,36.59946],[140.359864,36.599639],[140.359941,36.599717],[140.360145,36.599866],[140.360235,36.599924],[140.360365,36.599965],[140.360484,36.599967],[140.360676,36.599907],[140.361084,36.599633],[140.361295,36.599543],[140.361683,36.599465],[140.362159,36.599487],[140.364456,36.599968],[140.364781,36.600009],[140.366025,36.600102],[140.366374,36.600174],[140.366698,36.600281],[140.367687,36.600746],[140.368118,36.600891],[140.368499,36.600919],[140.370089,36.600677],[140.370664,36.600589],[140.371221,36.600515],[140.3716,36.600526],[140.371835,36.60057],[140.372147,36.600664],[140.37224,36.600696],[140.373156,36.601026],[140.374034,36.601322],[140.374498,36.60154],[140.375015,36.601916],[140.375569,36.60221],[140.376073,36.602516],[140.376444,36.602673],[140.376954,36.602809],[140.378148,36.603018],[140.378333,36.603017],[140.378503,36.602991],[140.378903,36.602845],[140.379175,36.602776],[140.37948,36.602747],[140.379805,36.602737],[140.380178,36.602737],[140.380391,36.602759],[140.380646,36.602814],[140.380764,36.602855],[140.380952,36.602949],[140.38116,36.603084],[140.381529,36.603356],[140.381892,36.603644],[140.382022,36.603773],[140.382115,36.603901],[140.382195,36.604042],[140.382229,36.604137],[140.382292,36.604228],[140.382301,36.604388],[140.382379,36.604795],[140.382484,36.605164],[140.382561,36.605312],[140.382657,36.605443],[140.382787,36.605571],[140.383005,36.60572],[140.383232,36.605858],[140.384052,36.606242],[140.384415,36.606416],[140.385358,36.606772],[140.38563,36.606885],[140.385956,36.607044],[140.386043,36.607101],[140.386233,36.607228],[140.386518,36.607449],[140.386818,36.60774],[140.387089,36.607915],[140.387425,36.608074],[140.387474,36.608121],[140.388269,36.60846],[140.388465,36.608508],[140.388648,36.608544],[140.389653,36.608639],[140.390121,36.608725],[140.390306,36.608773],[140.390454,36.608848],[140.390799,36.609037],[140.390983,36.609187],[140.39109,36.609315],[140.391199,36.60947],[140.391321,36.609728],[140.39138,36.609983],[140.391452,36.610854],[140.391479,36.61097],[140.39158,36.611239],[140.391742,36.611485],[140.391959,36.611706],[140.392261,36.611911],[140.392873,36.61213],[140.39386,36.612468],[140.39419,36.612516],[140.394546,36.612503],[140.394835,36.612495],[140.395998,36.612378],[140.396361,36.612368],[140.396655,36.612375],[140.396827,36.612416],[140.397179,36.612457],[140.397291,36.612478],[140.397512,36.612505],[140.397996,36.612543],[140.39857,36.612621],[140.398471,36.612206],[140.398452,36.612166],[140.398436,36.612055],[140.398415,36.611996],[140.398338,36.611703],[140.398287,36.611401],[140.398214,36.610888],[140.398172,36.610395],[140.398169,36.609657],[140.398189,36.609073],[140.398198,36.608843],[140.398273,36.608172],[140.398365,36.60772],[140.398456,36.607362],[140.398729,36.606473],[140.398914,36.605984],[140.399362,36.605007],[140.399695,36.604402],[140.399944,36.603995],[140.400226,36.603576],[140.400585,36.603114],[140.401385,36.602194],[140.40191,36.601691],[140.40235,36.601312],[140.403048,36.600799],[140.404485,36.599684],[140.405558,36.598809],[140.406379,36.598203],[140.406851,36.59782],[140.407096,36.597637],[140.408007,36.597135],[140.408574,36.596816],[140.409493,36.59627],[140.409582,36.596353],[140.409682,36.596404],[140.409778,36.596421],[140.409892,36.596418],[140.409996,36.596395],[140.410118,36.596542],[140.410113,36.596721],[140.410035,36.596724],[140.409806,36.596806],[140.409677,36.596882],[140.40959,36.596933]]},"properties":{"order":8,"from":"みわ","to":"常陸大宮","title":"みわ → 常陸大宮","distance_meters":18553,"duration_seconds":1275}},{"type":"Feature","geometry":{"type":"LineString","coordinates":[[140.40959,36.596933],[140.409677,36.596882],[140.409806,36.596806],[140.410035,36.596724],[140.410113,36.596721],[140.410118,36.596542],[140.409996,36.596395],[140.409892,36.596418],[140.409778,36.596421],[140.409682,36.596404],[140.409582,36.596353],[140.409493,36.59627],[140.410209,36.595887],[140.410619,36.595611],[140.410794,36.595474],[140.411161,36.595106],[140.411354,36.59486],[140.411505,36.594596],[140.411623,36.594393],[140.411682,36.59421],[140.411746,36.593859],[140.411792,36.593585],[140.411778,36.593149],[140.411699,36.592714],[140.411575,36.592104],[140.411535,36.59197],[140.411323,36.591092],[140.410998,36.589835],[140.410861,36.589295],[140.410681,36.588826],[140.410459,36.588337],[140.410209,36.587949],[140.409569,36.58718],[140.409374,36.586924],[140.408818,36.586114],[140.408678,36.585817],[140.40843,36.585376],[140.408228,36.584869],[140.408015,36.584079],[140.407704,36.582801],[140.407195,36.580748],[140.406586,36.578273],[140.40649,36.577883],[140.406435,36.577614],[140.406,36.575794],[140.405882,36.575263],[140.405867,36.575205],[140.405548,36.575266],[140.405344,36.57525],[140.405129,36.575212],[140.404728,36.575109],[140.40451,36.575078],[140.403999,36.575112],[140.403561,36.575203],[140.4035,36.575402],[140.40341,36.575583],[140.403309,36.575687],[140.403102,36.575834],[140.40249,36.576168],[140.402028,36.576469],[140.401503,36.57668],[140.401206,36.576667],[140.400874,36.576608],[140.400101,36.576401],[140.398948,36.576031],[140.398503,36.575921],[140.398197,36.575827],[140.397709,36.575629],[140.39723,36.575383],[140.397086,36.575307],[140.396797,36.5751],[140.396719,36.575065],[140.396389,36.574687],[140.395702,36.573971],[140.395092,36.5734],[140.394378,36.572687],[140.3936,36.571956],[140.393228,36.571534],[140.39288,36.571208],[140.392527,36.570757],[140.391958,36.570154],[140.391443,36.569646],[140.390885,36.568991],[140.390434,36.568371],[140.390059,36.567586],[140.389719,36.566819],[140.389589,36.56656],[140.389035,36.566882],[140.388753,36.567073],[140.388281,36.567449],[140.387714,36.567861],[140.387258,36.568107],[140.386757,36.56833],[140.386288,36.568487],[140.38581,36.568589],[140.38546,36.568646],[140.384422,36.568715],[140.382862,36.568845],[140.382785,36.568922],[140.382521,36.569018],[140.381631,36.56922],[140.380487,36.569489],[140.380264,36.569524],[140.37973,36.569564],[140.379536,36.569608],[140.378694,36.569964],[140.376571,36.57101],[140.374215,36.572093],[140.374025,36.572168],[140.373571,36.572235],[140.373521,36.572254],[140.37343,36.572327],[140.373298,36.572463],[140.373188,36.572548],[140.373059,36.572629],[140.372594,36.572872],[140.370997,36.573685],[140.370725,36.573355],[140.370397,36.573002],[140.370153,36.572742],[140.369959,36.572576],[140.369756,36.572316],[140.369582,36.572039],[140.369325,36.571524],[140.369207,36.571398],[140.369126,36.571351],[140.368858,36.571258],[140.368742,36.571198],[140.368643,36.571107],[140.368572,36.571018],[140.368515,36.570901],[140.368473,36.570723],[140.368468,36.570509],[140.36847,36.570426],[140.368612,36.569729],[140.368883,36.568963],[140.368943,36.568716],[140.368946,36.568557],[140.368893,36.568298],[140.368795,36.568049],[140.368552,36.567704],[140.368482,36.567553],[140.368422,36.56738],[140.368383,36.566915],[140.368349,36.566803],[140.368289,36.566685],[140.368229,36.566602],[140.368079,36.566468],[140.366805,36.565733],[140.365722,36.565388],[140.365452,36.565279],[140.364224,36.564608],[140.364071,36.564482],[140.363979,36.564372],[140.363862,36.564175],[140.363811,36.564026],[140.363782,36.563871],[140.363779,36.56308],[140.363812,36.561727],[140.363918,36.560982],[140.364057,36.560233],[140.364074,36.559915],[140.364019,36.559604],[140.363961,36.559422],[140.363828,36.559168],[140.363389,36.5585],[140.36326,36.558353],[140.36317,36.558271],[140.362815,36.55806],[140.362298,36.557865],[140.362073,36.557719],[140.361924,36.557555],[140.361814,36.557367],[140.361555,36.556261],[140.361448,36.556011],[140.361335,36.555806],[140.361104,36.555472],[140.360345,36.554611],[140.360252,36.554522],[140.359962,36.554152],[140.359756,36.553853],[140.359635,36.553621],[140.359412,36.553083],[140.359189,36.552687],[140.358374,36.551577],[140.357993,36.551097],[140.35718,36.55031],[140.356958,36.550051],[140.35681,36.549769],[140.356657,36.549265],[140.356541,36.548955],[140.356437,36.548752],[140.356259,36.548464],[140.355926,36.548006],[140.355784,36.547719],[140.355718,36.54752],[140.355643,36.547531],[140.355587,36.547523],[140.355517,36.547476],[140.355247,36.547184],[140.354695,36.546683],[140.352176,36.546642],[140.350775,36.546613],[140.350185,36.54657],[140.349433,36.546515],[140.346368,36.546245],[140.34574,36.546201],[140.345161,36.546151],[140.344759,36.546162],[140.344569,36.546184],[140.344385,36.54621],[140.344152,36.546271],[140.343936,36.546337],[140.343579,36.546486],[140.343456,36.546588],[140.343391,36.546676],[140.343348,36.546772],[140.343299,36.546937],[140.343195,36.547574],[140.343048,36.547836],[140.342755,36.548168],[140.342535,36.548274],[140.341761,36.548494],[140.341595,36.548553],[140.341413,36.548639],[140.341184,36.5488],[140.341024,36.54895],[140.340901,36.549103],[140.340584,36.549456],[140.340462,36.54956],[140.340322,36.549645],[140.339996,36.549806],[140.339749,36.549884],[140.338665,36.550219],[140.338618,36.550229],[140.338494,36.550262],[140.338297,36.550291],[140.337972,36.550297],[140.337738,36.550276],[140.337415,36.550192],[140.337171,36.550087],[140.337015,36.550006],[140.336509,36.549673],[140.335724,36.549182],[140.335503,36.549058],[140.335214,36.548928],[140.334989,36.548849],[140.334718,36.548786],[140.33438,36.548716],[140.333736,36.548666],[140.332005,36.548698],[140.33149,36.548706],[140.331498,36.548487],[140.331549,36.546641],[140.33158,36.546072],[140.33163,36.545749],[140.331717,36.54546],[140.331778,36.545319],[140.331939,36.545072],[140.332152,36.544813],[140.332376,36.544601],[140.332506,36.544507],[140.332814,36.544409],[140.333422,36.544252],[140.333686,36.544657],[140.333347,36.544788],[140.333263,36.544786],[140.333135,36.544757]]},"properties":{"order":9,"from":"常陸大宮","to":"かつら","title":"常陸大宮 → かつら","distance_meters":13222,"duration_seconds":1038.7}},{"type":"Feature","geometry":{"type":"LineString","coordinates":[[140.333135,36.544757],[140.333263,36.544786],[140.333347,36.544788],[140.333686,36.544657],[140.333422,36.544252],[140.334994,36.543871],[140.335275,36.54379],[140.33545,36.543709],[140.335649,36.543557],[140.335839,36.543318],[140.336288,36.542484],[140.336547,36.541997],[140.33685,36.541487],[140.337125,36.541135],[140.337436,36.540847],[140.337597,36.540735],[140.337832,36.540605],[140.338731,36.540174],[140.339548,36.539758],[140.341373,36.538851],[140.343104,36.537992],[140.343675,36.537738],[140.344886,36.537112],[140.345647,36.536649],[140.34593,36.53645],[140.346385,36.536135],[140.347417,36.535391],[140.34794,36.535032],[140.348713,36.53442],[140.349408,36.533715],[140.349936,36.533085],[140.350068,36.532928],[140.350386,36.532473],[140.350643,36.532025],[140.350884,36.531535],[140.351003,36.531233],[140.351209,36.530628],[140.351552,36.529415],[140.351908,36.528156],[140.352152,36.527472],[140.352324,36.527063],[140.352627,36.526235],[140.352654,36.526157],[140.352998,36.525351],[140.353094,36.525192],[140.353209,36.525058],[140.353347,36.524935],[140.353587,36.52479],[140.353818,36.524667],[140.354303,36.524441],[140.355612,36.523818],[140.356188,36.523549],[140.356746,36.523293],[140.35685,36.52323],[140.357619,36.522845],[140.358594,36.522318],[140.359227,36.521935],[140.359737,36.521562],[140.359915,36.521435],[140.360273,36.521181],[140.360536,36.520966],[140.360838,36.520712],[140.36117,36.520424],[140.36151,36.520131],[140.362363,36.519386],[140.363675,36.518263],[140.36434,36.517697],[140.364569,36.517494],[140.364963,36.517132],[140.365298,36.516756],[140.365447,36.516547],[140.365624,36.516264],[140.366291,36.515058],[140.366681,36.514338],[140.365431,36.514133],[140.365049,36.514058],[140.364878,36.513998],[140.36474,36.513923],[140.364633,36.51381],[140.364297,36.513138],[140.364444,36.513074],[140.364499,36.513028],[140.364553,36.512969],[140.365513,36.511302],[140.366529,36.509575],[140.367542,36.507828],[140.368551,36.506085],[140.369436,36.504567],[140.369556,36.504332],[140.369715,36.504058],[140.369806,36.503824],[140.369809,36.503684],[140.369787,36.503553],[140.369777,36.503495],[140.369717,36.503257],[140.369684,36.503037],[140.369702,36.502827],[140.369913,36.501976],[140.369925,36.501759],[140.36985,36.501355],[140.369791,36.501138],[140.36968,36.500847],[140.369412,36.500375],[140.36923,36.500122],[140.368602,36.499371],[140.368184,36.498893],[140.367611,36.498307],[140.367433,36.49811],[140.367383,36.497999],[140.367282,36.497916],[140.366984,36.4976],[140.366198,36.496726],[140.365029,36.495396],[140.364834,36.495125],[140.364616,36.494812],[140.363992,36.493712],[140.363799,36.493467],[140.363627,36.493286],[140.363185,36.4929],[140.362939,36.492616],[140.362844,36.492418],[140.362363,36.490952],[140.362196,36.490465],[140.362111,36.490273],[140.36199,36.490249],[140.362039,36.49013],[140.362034,36.489873],[140.362012,36.489526],[140.362026,36.489203],[140.362099,36.48889],[140.36219,36.488655],[140.362392,36.488227],[140.362445,36.488177],[140.362886,36.487757],[140.363328,36.487398],[140.363893,36.487017],[140.364181,36.486865],[140.364596,36.486693],[140.365578,36.486377],[140.366062,36.486186],[140.366978,36.485728],[140.367529,36.485508],[140.368637,36.485018],[140.369168,36.484708],[140.369592,36.484384],[140.369929,36.484096],[140.370036,36.48395],[140.370195,36.483716],[140.370474,36.483246],[140.370898,36.482545],[140.370722,36.482451],[140.369278,36.481694],[140.368927,36.481467],[140.368821,36.481377],[140.368511,36.481098],[140.367365,36.47989],[140.36664,36.479108],[140.366419,36.478911],[140.365852,36.478478],[140.365684,36.478364],[140.365439,36.478233],[140.364875,36.478084],[140.36442,36.477955],[140.364015,36.477797],[140.363799,36.477676],[140.363498,36.477475],[140.363192,36.477257],[140.362644,36.476909],[140.362451,36.476793],[140.36109,36.476002],[140.360128,36.475453],[140.359907,36.475312],[140.359687,36.475133],[140.359597,36.475008],[140.359536,36.474876],[140.359499,36.474613],[140.359502,36.473937],[140.359432,36.473632],[140.359333,36.47341],[140.359233,36.473239],[140.35907,36.47303],[140.358352,36.472325],[140.357834,36.471904],[140.357478,36.471641],[140.356324,36.470851],[140.356092,36.470691],[140.355969,36.470609],[140.354626,36.469692],[140.354078,36.469259],[140.353831,36.469044],[140.353004,36.468244],[140.35272,36.468014],[140.352568,36.467907],[140.352119,36.467639],[140.350568,36.466732],[140.350117,36.46646],[140.349781,36.46619],[140.349662,36.46605],[140.349052,36.465087],[140.348867,36.464838],[140.348693,36.464648],[140.347468,36.463468],[140.34683,36.462878],[140.346648,36.46273],[140.34633,36.462525],[140.345662,36.462186],[140.344743,36.461775],[140.344406,36.461647],[140.343511,36.46135],[140.343301,36.461263],[140.342923,36.461033],[140.341278,36.459833],[140.340986,36.459693],[140.340297,36.459466],[140.339913,36.459305],[140.339525,36.459019],[140.339064,36.458637],[140.339017,36.458562],[140.338895,36.458217],[140.33831,36.456587],[140.338247,36.456369],[140.338146,36.455861],[140.33813,36.455434],[140.338179,36.454904],[140.338279,36.454499],[140.338404,36.454164],[140.338501,36.453926],[140.338868,36.453238],[140.339183,36.452683],[140.339591,36.452031],[140.339868,36.451588],[140.339915,36.451479],[140.339964,36.45121],[140.339953,36.450919],[140.339939,36.450813],[140.339925,36.450672],[140.339898,36.45041],[140.33989,36.450321],[140.339823,36.449567],[140.339746,36.449314],[140.339566,36.44901],[140.339361,36.448799],[140.338662,36.448352],[140.337707,36.447765],[140.337215,36.447531],[140.336586,36.447358],[140.336171,36.447294],[140.335162,36.447264],[140.334371,36.447241],[140.333159,36.447206],[140.332911,36.447163],[140.332633,36.447127],[140.331752,36.446874],[140.330353,36.446465],[140.330054,36.446307],[140.329823,36.446121],[140.329328,36.445632],[140.329279,36.445582],[140.329101,36.445413],[140.328479,36.445004],[140.327274,36.444417],[140.32703,36.444229],[140.326907,36.443988],[140.326896,36.443763],[140.327128,36.44316],[140.32709,36.442879],[140.326939,36.442595],[140.325779,36.441126],[140.325711,36.44098],[140.325674,36.440851],[140.325508,36.43975],[140.325462,36.438727],[140.325493,36.438525],[140.325535,36.438418],[140.325754,36.438012],[140.325819,36.437789],[140.325817,36.43757],[140.325721,36.437217],[140.325696,36.43696],[140.325711,36.436762],[140.325885,36.435778],[140.325857,36.435556],[140.325772,36.435358],[140.325606,36.435191],[140.325507,36.435128],[140.325309,36.43505],[140.324758,36.434902],[140.322685,36.434507],[140.32236,36.434385],[140.322161,36.434266],[140.322013,36.434136],[140.321291,36.433222],[140.320926,36.432675],[140.320654,36.432206],[140.319356,36.429556],[140.319178,36.429143],[140.319117,36.428892],[140.319044,36.427894],[140.319001,36.427542],[140.318931,36.427378],[140.318813,36.427234],[140.318073,36.426577],[140.317927,36.426421],[140.317784,36.426244],[140.317673,36.42605],[140.317585,36.425807],[140.317535,36.425595],[140.317526,36.425311],[140.317626,36.424566],[140.317661,36.424349],[140.317869,36.423041],[140.3179,36.422682],[140.317892,36.422448],[140.317863,36.42225],[140.317753,36.421967],[140.317582,36.4217],[140.317299,36.421361],[140.317103,36.42116],[140.315467,36.419488],[140.315082,36.41919],[140.314889,36.419028],[140.313793,36.418112],[140.313731,36.418059],[140.312877,36.41753],[140.312116,36.417124],[140.311149,36.416607],[140.310717,36.416397],[140.310244,36.416235],[140.309913,36.416147],[140.309545,36.416115],[140.30759,36.41608],[140.30724,36.416033],[140.306696,36.415959],[140.306104,36.415836],[140.305187,36.415527],[140.302957,36.414788],[140.302704,36.414709],[140.301739,36.414406],[140.300939,36.414076],[140.300632,36.41391],[140.300513,36.413851],[140.299876,36.413417],[140.299139,36.412886],[140.298165,36.412393],[140.296027,36.411435],[140.294565,36.410772],[140.294056,36.410552],[140.293165,36.41013],[140.292188,36.409584],[140.29216,36.409568],[140.291952,36.409441],[140.290549,36.408632],[140.289335,36.407908],[140.289015,36.407641],[140.288723,36.407344],[140.288126,36.406293],[140.287903,36.405928],[140.287651,36.405466],[140.287208,36.404704],[140.286593,36.403877],[140.286458,36.403729],[140.286286,36.403574],[140.285439,36.402854],[140.285195,36.402648],[140.28486,36.402413],[140.28452,36.402222],[140.284349,36.40214],[140.284082,36.402051],[140.282579,36.40166],[140.282217,36.401553],[140.28187,36.401412],[140.281614,36.401291],[140.281284,36.401079],[140.281004,36.400865],[140.280818,36.400685],[140.280474,36.4003],[140.280216,36.399972],[140.280081,36.399823],[140.279799,36.399609],[140.279024,36.399081],[140.278801,36.398971],[140.278566,36.398881],[140.278176,36.398781],[140.277663,36.398693],[140.276927,36.39853],[140.276451,36.398391],[140.27703,36.397366],[140.27712,36.397237],[140.277248,36.397102],[140.277418,36.396988],[140.277581,36.396916],[140.277872,36.396825],[140.277977,36.396792],[140.278871,36.396532],[140.27911,36.396439],[140.279796,36.395984],[140.280385,36.39573],[140.280859,36.395467],[140.281608,36.395033],[140.282266,36.394701],[140.282722,36.394547],[140.283044,36.394412],[140.283225,36.394298],[140.283515,36.394076],[140.283682,36.393893],[140.283787,36.393712],[140.283861,36.393519],[140.283979,36.392883],[140.284372,36.391515],[140.284473,36.391159],[140.284546,36.390839],[140.284557,36.390721],[140.284544,36.390154],[140.284594,36.389842],[140.284793,36.388977],[140.284833,36.388556],[140.284834,36.387961],[140.284806,36.387625],[140.284746,36.387307],[140.284631,36.386893],[140.284361,36.385947],[140.284251,36.38564],[140.284121,36.38532],[140.283787,36.384651],[140.2835,36.384139],[140.283111,36.383538],[140.281599,36.381776],[140.278637,36.378275],[140.278512,36.378109],[140.278461,36.377989],[140.278424,36.377671],[140.278445,36.377524],[140.278562,36.377127],[140.278905,36.375864],[140.278899,36.375634],[140.278851,36.375482],[140.278758,36.375311],[140.278277,36.374728],[140.27818,36.374516],[140.278145,36.374355],[140.278157,36.374139],[140.278236,36.373922],[140.278543,36.373241],[140.278679,36.372871],[140.278872,36.371965],[140.27896,36.371641],[140.279022,36.371503],[140.279116,36.371358],[140.27957,36.370836],[140.279753,36.370576],[140.279886,36.370254],[140.280141,36.369437],[140.280181,36.369292],[140.28025,36.368881],[140.280326,36.368352],[140.280349,36.368036],[140.280364,36.367886],[140.280326,36.367551],[140.280179,36.366871],[140.280033,36.36629],[140.279959,36.366074],[140.279836,36.365805],[140.2796,36.365402],[140.279403,36.365149],[140.277759,36.363206],[140.277603,36.362983],[140.277521,36.3628],[140.27747,36.362577],[140.277094,36.36056],[140.27711,36.360313],[140.277151,36.360083],[140.277243,36.359784],[140.277382,36.359564],[140.277535,36.359267],[140.277592,36.359116],[140.277599,36.358964],[140.277495,36.358606],[140.277477,36.358469],[140.277455,36.357489],[140.277485,36.357223],[140.277645,36.356736],[140.277661,36.356646],[140.27729,36.356665],[140.276911,36.356641],[140.276636,36.356601],[140.276269,36.356498],[140.276011,36.356398],[140.275814,36.356301],[140.275629,36.356192],[140.275289,36.355948],[140.274657,36.355502],[140.274238,36.355207],[140.273872,36.355542],[140.273684,36.355714]]},"properties":{"order":10,"from":"かつら","to":"かさま","title":"かつら → かさま","distance_meters":28858,"duration_seconds":2089.1}},{"type":"Feature","geometry":{"type":"LineString","coordinates":[[140.273684,36.355714],[140.273872,36.355542],[140.274238,36.355207],[140.274603,36.354867],[140.275868,36.353692],[140.276233,36.353378],[140.2764,36.353263],[140.27672,36.353061],[140.277079,36.352861],[140.277552,36.352595],[140.27795,36.352357],[140.278217,36.352141],[140.278376,36.351976],[140.278503,36.351813],[140.278679,36.351526],[140.278721,36.351427],[140.278828,36.351101],[140.279026,36.350356],[140.279967,36.346699],[140.280006,36.346439],[140.280035,36.345891],[140.27998,36.345333],[140.279887,36.344927],[140.279581,36.344124],[140.279541,36.344026],[140.279323,36.343481],[140.279041,36.342773],[140.278856,36.342775],[140.278259,36.342913],[140.277823,36.342955],[140.277343,36.342939],[140.276874,36.342854],[140.276664,36.342793],[140.276281,36.342641],[140.27595,36.342453],[140.275771,36.34232],[140.27517,36.341811],[140.275016,36.341678],[140.273197,36.34007],[140.272917,36.33979],[140.272868,36.339722],[140.272824,36.339643],[140.272796,36.339463],[140.272809,36.339373],[140.272852,36.339276],[140.272912,36.339195],[140.272992,36.339119],[140.273089,36.339061],[140.273206,36.339019],[140.273477,36.338984],[140.273616,36.339008],[140.273721,36.339053],[140.273815,36.339114],[140.273871,36.339194],[140.273903,36.33928],[140.273908,36.339375],[140.273882,36.339473],[140.273835,36.339548],[140.27376,36.339615],[140.273657,36.339678],[140.273488,36.339743],[140.273288,36.339794],[140.272214,36.340017],[140.268984,36.34045],[140.268434,36.340537],[140.267437,36.340734],[140.266582,36.340956],[140.266088,36.341102],[140.265622,36.341258],[140.263834,36.341908],[140.262895,36.342233],[140.261175,36.342747],[140.260177,36.342993],[140.259182,36.343198],[140.258168,36.343363],[140.257654,36.343432],[140.256575,36.343549],[140.255643,36.343615],[140.255146,36.343634],[140.254166,36.34365],[140.253562,36.343639],[140.252427,36.343579],[140.251921,36.343538],[140.25085,36.343396],[140.249733,36.343203],[140.24897,36.343026],[140.24799,36.342751],[140.246704,36.342337],[140.244911,36.341722],[140.243831,36.34141],[140.242514,36.341062],[140.241149,36.34074],[140.239653,36.340446],[140.238457,36.340252],[140.237328,36.340096],[140.236393,36.339987],[140.235399,36.339901],[140.233475,36.339784],[140.23259,36.339762],[140.231627,36.339764],[140.229436,36.339839],[140.228325,36.339911],[140.227153,36.340017],[140.225674,36.340192],[140.22445,36.340376],[140.223436,36.340551],[140.222213,36.34079],[140.220834,36.341094],[140.215075,36.342434],[140.213994,36.342644],[140.212852,36.342843],[140.211138,36.343074],[140.210253,36.343161],[140.208497,36.343284],[140.206903,36.343327],[140.205834,36.343322],[140.204874,36.343288],[140.203524,36.343209],[140.202354,36.343105],[140.201383,36.342994],[140.199549,36.34275],[140.198236,36.342611],[140.196826,36.342497],[140.195669,36.342422],[140.194224,36.34238],[140.192733,36.342365],[140.190772,36.342421],[140.189684,36.342474],[140.18913,36.342509],[140.187598,36.34264],[140.186022,36.342821],[140.184509,36.343045],[140.182953,36.343316],[140.181902,36.343522],[140.180358,36.343874],[140.179544,36.344074],[140.1784,36.34438],[140.17737,36.344684],[140.173877,36.345808],[140.172743,36.346169],[140.16909,36.347339],[140.167749,36.347714],[140.167088,36.347867],[140.165857,36.348093],[140.164709,36.348237],[140.163318,36.348321],[140.162678,36.348324],[140.162113,36.348317],[140.161509,36.34829],[140.160464,36.348198],[140.159414,36.348051],[140.158363,36.347848],[140.157412,36.34761],[140.156561,36.347353],[140.155668,36.34704],[140.154276,36.346462],[140.152019,36.345412],[140.151219,36.345061],[140.150571,36.344784],[140.149728,36.344455],[140.148881,36.344145],[140.147445,36.343678],[140.146275,36.34334],[140.14533,36.343095],[140.143849,36.342759],[140.142983,36.34259],[140.141159,36.342283],[140.139956,36.342093],[140.138734,36.341925],[140.137411,36.341799],[140.136216,36.341729],[140.134613,36.341682],[140.133022,36.341687],[140.131085,36.34174],[140.129357,36.341813],[140.127864,36.341903],[140.1255,36.342089],[140.124496,36.342194],[140.123363,36.342335],[140.122289,36.342502],[140.12097,36.342733],[140.119892,36.342956],[140.118917,36.343188],[140.117048,36.343719],[140.116,36.344056],[140.113871,36.344842],[140.112108,36.345615],[140.111288,36.346016],[140.110465,36.346453],[140.109188,36.347171],[140.107884,36.347946],[140.106736,36.348706],[140.105844,36.349275],[140.104261,36.350188],[140.103506,36.350593],[140.101936,36.351347],[140.100813,36.351831],[140.099256,36.35243],[140.098656,36.35264],[140.098169,36.352803],[140.097106,36.353171],[140.095127,36.353927],[140.093935,36.35442],[140.092188,36.355207],[140.090821,36.355881],[140.089455,36.356597],[140.086918,36.358011],[140.086245,36.358366],[140.085795,36.358585],[140.084969,36.358935],[140.084434,36.359157],[140.083556,36.359508],[140.083221,36.359595],[140.082989,36.359613],[140.082735,36.359587],[140.082594,36.359555],[140.08247,36.359507],[140.082234,36.359364],[140.082144,36.359286],[140.081965,36.359087],[140.081568,36.358263],[140.081421,36.358114],[140.081149,36.357691],[140.081026,36.357418],[140.080981,36.357277],[140.080962,36.356921],[140.080995,36.356726],[140.08107,36.356545],[140.081213,36.356301],[140.081469,36.355873],[140.08149,36.355779],[140.080976,36.355556],[140.079798,36.354963],[140.077436,36.353738],[140.07648,36.35324],[140.075608,36.352816],[140.074895,36.352574],[140.074676,36.352516],[140.074539,36.352475],[140.073175,36.352278],[140.068768,36.351907],[140.066122,36.351664],[140.06555,36.351602],[140.06342,36.35139],[140.0611,36.351166],[140.060258,36.351041],[140.059812,36.350952],[140.058908,36.350753],[140.057211,36.350386],[140.055208,36.349946],[140.054414,36.349774],[140.054116,36.349706],[140.053614,36.349559],[140.053197,36.349385],[140.052687,36.349136],[140.051901,36.34876],[140.051561,36.348602],[140.05087,36.348273],[140.050076,36.347894],[140.049805,36.347762],[140.047623,36.346754],[140.044121,36.345107],[140.043378,36.344716],[140.043078,36.344508],[140.041647,36.343547],[140.04119,36.343274],[140.040661,36.343042],[140.040237,36.34293],[140.039923,36.342884],[140.038667,36.342746],[140.037384,36.342576],[140.035237,36.342266],[140.034898,36.342184],[140.034539,36.342055],[140.034306,36.341945],[140.033995,36.341738],[140.03376,36.341546],[140.033513,36.34128],[140.033281,36.340937],[140.032048,36.338777],[140.031556,36.337918],[140.031445,36.337754],[140.031311,36.337609],[140.031154,36.337486],[140.030849,36.337294],[140.030519,36.337136],[140.029843,36.336773],[140.02918,36.336395],[140.028659,36.336064],[140.027694,36.335411],[140.026754,36.334731],[140.026313,36.334424],[140.024803,36.333355],[140.02461,36.333218],[140.024044,36.332816],[140.023062,36.332127],[140.021015,36.330663],[140.02052,36.330314],[140.018223,36.328706],[140.018182,36.328678],[140.017265,36.328014],[140.016526,36.327527],[140.015492,36.326793],[140.014909,36.326383],[140.014008,36.325749],[140.013728,36.325554],[140.012813,36.324905],[140.012304,36.324549],[140.011827,36.324234],[140.010666,36.323466],[140.010565,36.323401],[140.010208,36.323197],[140.010086,36.323127],[140.009593,36.322857],[140.009197,36.322658],[140.008824,36.322494],[140.008321,36.322304],[140.008025,36.322192],[140.007632,36.322062],[140.006759,36.321823],[140.006247,36.321707],[140.005829,36.32163],[140.004778,36.321496],[140.00411,36.321461],[140.003728,36.321455],[140.00292,36.321468],[140.002172,36.321522],[140.001444,36.321614],[140.000608,36.321774],[140.000554,36.321786],[140.000511,36.321795],[140.000144,36.321881],[139.999755,36.322001],[139.998821,36.322329],[139.996464,36.323288],[139.995571,36.323654],[139.994625,36.324027],[139.994113,36.324209],[139.993352,36.324442],[139.993087,36.323878],[139.993006,36.323709],[139.993009,36.323626],[139.993059,36.323568],[139.993123,36.323548],[139.993622,36.323535],[139.993619,36.323333],[139.99362,36.323234],[139.993437,36.323238],[139.993405,36.323136]]},"properties":{"order":11,"from":"かさま","to":"グランテラス筑西","title":"かさま → グランテラス筑西","distance_meters":30562,"duration_seconds":1560.1}},{"type":"Feature","geometry":{"type":"LineString","coordinates":[[139.993405,36.323136],[139.993437,36.323238],[139.99362,36.323234],[139.993622,36.323212],[139.993686,36.323187],[139.993985,36.323152],[139.994078,36.323129],[139.994416,36.323014],[139.994537,36.322948],[139.994634,36.322862],[139.994719,36.322736],[139.994751,36.322624],[139.994752,36.322513],[139.994737,36.322047],[139.994783,36.32199],[139.99493,36.321949],[139.99505,36.321935],[139.995534,36.321909],[139.995533,36.321871],[139.995444,36.319981],[139.995398,36.319096],[139.995353,36.31808],[139.995334,36.317657],[139.995307,36.317444],[139.995218,36.316885],[139.995203,36.316682],[139.995211,36.316493],[139.995248,36.316256],[139.995323,36.315851],[139.995341,36.315486],[139.995339,36.315398],[139.995305,36.315059],[139.995219,36.314685],[139.995109,36.314384],[139.994815,36.31369],[139.994412,36.312708],[139.993882,36.311406],[139.993685,36.310799],[139.993508,36.310031],[139.993444,36.309746],[139.993381,36.309437],[139.993351,36.309288],[139.993094,36.308016],[139.992898,36.307084],[139.992743,36.306509],[139.992574,36.306079],[139.992313,36.305608],[139.992061,36.30525],[139.991793,36.304956],[139.991503,36.304674],[139.99119,36.304416],[139.99087,36.304189],[139.990594,36.304027],[139.990215,36.303833],[139.989729,36.303617],[139.989217,36.303407],[139.988724,36.303196],[139.988504,36.303071],[139.988221,36.302884],[139.987872,36.302665],[139.987589,36.30248],[139.987343,36.302321],[139.987002,36.302087],[139.986517,36.301826],[139.986317,36.30175],[139.986107,36.301694],[139.985888,36.301653],[139.985432,36.301596],[139.985386,36.301591],[139.984705,36.30151],[139.984641,36.301503],[139.983656,36.301385],[139.982925,36.301312],[139.981784,36.301174],[139.980475,36.30102],[139.979346,36.300892],[139.978362,36.300777],[139.976904,36.300606],[139.975859,36.300487],[139.975714,36.300482],[139.975665,36.30023],[139.975501,36.299201],[139.97548,36.299074],[139.975277,36.29796],[139.975221,36.297617],[139.975086,36.296845],[139.975076,36.296797],[139.974954,36.296137],[139.974948,36.296101],[139.974546,36.293986],[139.97421,36.292032],[139.974174,36.291842],[139.973706,36.289281],[139.973603,36.288712],[139.973458,36.287916],[139.973452,36.287883],[139.972806,36.284269],[139.972712,36.28377],[139.972653,36.283367],[139.972637,36.283225],[139.972606,36.282948],[139.972416,36.281993],[139.972364,36.281674],[139.971956,36.279416],[139.971814,36.278553],[139.971861,36.278453],[139.972057,36.278314],[139.971771,36.278037],[139.971156,36.277468],[139.970308,36.27669],[139.970143,36.276481],[139.97007,36.276341],[139.970029,36.276198],[139.970007,36.275921],[139.970155,36.275146],[139.970729,36.272884],[139.971088,36.271387],[139.971154,36.271137],[139.971318,36.270438],[139.971358,36.270265],[139.971598,36.269347],[139.971949,36.267863],[139.971954,36.267839],[139.972044,36.267439],[139.972381,36.266086],[139.972852,36.264128],[139.973204,36.262716],[139.973662,36.260867],[139.97401,36.259359],[139.974025,36.259298],[139.974215,36.25858],[139.97453,36.257241],[139.974704,36.256535],[139.974767,36.256276],[139.974965,36.255501],[139.975051,36.255153],[139.975071,36.255084],[139.975432,36.2536],[139.975568,36.253053],[139.975715,36.252464],[139.975743,36.252344],[139.975835,36.251899],[139.976003,36.250937],[139.976181,36.250486],[139.97644,36.249901],[139.97683,36.249125],[139.976927,36.248914],[139.977006,36.248744],[139.97735,36.24803],[139.977866,36.246802],[139.977921,36.246317],[139.977985,36.246022],[139.977998,36.245864],[139.977965,36.245555],[139.977735,36.244337],[139.977695,36.244121],[139.977557,36.243427],[139.977415,36.242503],[139.977264,36.241614],[139.977105,36.240752],[139.976992,36.23993],[139.976975,36.239847],[139.976745,36.238595],[139.976723,36.238489],[139.976641,36.238142],[139.976547,36.237588],[139.976514,36.237073],[139.976555,36.235812],[139.976557,36.235716],[139.976557,36.235687],[139.97654,36.234308],[139.976537,36.233595],[139.976582,36.233356],[139.976716,36.233014],[139.976794,36.232777],[139.977014,36.232245],[139.977484,36.231271],[139.977599,36.230961],[139.977712,36.230509],[139.977744,36.230384],[139.977795,36.229949],[139.977811,36.229818],[139.977867,36.229215],[139.977993,36.228306],[139.977997,36.228011],[139.977962,36.227382],[139.977932,36.227215],[139.977755,36.225835],[139.97765,36.225024],[139.977634,36.2249],[139.977525,36.224154],[139.977491,36.223967],[139.977482,36.223915],[139.977431,36.223594],[139.977427,36.223568],[139.977403,36.223421],[139.977393,36.223357],[139.977378,36.223244],[139.977306,36.222831],[139.977281,36.22271],[139.977255,36.222576],[139.97725,36.222543],[139.977224,36.222383],[139.977212,36.222309],[139.977181,36.22212],[139.97709,36.221541],[139.976928,36.220778],[139.976875,36.220384],[139.977591,36.22036],[139.979245,36.220224],[139.979777,36.22009],[139.980006,36.220037],[139.980429,36.219981],[139.981762,36.220039],[139.981961,36.220013],[139.982201,36.21996],[139.982376,36.219894],[139.982882,36.21962],[139.98371,36.219181],[139.98421,36.218885],[139.985649,36.218098],[139.986053,36.217882],[139.986166,36.217825],[139.985952,36.21619],[139.986255,36.216174],[139.986201,36.215836],[139.986159,36.215764],[139.986406,36.215623]]},"properties":{"order":12,"from":"グランテラス筑西","to":"しもつま","title":"グランテラス筑西 → しもつま","distance_meters":14126,"duration_seconds":1065.5}},{"type":"Feature","geometry":{"type":"LineString","coordinates":[[139.986406,36.215623],[139.986159,36.215764],[139.986046,36.215827],[139.985999,36.215823],[139.985927,36.215304],[139.985831,36.215308],[139.98579,36.214995],[139.985749,36.214703],[139.984642,36.206071],[139.984594,36.205692],[139.984539,36.205309],[139.984485,36.204945],[139.984227,36.202956],[139.984177,36.202517],[139.984172,36.202217],[139.984177,36.201587],[139.984232,36.201055],[139.984428,36.200232],[139.984605,36.19975],[139.984712,36.199512],[139.985086,36.198822],[139.985901,36.197367],[139.986238,36.196706],[139.986536,36.196013],[139.986861,36.195088],[139.986984,36.194648],[139.987217,36.193639],[139.987265,36.19343],[139.987456,36.192605],[139.987634,36.191794],[139.9878,36.19111],[139.987999,36.190256],[139.988491,36.188067],[139.988575,36.187696],[139.988688,36.187187],[139.988766,36.186814],[139.989116,36.185312],[139.989547,36.183419],[139.98963,36.183062],[139.989684,36.182832],[139.989751,36.18253],[139.989902,36.181852],[139.990361,36.179861],[139.990513,36.179173],[139.990846,36.177636],[139.991536,36.174602],[139.991868,36.173121],[139.992019,36.172523],[139.992196,36.171743],[139.992465,36.170744],[139.992808,36.169673],[139.993104,36.168828],[139.994101,36.165953],[139.994537,36.164721],[139.99482,36.163937],[139.99495,36.163576],[139.995057,36.163259],[139.995355,36.162287],[139.995488,36.161652],[139.995584,36.160938],[139.995601,36.159956],[139.995565,36.159164],[139.995529,36.158833],[139.995427,36.15829],[139.99526,36.157609],[139.995024,36.15692],[139.994619,36.155978],[139.994222,36.155119],[139.993396,36.153282],[139.992589,36.151491],[139.992498,36.151287],[139.992239,36.150717],[139.991753,36.149666],[139.991515,36.149138],[139.991354,36.148782],[139.991193,36.148411],[139.990953,36.14788],[139.990814,36.147578],[139.990125,36.146087],[139.989316,36.14429],[139.988506,36.1425],[139.98818,36.141785],[139.987704,36.140681],[139.986868,36.138892],[139.986043,36.137055],[139.985229,36.135262],[139.984804,36.134325],[139.984,36.132518],[139.983183,36.130717],[139.982517,36.129246],[139.982391,36.128924],[139.982304,36.128627],[139.982184,36.128088],[139.982103,36.127378],[139.982092,36.126979],[139.982106,36.126588],[139.982173,36.125955],[139.982538,36.122602],[139.982619,36.121902],[139.982657,36.121575],[139.982782,36.120241],[139.983002,36.118331],[139.983205,36.116419],[139.983336,36.115307],[139.98343,36.114513],[139.983645,36.112604],[139.98383,36.110876],[139.983887,36.110427],[139.983969,36.109632],[139.98406,36.108792],[139.984182,36.107739],[139.984289,36.106702],[139.984351,36.106135],[139.984364,36.106014],[139.984441,36.105301],[139.984837,36.101857],[139.98538,36.096885],[139.985462,36.096145],[139.985622,36.094712],[139.985711,36.093917],[139.985945,36.091433],[139.985912,36.090894],[139.985752,36.090192],[139.98514,36.088448],[139.985015,36.088105],[139.984601,36.087005],[139.984322,36.086259],[139.984197,36.085799],[139.984143,36.085414],[139.98413,36.084931],[139.984174,36.084522],[139.984295,36.084367],[139.984686,36.083132],[139.985171,36.083246]]},"properties":{"order":13,"from":"しもつま","to":"常総","title":"しもつま → 常総","distance_meters":15239,"duration_seconds":945.4}},{"type":"Feature","geometry":{"type":"LineString","coordinates":[[139.985171,36.083246],[139.984686,36.083132],[139.984856,36.082576],[139.985009,36.082188],[139.985474,36.081159],[139.985584,36.081042],[139.985705,36.080968],[139.985938,36.08089],[139.986272,36.080846],[139.986578,36.080761],[139.98663,36.080757],[139.98682,36.080794],[139.986704,36.081049],[139.986138,36.082755],[139.985628,36.084263],[139.985393,36.084925],[139.985337,36.084994],[139.985252,36.085049],[139.985153,36.085075],[139.985026,36.085079],[139.98413,36.084931],[139.984029,36.084926],[139.984051,36.085432],[139.984097,36.085813],[139.984286,36.086434],[139.984485,36.086967],[139.984795,36.087862],[139.985035,36.088543],[139.985128,36.088801],[139.985558,36.089955],[139.985726,36.090503],[139.985807,36.090896],[139.985843,36.091277],[139.985826,36.091816],[139.985598,36.093901],[139.985517,36.093888],[139.985315,36.093835],[139.983884,36.093365],[139.982695,36.092988],[139.980302,36.092215],[139.979966,36.09211],[139.97923,36.091923],[139.97844,36.091776],[139.97766,36.091679],[139.975912,36.091564],[139.974875,36.091525],[139.974539,36.09153],[139.974263,36.091548],[139.973973,36.091586],[139.973303,36.09172],[139.973083,36.091775],[139.972695,36.091875],[139.971891,36.092075],[139.971499,36.092166],[139.970638,36.092383],[139.970172,36.092498],[139.969616,36.092602],[139.969562,36.09261],[139.968764,36.092712],[139.968362,36.092742],[139.967856,36.092752],[139.96681,36.09271],[139.966499,36.092672],[139.966208,36.092622],[139.965295,36.092417],[139.964359,36.092234],[139.964053,36.092192],[139.963464,36.09214],[139.962208,36.092266],[139.95868,36.092641],[139.958124,36.092734],[139.957759,36.092819],[139.957404,36.092927],[139.955286,36.093714],[139.953004,36.09455],[139.952301,36.094872],[139.952012,36.095032],[139.951777,36.095182],[139.951395,36.095487],[139.951037,36.095798],[139.950603,36.095493],[139.950143,36.095271],[139.949907,36.095189],[139.94949,36.095084],[139.94918,36.095052],[139.948881,36.095045],[139.948479,36.095073],[139.947905,36.095185],[139.946446,36.095566],[139.945649,36.095775],[139.944941,36.095924],[139.944436,36.09597],[139.944113,36.095974],[139.943795,36.09596],[139.94316,36.09592],[139.942659,36.095901],[139.942597,36.095899],[139.941381,36.09583],[139.941108,36.0958],[139.940897,36.095751],[139.940494,36.095602],[139.940302,36.095504],[139.940001,36.095317],[139.939647,36.095086],[139.939616,36.095065],[139.939417,36.094926],[139.939383,36.094905],[139.938428,36.094275],[139.938193,36.094115],[139.937769,36.093834],[139.937346,36.093553],[139.93672,36.093136],[139.935927,36.092609],[139.935366,36.092258],[139.935244,36.092189],[139.933794,36.09147],[139.933728,36.091436],[139.933214,36.091184],[139.933159,36.091157],[139.933127,36.091141],[139.93191,36.090538],[139.931248,36.090189],[139.930875,36.089979],[139.929521,36.089216],[139.929216,36.089062],[139.929114,36.089022],[139.928382,36.088753],[139.927328,36.088203],[139.926112,36.087574],[139.92608,36.087557],[139.925827,36.087421],[139.925671,36.087337],[139.924249,36.086603],[139.924115,36.086533],[139.923063,36.085983],[139.922181,36.085517],[139.921554,36.085159],[139.921277,36.085],[139.921124,36.084913],[139.920811,36.085379],[139.92069,36.085462],[139.920539,36.085526],[139.919553,36.085755],[139.918226,36.086345],[139.91807,36.086449],[139.917195,36.087559],[139.917076,36.087747],[139.916635,36.088496],[139.916288,36.088967],[139.915872,36.089425],[139.915305,36.090189],[139.914904,36.09067],[139.914757,36.090798],[139.914489,36.090966],[139.913661,36.091423],[139.912489,36.092268],[139.912231,36.092476],[139.912144,36.092572],[139.911911,36.092922],[139.911351,36.093754],[139.911034,36.094192],[139.910647,36.094675],[139.909964,36.09551],[139.909707,36.095725],[139.909147,36.096185],[139.909008,36.096281],[139.908182,36.096732],[139.907915,36.096893],[139.90784,36.096949],[139.907755,36.097053],[139.907686,36.097208],[139.907569,36.098138],[139.907519,36.098396],[139.90737,36.098616],[139.907306,36.098683],[139.906922,36.099014],[139.906342,36.099457],[139.905805,36.099755],[139.905374,36.099962],[139.904154,36.100487],[139.903891,36.100593],[139.903706,36.100642],[139.903343,36.100674],[139.901513,36.100802],[139.901276,36.100842],[139.900844,36.100981],[139.899642,36.10159],[139.899117,36.101802],[139.898181,36.102184],[139.897567,36.102434],[139.897072,36.10171],[139.896788,36.101222],[139.89675,36.101154],[139.896566,36.100882],[139.896367,36.100645],[139.896222,36.100511],[139.895513,36.100805],[139.894796,36.101069],[139.894506,36.101135],[139.893781,36.101228],[139.893028,36.101319],[139.892246,36.101407],[139.890806,36.10156],[139.889383,36.101733],[139.888824,36.101804],[139.887822,36.101949],[139.887777,36.101956],[139.886955,36.102051],[139.88631,36.102062],[139.885712,36.102068],[139.884659,36.102081],[139.884036,36.102107],[139.883758,36.102136],[139.883223,36.102207],[139.883071,36.102231],[139.882327,36.102346],[139.881797,36.102498],[139.881531,36.102615],[139.880692,36.103062],[139.880369,36.103214],[139.880046,36.103337],[139.879759,36.103423],[139.879708,36.103434],[139.879225,36.10354],[139.878866,36.103595],[139.878113,36.103653],[139.877832,36.103669],[139.877216,36.10371],[139.87684,36.103732],[139.876322,36.103771],[139.875931,36.10382],[139.875409,36.103905],[139.874932,36.104014],[139.873505,36.104436],[139.87275,36.104601],[139.871322,36.104793],[139.86979,36.104941],[139.869358,36.104998],[139.869017,36.105031],[139.868483,36.10504],[139.867738,36.104965],[139.867422,36.104957],[139.865457,36.105004],[139.865101,36.105001],[139.864776,36.104966],[139.864502,36.10488],[139.864388,36.104838],[139.864255,36.104764],[139.863787,36.104459],[139.863663,36.104383],[139.863437,36.104225],[139.863104,36.104011],[139.862885,36.103902],[139.862448,36.10376],[139.862215,36.103716],[139.861961,36.103692],[139.860278,36.103733],[139.859994,36.103728],[139.859742,36.103699],[139.85929,36.103612],[139.858919,36.103499],[139.858259,36.1032],[139.857624,36.102896],[139.857223,36.102713],[139.856699,36.102461],[139.856259,36.102247],[139.855794,36.102033],[139.855511,36.101898],[139.853349,36.100876],[139.853066,36.100746],[139.852742,36.100617],[139.852359,36.100496],[139.851707,36.100369],[139.851162,36.100323],[139.85054,36.100339],[139.848304,36.100453],[139.847505,36.100489],[139.846854,36.100499],[139.846015,36.100476],[139.845264,36.100397],[139.844491,36.100271],[139.842492,36.099931],[139.842287,36.099892],[139.841829,36.099779],[139.841476,36.099628],[139.840275,36.098969],[139.840005,36.098828],[139.839689,36.098657],[139.839531,36.098578],[139.839243,36.098466],[139.83897,36.098394],[139.83861,36.09835],[139.837306,36.098261],[139.836786,36.098185],[139.836286,36.098066],[139.83586,36.097942],[139.835031,36.097688],[139.834343,36.097484],[139.834314,36.097475],[139.834224,36.097448],[139.834177,36.097435],[139.833884,36.097354],[139.833213,36.097187],[139.832978,36.097132],[139.832664,36.097062],[139.830845,36.096689],[139.829987,36.096517],[139.829946,36.096508],[139.828499,36.096205],[139.827897,36.096111],[139.826601,36.096051],[139.826088,36.096014],[139.825443,36.095998],[139.825092,36.096015],[139.824644,36.096088],[139.824295,36.096191],[139.822521,36.096915],[139.822134,36.097075],[139.822058,36.097084],[139.821971,36.097065],[139.821853,36.096977],[139.821665,36.097144],[139.821354,36.097355],[139.82113,36.097457],[139.819956,36.097856],[139.818821,36.098217],[139.818724,36.098243],[139.818325,36.098345],[139.817907,36.098403],[139.81729,36.098459],[139.816254,36.098533],[139.814031,36.098684],[139.813579,36.098716],[139.812827,36.098775],[139.812495,36.098799],[139.81225,36.098813],[139.81206,36.098828],[139.811927,36.098838],[139.811713,36.098853],[139.811068,36.0989],[139.807574,36.099149],[139.80693,36.099218],[139.806768,36.099248],[139.806307,36.099353],[139.805704,36.099553],[139.805339,36.099719],[139.804941,36.099558],[139.804387,36.099348],[139.804053,36.099206],[139.803658,36.099037],[139.803276,36.098897],[139.802785,36.098751],[139.802399,36.098673],[139.801804,36.098625],[139.801579,36.098628],[139.801314,36.098638],[139.800811,36.098704],[139.800532,36.09876],[139.800252,36.098843],[139.799608,36.099098],[139.799361,36.099213],[139.797797,36.099988],[139.795903,36.100919],[139.7953,36.101218],[139.795453,36.101414],[139.795666,36.101642],[139.795875,36.1019],[139.795892,36.101958],[139.795885,36.102076],[139.795863,36.10213],[139.795775,36.102219],[139.795575,36.102314],[139.795481,36.102389],[139.795197,36.102504]]},"properties":{"order":14,"from":"常総","to":"さかい","title":"常総 → さかい","distance_meters":21443,"duration_seconds":1635.1}},{"type":"Feature","geometry":{"type":"LineString","coordinates":[[139.795197,36.102504],[139.795481,36.102389],[139.795622,36.102361],[139.795831,36.102265],[139.795931,36.102185],[139.795994,36.102073],[139.795977,36.101893],[139.795885,36.101744],[139.795546,36.101371],[139.795432,36.101284],[139.7953,36.101218],[139.794789,36.10149],[139.794672,36.101557],[139.793059,36.102482],[139.792231,36.103005],[139.791574,36.103452],[139.790391,36.104353],[139.789674,36.104938],[139.789199,36.105405],[139.788739,36.105915],[139.788287,36.106495],[139.788006,36.106895],[139.787741,36.107391],[139.787613,36.107636],[139.7875,36.107766],[139.78731,36.107887],[139.787206,36.107953],[139.786876,36.108112],[139.786577,36.108207],[139.786162,36.108298],[139.785773,36.108434],[139.785621,36.108512],[139.785203,36.108778],[139.783745,36.109796],[139.783194,36.11016],[139.782568,36.110516],[139.782109,36.110754],[139.780709,36.111376],[139.780281,36.111587],[139.779447,36.112045],[139.778128,36.112857],[139.777632,36.113199],[139.77737,36.113415],[139.776385,36.114225],[139.776111,36.114468],[139.776011,36.114604],[139.775945,36.114767],[139.775888,36.115058],[139.775807,36.11584],[139.775789,36.116002],[139.775735,36.116236],[139.775644,36.116524],[139.775538,36.11676],[139.775419,36.116982],[139.775307,36.11716],[139.775148,36.117363],[139.774835,36.117716],[139.775031,36.117851],[139.775115,36.117931],[139.775164,36.117996],[139.775206,36.11812],[139.775209,36.118199],[139.775184,36.118257],[139.775079,36.11841],[139.77489,36.118678],[139.774267,36.119615],[139.774103,36.119861],[139.773955,36.120083],[139.773696,36.12047],[139.773517,36.120801],[139.773471,36.120922],[139.773381,36.121239],[139.773351,36.121461],[139.773342,36.121754],[139.773404,36.122167],[139.773526,36.122674],[139.773698,36.123317],[139.773703,36.123337],[139.773886,36.123802],[139.774063,36.124232],[139.77432,36.124872],[139.774418,36.125118],[139.774757,36.125875],[139.774773,36.125916],[139.774988,36.12644],[139.775018,36.126535],[139.775155,36.127023],[139.775285,36.127432],[139.775438,36.127867],[139.775521,36.128195],[139.775516,36.128321],[139.775453,36.128482],[139.775357,36.128645],[139.775163,36.128901],[139.775135,36.128938],[139.775648,36.129632],[139.776094,36.130333],[139.776218,36.130541],[139.776547,36.131102],[139.776641,36.131377],[139.776678,36.131619],[139.776655,36.13185],[139.776419,36.132552],[139.776203,36.133257],[139.775745,36.134758],[139.775519,36.135565],[139.775469,36.135924],[139.775467,36.136258],[139.775495,36.136629],[139.775627,36.137668],[139.775673,36.138004],[139.775741,36.138272],[139.775752,36.138319],[139.775858,36.138736],[139.77609,36.139327],[139.776434,36.140204],[139.776501,36.140593],[139.776504,36.140857],[139.776483,36.14112],[139.776454,36.141501],[139.776492,36.141888],[139.776649,36.142622],[139.776678,36.142815],[139.776682,36.144089],[139.776682,36.144134],[139.77668,36.145384],[139.776672,36.146153],[139.776651,36.146375],[139.776593,36.146629],[139.776519,36.146779],[139.776273,36.147227],[139.776164,36.147386],[139.776339,36.147828],[139.776629,36.148758],[139.776782,36.149404],[139.776921,36.150204],[139.777099,36.150903],[139.7774,36.151895],[139.777963,36.153639],[139.778735,36.156076],[139.778831,36.156383],[139.779116,36.157271],[139.779284,36.157796],[139.779872,36.159636],[139.780094,36.160355],[139.780285,36.161051],[139.780416,36.161743],[139.780459,36.162094],[139.780507,36.162601],[139.780524,36.16334],[139.780489,36.16403],[139.780404,36.164653],[139.780274,36.165024],[139.780092,36.165669],[139.77983,36.166384],[139.779532,36.167029],[139.779264,36.16751],[139.778953,36.168084],[139.778716,36.168532],[139.77824,36.169868],[139.778006,36.170679],[139.77796,36.171177],[139.777797,36.172003],[139.777709,36.172688],[139.777659,36.173328],[139.777653,36.174059],[139.777669,36.174445],[139.777695,36.174839],[139.777766,36.175407],[139.777879,36.176046],[139.778159,36.177174],[139.778289,36.177555],[139.778405,36.17787],[139.778514,36.178165],[139.778658,36.178494],[139.778988,36.179158],[139.779566,36.180132],[139.779945,36.180689],[139.780408,36.181288],[139.780782,36.181737],[139.781361,36.182352],[139.782852,36.183883],[139.783376,36.18445],[139.783849,36.185017],[139.785536,36.18758],[139.785762,36.187962],[139.786409,36.187837],[139.786677,36.18779],[139.787022,36.18773],[139.787823,36.187591],[139.787844,36.187588],[139.787967,36.187567],[139.788718,36.187441],[139.789229,36.189157],[139.789457,36.189864],[139.789564,36.190109],[139.789705,36.190351],[139.790105,36.190916],[139.790181,36.191017],[139.790267,36.191091],[139.790436,36.191193],[139.790527,36.191278],[139.790396,36.191331],[139.790328,36.191224],[139.790303,36.191211],[139.790258,36.191218],[139.789972,36.191337],[139.789956,36.19135],[139.789948,36.191443]]},"properties":{"order":15,"from":"さかい","to":"まくらがの里 こが","title":"さかい → まくらがの里 こが","distance_meters":11950,"duration_seconds":861.1}},{"type":"Feature","geometry":{"type":"LineString","coordinates":[[139.789948,36.191443],[139.789945,36.191476],[139.789987,36.191475],[139.790396,36.191331],[139.790527,36.191278],[139.790436,36.191193],[139.790267,36.191091],[139.790181,36.191017],[139.790105,36.190916],[139.789705,36.190351],[139.789564,36.190109],[139.789457,36.189864],[139.789229,36.189157],[139.788718,36.187441],[139.787967,36.187567],[139.787844,36.187588],[139.787823,36.187591],[139.787022,36.18773],[139.786677,36.18779],[139.786409,36.187837],[139.786067,36.187336],[139.784508,36.185449],[139.783943,36.184895],[139.782945,36.183777],[139.781452,36.182251],[139.780892,36.181655],[139.780512,36.181208],[139.780072,36.180637],[139.7797,36.180083],[139.7794,36.1796],[139.778914,36.178645],[139.778879,36.17857],[139.778702,36.178168],[139.778684,36.178121],[139.77858,36.177854],[139.778332,36.177171],[139.778174,36.176658],[139.778094,36.176336],[139.778019,36.176015],[139.777912,36.175403],[139.777845,36.174833],[139.777813,36.174442],[139.777794,36.173721],[139.777806,36.1734],[139.77785,36.172723],[139.778015,36.171631],[139.778125,36.171385],[139.778606,36.169995],[139.778973,36.1692],[139.77916,36.168853],[139.779563,36.16819],[139.779834,36.167659],[139.780116,36.166988],[139.780296,36.166396],[139.780581,36.165195],[139.780567,36.164868],[139.780648,36.164299],[139.780711,36.163345],[139.780697,36.162631],[139.780651,36.162104],[139.78058,36.16158],[139.780389,36.160686],[139.780097,36.159782],[139.779405,36.157682],[139.779236,36.157142],[139.778965,36.156317],[139.778868,36.156001],[139.777827,36.152687],[139.777417,36.151235],[139.777,36.149649],[139.776703,36.148445],[139.776598,36.148089],[139.776511,36.147836],[139.776427,36.147586],[139.776273,36.147227],[139.775988,36.146604],[139.775385,36.145484],[139.774896,36.144718],[139.774554,36.144223],[139.773788,36.143246],[139.7735,36.142907],[139.772297,36.141581],[139.771735,36.14098],[139.76843,36.137417],[139.768165,36.137027],[139.767549,36.136336],[139.767247,36.135919],[139.766915,36.135523],[139.766492,36.135062],[139.76637,36.13492],[139.765896,36.134442],[139.76485,36.133479],[139.764319,36.132935],[139.764166,36.132844],[139.762316,36.130922],[139.759943,36.12839],[139.752514,36.120453],[139.751965,36.119816],[139.751748,36.119526],[139.751317,36.118879],[139.751014,36.1183],[139.749771,36.115485],[139.749216,36.114184],[139.748872,36.113106],[139.748645,36.112463],[139.748346,36.111489],[139.748197,36.11085],[139.748142,36.110507],[139.748081,36.110123],[139.748061,36.109342],[139.74807,36.10905],[139.748098,36.108788],[139.748177,36.108445],[139.748194,36.108237],[139.748354,36.107767],[139.748623,36.106868],[139.748911,36.106236],[139.749285,36.105554],[139.750135,36.104176],[139.75039,36.103679],[139.750523,36.103342],[139.750845,36.102789],[139.751246,36.102126],[139.753039,36.099163],[139.753568,36.098365],[139.753956,36.09784],[139.754143,36.097614],[139.754646,36.097028],[139.755213,36.09645],[139.755737,36.095959],[139.756242,36.095578],[139.756308,36.095552],[139.756431,36.09555],[139.756511,36.095591],[139.756624,36.095685],[139.756774,36.095815],[139.75734,36.096287],[139.757515,36.09615],[139.75817,36.095639],[139.758478,36.095399]]},"properties":{"order":16,"from":"まくらがの里 こが","to":"ごか","title":"まくらがの里 こが → ごか","distance_meters":12539,"duration_seconds":1020.4}},{"type":"Feature","geometry":{"type":"LineString","coordinates":[[139.758478,36.095399],[139.759019,36.094976],[139.758764,36.09477],[139.758684,36.094706],[139.757966,36.094136],[139.759425,36.092842],[139.761304,36.091263],[139.763139,36.089895],[139.764451,36.088818],[139.76519,36.088179],[139.765954,36.087408],[139.766279,36.087047],[139.766492,36.086802],[139.766853,36.08634],[139.767029,36.086096],[139.767387,36.085514],[139.767565,36.085162],[139.768291,36.083587],[139.768479,36.083186],[139.768939,36.082306],[139.769554,36.081269],[139.769799,36.080783],[139.769957,36.080454],[139.770506,36.079312],[139.770804,36.078632],[139.771082,36.077994],[139.771638,36.076847],[139.772624,36.075026],[139.773205,36.073821],[139.774159,36.071835],[139.774318,36.07148],[139.774558,36.07081],[139.774704,36.070263],[139.774813,36.069778],[139.774852,36.069424],[139.774887,36.068871],[139.774888,36.068228],[139.774843,36.067668],[139.774758,36.06713],[139.774693,36.066843],[139.773529,36.062774],[139.773317,36.06204],[139.77321,36.061652],[139.772319,36.058556],[139.771948,36.057217],[139.771824,36.056538],[139.771787,36.056193],[139.771766,36.055885],[139.771764,36.055428],[139.771792,36.054907],[139.771863,36.054343],[139.77194,36.053997],[139.772063,36.053507],[139.772232,36.052992],[139.772359,36.052671],[139.772525,36.052309],[139.772835,36.051726],[139.773086,36.051325],[139.774439,36.049386],[139.774821,36.048843],[139.774985,36.048608],[139.777378,36.045174],[139.777552,36.04492],[139.777589,36.044866],[139.77782,36.044535],[139.778005,36.044273],[139.779274,36.042469],[139.779987,36.041287],[139.780169,36.040985],[139.78044,36.040463],[139.781721,36.037729],[139.78249,36.036115],[139.782671,36.035729],[139.782879,36.035276],[139.785243,36.030235],[139.785544,36.029579],[139.785882,36.028741],[139.786138,36.027957],[139.78628,36.027463],[139.786451,36.026776],[139.786564,36.026203],[139.786654,36.025637],[139.78673,36.025035],[139.787394,36.018193],[139.787456,36.017606],[139.787499,36.017153],[139.787727,36.014803],[139.78815,36.010477],[139.788299,36.009162],[139.788418,36.00855],[139.788647,36.007669],[139.788788,36.00722],[139.788904,36.006901],[139.789052,36.006519],[139.789483,36.005568],[139.790362,36.00384],[139.790645,36.003301],[139.790927,36.002732],[139.792617,35.99941],[139.792822,35.998975],[139.793033,35.998492],[139.793197,35.998063],[139.79332,35.997704],[139.793502,35.997142],[139.793899,35.995451],[139.793934,35.995055],[139.793933,35.994862],[139.793921,35.994633],[139.793833,35.993919],[139.793856,35.993641],[139.793784,35.9924],[139.793995,35.992432],[139.794185,35.992459],[139.79501,35.992604],[139.795563,35.992704],[139.79625,35.992783],[139.796482,35.989989],[139.79652,35.989489],[139.796635,35.987688],[139.796861,35.984707],[139.796875,35.984458],[139.796975,35.983138],[139.797072,35.98199],[139.79705,35.981377],[139.797089,35.981208],[139.797202,35.981061],[139.797288,35.980977],[139.797712,35.980565],[139.797818,35.980462],[139.798177,35.980094],[139.798303,35.979973],[139.798435,35.979807],[139.798499,35.979648],[139.798597,35.979183],[139.798683,35.978983],[139.798863,35.978761],[139.799104,35.978557],[139.799451,35.97829],[139.799602,35.978174],[139.800095,35.977782],[139.801008,35.977057],[139.801041,35.977026],[139.801217,35.976738],[139.801342,35.976603],[139.801584,35.976398],[139.80172,35.976207],[139.801882,35.975965],[139.801967,35.975901],[139.802131,35.975811],[139.802741,35.975507],[139.802864,35.975444],[139.803219,35.975258],[139.80353,35.975082],[139.803791,35.975003],[139.804726,35.974758],[139.805081,35.974658],[139.805296,35.974574],[139.805587,35.9744],[139.80587,35.974249],[139.806108,35.974143],[139.806717,35.973904],[139.806918,35.973838],[139.807204,35.973752],[139.807831,35.973611],[139.808131,35.973512],[139.808437,35.973401],[139.809222,35.973084],[139.810494,35.972535],[139.811384,35.972139],[139.81155,35.972031],[139.811687,35.971918],[139.811885,35.971711],[139.812017,35.971505],[139.81213,35.971226],[139.812383,35.970065],[139.81257,35.969705],[139.812732,35.969523],[139.813308,35.968965],[139.814161,35.9682],[139.814629,35.96778],[139.814742,35.967695],[139.81508,35.967497],[139.816149,35.966951],[139.817236,35.966373],[139.81833,35.965803],[139.819398,35.965246],[139.819717,35.965053],[139.819988,35.964795],[139.820426,35.964294],[139.821162,35.963464],[139.821876,35.962657],[139.822639,35.961844],[139.823492,35.960874],[139.824102,35.960167],[139.824842,35.959339],[139.825438,35.958658],[139.825553,35.958506],[139.825937,35.957928],[139.826129,35.957581],[139.827283,35.955754],[139.827302,35.955719],[139.827551,35.955286],[139.827813,35.954891],[139.82834,35.95402],[139.828794,35.953171],[139.828927,35.95322],[139.829025,35.953245],[139.829602,35.953382],[139.830578,35.953473],[139.831909,35.953615],[139.832224,35.953651],[139.83237,35.953708],[139.832687,35.953405],[139.833454,35.952629],[139.834015,35.952055],[139.834382,35.951556],[139.834786,35.950983],[139.835188,35.950417],[139.835497,35.949989],[139.835519,35.949957],[139.836474,35.948619],[139.836495,35.948591],[139.836923,35.948012],[139.837389,35.947329],[139.837695,35.946891],[139.838036,35.946336],[139.838142,35.94621],[139.838444,35.945921],[139.838913,35.945475],[139.839094,35.945354],[139.839323,35.94523],[139.8398,35.945019],[139.839999,35.94489],[139.84018,35.944748],[139.840339,35.944592],[139.840448,35.944456],[139.842366,35.941448],[139.842629,35.941101],[139.842939,35.940626],[139.843845,35.939028],[139.844318,35.938281],[139.844638,35.937824],[139.844277,35.937616],[139.843907,35.937453],[139.843543,35.937347],[139.843277,35.9373],[139.843079,35.937282],[139.842409,35.93728],[139.841504,35.937309],[139.841221,35.936716],[139.841153,35.936569],[139.840819,35.935778],[139.840815,35.93559],[139.840862,35.935482],[139.841257,35.935006],[139.841426,35.934711],[139.841544,35.934388],[139.841599,35.933964],[139.841596,35.933752],[139.841545,35.933468],[139.841377,35.93299],[139.8411,35.932302],[139.840837,35.931652],[139.840675,35.931252],[139.840313,35.930359],[139.840209,35.930103],[139.839844,35.929243],[139.8397,35.92872],[139.839685,35.928489],[139.83971,35.928121],[139.83983,35.927739],[139.839945,35.927503],[139.840073,35.927303],[139.840307,35.927026],[139.840934,35.926313],[139.841286,35.925925],[139.841399,35.925749],[139.841441,35.925567],[139.841402,35.925409],[139.841352,35.925326],[139.840844,35.924614],[139.84074,35.924453],[139.840717,35.924308],[139.84064,35.92431],[139.840458,35.924313],[139.8392,35.924336],[139.838989,35.924346],[139.838168,35.924407],[139.837444,35.924478],[139.83717,35.924499],[139.837104,35.924506],[139.836336,35.924576],[139.835728,35.924637],[139.835091,35.920151],[139.834995,35.919065],[139.834938,35.917977],[139.834936,35.916937],[139.834934,35.916471],[139.834962,35.915902],[139.8352,35.912811],[139.835275,35.9118],[139.835462,35.909816],[139.835549,35.909052],[139.835529,35.9087],[139.835448,35.908363],[139.835336,35.907998],[139.835317,35.907934],[139.835227,35.907657],[139.835131,35.907432],[139.834846,35.906833],[139.834786,35.906735],[139.834413,35.906141],[139.834054,35.905616],[139.833756,35.905217],[139.832662,35.903882],[139.832269,35.903419],[139.831446,35.902381],[139.83101,35.901804],[139.830563,35.901149],[139.830327,35.900788],[139.830111,35.900455],[139.829802,35.899846],[139.829483,35.899191],[139.829191,35.898503],[139.828701,35.897325],[139.828416,35.896623],[139.828284,35.896305],[139.828065,35.895808],[139.828024,35.895723],[139.827857,35.895359],[139.827704,35.895021],[139.8273,35.894093],[139.826932,35.893238],[139.826757,35.892793],[139.826453,35.8919],[139.826224,35.891016],[139.826116,35.890425],[139.826093,35.890211],[139.826069,35.889993],[139.826016,35.889254],[139.825996,35.888884],[139.825989,35.888683],[139.826013,35.887864],[139.826068,35.887102],[139.826136,35.886473],[139.826281,35.885319],[139.826297,35.885243],[139.826431,35.884067],[139.82665,35.882338],[139.826688,35.882072],[139.826734,35.881694],[139.826754,35.88153],[139.826779,35.881299],[139.82685,35.880302],[139.827009,35.879268],[139.827194,35.877744],[139.82724,35.877481],[139.827366,35.876451],[139.827444,35.875856],[139.827531,35.875158],[139.827678,35.873966],[139.827758,35.873282],[139.827818,35.872849],[139.827934,35.872209],[139.828102,35.870878],[139.828113,35.870797],[139.828336,35.869144],[139.828529,35.868075],[139.828812,35.866719],[139.828848,35.866503],[139.829098,35.865373],[139.829394,35.863957],[139.829656,35.862605],[139.829929,35.861271],[139.829969,35.860995],[139.830036,35.860607],[139.830102,35.859892],[139.830118,35.859211],[139.830069,35.85864],[139.830045,35.858472],[139.829907,35.857342],[139.829814,35.856743],[139.829766,35.856169],[139.829687,35.855177],[139.829641,35.854374],[139.829614,35.853886],[139.82963,35.853557],[139.829818,35.852219],[139.829889,35.851927],[139.829949,35.851712],[139.830141,35.850383],[139.830227,35.850058],[139.830444,35.849483],[139.830484,35.849253],[139.831209,35.848999],[139.831841,35.848767],[139.832899,35.84831],[139.833466,35.847989],[139.834735,35.847322],[139.835657,35.846815],[139.837158,35.846008],[139.837994,35.845645],[139.838418,35.84549],[139.83906,35.845266],[139.839439,35.845161],[139.840222,35.844991],[139.841047,35.844879],[139.841749,35.844813],[139.845513,35.84456],[139.846007,35.844533],[139.846606,35.844524],[139.847552,35.844488],[139.848307,35.844402],[139.848773,35.844328],[139.849491,35.844169],[139.849912,35.844056],[139.85065,35.843808],[139.850961,35.843683],[139.851169,35.843591],[139.851987,35.843172],[139.852108,35.843114],[139.852676,35.842765],[139.853438,35.842193],[139.853827,35.841867],[139.854618,35.841139],[139.85484,35.840913],[139.855442,35.840295],[139.855866,35.839886],[139.855902,35.839854],[139.856116,35.839665],[139.857945,35.83787],[139.858784,35.837092],[139.86059,35.835528],[139.86116,35.834939],[139.862316,35.833828],[139.863156,35.833114],[139.863807,35.832537],[139.864954,35.831593],[139.865664,35.830976],[139.866787,35.82995],[139.867421,35.829315],[139.867641,35.829056],[139.868506,35.828209],[139.869221,35.827474],[139.869635,35.827007],[139.870039,35.826531],[139.870493,35.825947],[139.870877,35.825447],[139.871388,35.824731],[139.871832,35.82405],[139.872221,35.823394],[139.872912,35.822042],[139.873393,35.820952],[139.873643,35.820296],[139.873799,35.81986],[139.874058,35.819025],[139.874524,35.81721],[139.874738,35.816274],[139.875038,35.814674],[139.87546,35.812273],[139.876047,35.808821],[139.87627,35.807846],[139.877162,35.804553],[139.877464,35.803416],[139.877962,35.801058],[139.878097,35.800343],[139.878316,35.799045],[139.878838,35.79529],[139.879235,35.792731],[139.879402,35.791916],[139.87957,35.791202],[139.879842,35.790228],[139.880046,35.789577],[139.880755,35.787762],[139.881392,35.786379],[139.882011,35.785231],[139.882388,35.784626],[139.883243,35.783333],[139.884255,35.781958],[139.88547,35.780441],[139.886912,35.778681],[139.889606,35.775255],[139.896089,35.767208],[139.896965,35.766129],[139.897772,35.765195],[139.898697,35.764181],[139.899046,35.763851],[139.899713,35.7633],[139.90115,35.762195],[139.90175,35.761762],[139.902177,35.761472],[139.902462,35.761301],[139.903069,35.760962],[139.90391,35.760529],[139.904514,35.760225],[139.905606,35.759724],[139.906801,35.759266],[139.908156,35.758824],[139.909575,35.758376],[139.913899,35.757152],[139.914665,35.756907],[139.915469,35.756594],[139.915825,35.756425],[139.916134,35.756251],[139.916382,35.756086],[139.916616,35.755922],[139.916808,35.75576],[139.917262,35.755329],[139.917446,35.755122],[139.917624,35.754884],[139.917904,35.754406],[139.918173,35.753791],[139.91837,35.753123],[139.918499,35.752479],[139.918982,35.749695],[139.91928,35.748653],[139.919433,35.747947],[139.919568,35.747059],[139.919592,35.746623],[139.919591,35.746206],[139.9199,35.744023],[139.919688,35.743928],[139.919633,35.744323],[139.919519,35.745176],[139.918963,35.748765],[139.91918,35.748782],[139.919394,35.748777],[139.919474,35.748733],[139.919509,35.748686],[139.919561,35.74846],[139.919593,35.748404],[139.919693,35.748345],[139.919908,35.748321],[139.919923,35.748456],[139.9199,35.748507],[139.919602,35.748791],[139.919446,35.74888]]},"properties":{"order":17,"from":"ごか","to":"いちかわ","title":"ごか → いちかわ","distance_meters":47751,"duration_seconds":3099.9}},{"type":"Feature","geometry":{"type":"LineString","coordinates":[[139.919446,35.74888],[139.919395,35.74891],[139.919357,35.748959],[139.919271,35.749463],[139.919278,35.749525],[139.919311,35.749588],[139.919357,35.749615],[139.919366,35.749794],[139.919377,35.749954],[139.919387,35.750105],[139.91911,35.750095],[139.918979,35.750002],[139.91918,35.748782],[139.919591,35.746206],[139.9199,35.744023],[139.920166,35.742153],[139.920471,35.740218],[139.920503,35.739851],[139.920573,35.73948],[139.920581,35.739286],[139.920633,35.738454],[139.920639,35.737594],[139.920632,35.73656],[139.920566,35.735523],[139.92055,35.735363],[139.920515,35.735008],[139.920491,35.734762],[139.920346,35.733732],[139.920241,35.733125],[139.920112,35.732405],[139.920059,35.732124],[139.919997,35.731822],[139.919919,35.731503],[139.919736,35.730687],[139.919425,35.72954],[139.919322,35.72919],[139.9189,35.727637],[139.9188,35.72729],[139.918622,35.726813],[139.918484,35.726535],[139.918249,35.726145],[139.917023,35.724487],[139.916793,35.724119],[139.916698,35.723958],[139.916466,35.723502],[139.916314,35.722771],[139.916265,35.722065],[139.916267,35.721482],[139.916316,35.721174],[139.916375,35.720947],[139.916626,35.720212],[139.916824,35.719739],[139.917142,35.719064],[139.91914,35.716459],[139.920567,35.714655],[139.921757,35.713211],[139.922515,35.712256],[139.92321,35.711323],[139.924043,35.710158],[139.924541,35.709431],[139.925512,35.707936],[139.926875,35.705679],[139.927282,35.705101],[139.927498,35.704831],[139.927741,35.704548],[139.927999,35.704285],[139.928394,35.703913],[139.92881,35.703571],[139.929388,35.703172],[139.930306,35.70264],[139.93183,35.701831],[139.932243,35.701594],[139.932649,35.701342],[139.933267,35.700915],[139.933898,35.700427],[139.934388,35.700003],[139.934807,35.699592],[139.935324,35.699051],[139.936724,35.697582],[139.939805,35.694302],[139.940789,35.693246],[139.941311,35.69272],[139.94167,35.692383],[139.942044,35.692047],[139.942395,35.691759],[139.942872,35.691376],[139.943775,35.690689],[139.944122,35.690401],[139.945211,35.689392],[139.945652,35.689053],[139.946119,35.688767],[139.946339,35.688652],[139.946658,35.688515],[139.94712,35.688375],[139.947719,35.688281],[139.948254,35.688292],[139.948484,35.688328],[139.94869,35.688379],[139.948877,35.688442],[139.949182,35.688578],[139.949583,35.688791],[139.951316,35.689839],[139.952423,35.690486],[139.953307,35.690948],[139.953652,35.691095],[139.954164,35.691367],[139.954692,35.691624],[139.955196,35.691836],[139.955658,35.692005],[139.956398,35.692233],[139.95696,35.692373],[139.957409,35.692464],[139.958078,35.692565],[139.95893,35.692642],[139.959622,35.692659],[139.959975,35.692653],[139.960753,35.692604],[139.961572,35.692497],[139.96221,35.692379],[139.963261,35.692137],[139.970556,35.690208],[139.972903,35.689607],[139.988921,35.685399],[139.989501,35.68523],[139.990335,35.684946],[139.990934,35.684721],[139.991466,35.684492],[139.998173,35.68134],[139.999062,35.680895],[139.999282,35.680776],[139.999891,35.680399],[140.000255,35.680148],[140.000604,35.679874],[140.001134,35.67939],[140.001518,35.678968],[140.001973,35.678405],[140.002375,35.677778],[140.002632,35.67728],[140.003463,35.67529],[140.00368,35.674855],[140.004055,35.674253],[140.004222,35.674028],[140.004685,35.673478],[140.00526,35.672925],[140.005599,35.672637],[140.005902,35.672414],[140.006575,35.671961],[140.010304,35.669722],[140.013392,35.667853],[140.017611,35.66531],[140.018116,35.665013],[140.018241,35.664983],[140.019482,35.664304],[140.021605,35.663202],[140.022002,35.663053],[140.02232,35.662952],[140.022757,35.662824],[140.023346,35.662673],[140.024273,35.662395],[140.024446,35.662374],[140.028741,35.660834],[140.030828,35.660193],[140.03096,35.660196],[140.032981,35.659615],[140.033351,35.659496],[140.034141,35.659243],[140.035036,35.658933],[140.036424,35.658386],[140.038015,35.657678],[140.038412,35.658129],[140.038722,35.658437],[140.039349,35.658949],[140.039829,35.659313],[140.040599,35.659863],[140.041001,35.660141],[140.042363,35.661042],[140.043236,35.661626],[140.043642,35.66191],[140.043976,35.662177],[140.044208,35.662338],[140.044362,35.66224],[140.044453,35.662185],[140.0454,35.661585],[140.045434,35.661565],[140.045623,35.661444],[140.04578,35.661346],[140.048314,35.659689],[140.048691,35.659446],[140.049255,35.659051],[140.049424,35.65892],[140.04986,35.658593],[140.050296,35.658311],[140.051097,35.657799],[140.051297,35.657672],[140.051704,35.658083],[140.052152,35.658549],[140.052389,35.6588],[140.052912,35.659346],[140.05334,35.6597],[140.053678,35.659962],[140.054712,35.660799],[140.055824,35.661704],[140.057323,35.662926],[140.057762,35.66328],[140.058999,35.664291],[140.059239,35.664457],[140.059354,35.664404],[140.059863,35.664163],[140.06039,35.663903],[140.061481,35.663373],[140.061662,35.663283],[140.061692,35.663268],[140.062052,35.66309],[140.061884,35.662864],[140.061589,35.662466],[140.061128,35.661847],[140.06102,35.661726],[140.060744,35.661459],[140.060324,35.661118],[140.059434,35.660432],[140.058945,35.660042],[140.05886,35.659931],[140.058731,35.65981],[140.058719,35.659766],[140.058731,35.659717],[140.058811,35.65962],[140.058803,35.659563],[140.058739,35.6595],[140.058705,35.659477],[140.058638,35.659467],[140.058588,35.659477],[140.058522,35.659516],[140.058437,35.65959],[140.058335,35.659676],[140.058273,35.659726]]},"properties":{"order":18,"from":"いちかわ","to":"幕張駅","title":"いちかわ → 幕張駅","distance_meters":21206,"duration_seconds":1534}}]}