{
  "type": "FeatureCollection",
  "name": "P35-17_Roadside_Station_1",
  "crs": {
    "type": "name",
    "properties": {
      "name": "urn:ogc:def:crs:EPSG::4019"
    }
  },
  "features": [
    {
      "type": "Feature",
      "properties": {
        "P35_001": 43.2466006,
        "P35_002": 141.8045499,
        "P35_003": "北海道",
        "P35_004": "三笠市",
        "P35_005": "01222",
        "P35_006": "三笠"
      },
      "geometry": {
        "type": "Point",
        "coordinates": [
          141.804549899999,
          43.2466006
        ]
      }
    },
    {
      "type": "Feature",
      "properties": {
        "P35_001": 43.5255178,
        "P35_002": 142.1888941,
        "P35_003": "北海道",
        "P35_004": "芦別市",
        "P35_005": "01216",
        "P35_006": "スタープラザ 芦別"
      },
      "geometry": {
        "type": "Point",
        "coordinates": [
          142.188894099999,
          43.5255178
        ]
      }
    },
    {
      "type": "Feature",
      "properties": {
        "P35_001": 43.1697013,
        "P35_002": 142.5727983,
        "P35_003": "北海道",
        "P35_004": "空知郡南富良野町",
        "P35_005": "01462",
        "P35_006": "南ふらの"
      },
      "geometry": {
        "type": "Point",
        "coordinates": [
          142.572798299999,
          43.1697013
        ]
      }
    },
    {
      "type": "Feature",
      "properties": {
        "P35_001": 42.9927351,
        "P35_002": 144.1981267,
        "P35_003": "北海道",
        "P35_004": "白糠郡白糠町",
        "P35_005": "01668",
        "P35_006": "しらぬか恋問"
      },
      "geometry": {
        "type": "Point",
        "coordinates": [
          144.1981267,
          42.9927351
        ]
      }
    },
    {
      "type": "Feature",
      "properties": {
        "P35_001": 44.5588576,
        "P35_002": 142.3200331,
        "P35_003": "北海道",
        "P35_004": "中川郡美深町",
        "P35_005": "01469",
        "P35_006": "びふか"
      },
      "geometry": {
        "type": "Point",
        "coordinates": [
          142.3200331,
          44.5588576
        ]
      }
    },
    {
      "type": "Feature",
      "properties": {
        "P35_001": 41.8943424,
        "P35_002": 140.1392891,
        "P35_003": "北海道",
        "P35_004": "檜山郡江差町",
        "P35_005": "01361",
        "P35_006": "江差"
      },
      "geometry": {
        "type": "Point",
        "coordinates": [
          140.1392891,
          41.8943424
        ]
      }
    },
    {
      "type": "Feature",
      "properties": {
        "P35_001": 42.8551768,
        "P35_002": 141.0965891,
        "P35_003": "北海道",
        "P35_004": "虻田郡喜茂別町",
        "P35_005": "01398",
        "P35_006": "望羊中山"
      },
      "geometry": {
        "type": "Point",
        "coordinates": [
          141.096589099999,
          42.8551768
        ]
      }
    },
    {
      "type": "Feature",
      "properties": {
        "P35_001": 44.7141204,
        "P35_002": 141.7936472,
        "P35_003": "北海道",
        "P35_004": "天塩郡遠別町",
        "P35_005": "01486",
        "P35_006": "富士見"
      },
      "geometry": {
        "type": "Point",
        "coordinates": [
          141.7936472,
          44.7141204
        ]
      }
    },
    {
      "type": "Feature",
      "properties": {
        "P35_001": 42.5588618,
        "P35_002": 143.2991945,
        "P35_003": "北海道",
        "P35_004": "中川郡幕別町",
        "P35_005": "01643",
        "P35_006": "忠類"
      },
      "geometry": {
        "type": "Point",
        "coordinates": [
          143.2991945,
          42.5588618
        ]
      }
    },
    {
      "type": "Feature",
      "properties": {
        "P35_001": 43.2522652,
        "P35_002": 143.4806105,
        "P35_003": "北海道",
        "P35_004": "足寄郡足寄町",
        "P35_005": "01647",
        "P35_006": "足寄湖"
      },
      "geometry": {
        "type": "Point",
        "coordinates": [
          143.4806105,
          43.2522652
        ]
      }
    },
    {
      "type": "Feature",
      "properties": {
        "P35_001": 43.4923914,
        "P35_002": 144.4477187,
        "P35_003": "北海道",
        "P35_004": "川上郡弟子屈町",
        "P35_005": "01665",
        "P35_006": "摩周温泉"
      },
      "geometry": {
        "type": "Point",
        "coordinates": [
          144.4477187,
          43.4923914
        ]
      }
    },
    {
      "type": "Feature",
      "properties": {
        "P35_001": 44.729078,
        "P35_002": 142.257872,
        "P35_003": "北海道",
        "P35_004": "中川郡音威子府村",
        "P35_005": "01470",
        "P35_006": "おといねっぷ"
      },
      "geometry": {
        "type": "Point",
        "coordinates": [
          142.257872,
          44.729078
        ]
      }
    },
    {
      "type": "Feature",
      "properties": {
        "P35_001": 44.1851816,
        "P35_002": 143.5956986,
        "P35_003": "北海道",
        "P35_004": "紋別郡湧別町",
        "P35_005": "01559",
        "P35_006": "かみゆうべつ温泉チューリップの湯"
      },
      "geometry": {
        "type": "Point",
        "coordinates": [
          143.5956986,
          44.1851816
        ]
      }
    },
    {
      "type": "Feature",
      "properties": {
        "P35_001": 42.9834347,
        "P35_002": 140.5167801,
        "P35_003": "北海道",
        "P35_004": "岩内郡岩内町",
        "P35_005": "01402",
        "P35_006": "いわない"
      },
      "geometry": {
        "type": "Point",
        "coordinates": [
          140.5167801,
          42.9834347
        ]
      }
    },
    {
      "type": "Feature",
      "properties": {
        "P35_001": 43.9959412,
        "P35_002": 143.3287235,
        "P35_003": "北海道",
        "P35_004": "紋別郡遠軽町",
        "P35_005": "01555",
        "P35_006": "まるせっぷ"
      },
      "geometry": {
        "type": "Point",
        "coordinates": [
          143.3287235,
          43.9959412
        ]
      }
    },
    {
      "type": "Feature",
      "properties": {
        "P35_001": 43.0576697,
        "P35_002": 144.8440184,
        "P35_003": "北海道",
        "P35_004": "厚岸郡厚岸町",
        "P35_005": "01662",
        "P35_006": "厚岸グルメパーク"
      },
      "geometry": {
        "type": "Point",
        "coordinates": [
          144.844018399999,
          43.0576697
        ]
      }
    },
    {
      "type": "Feature",
      "properties": {
        "P35_001": 43.7510483,
        "P35_002": 141.875302,
        "P35_003": "北海道",
        "P35_004": "雨竜郡北竜町",
        "P35_005": "01437",
        "P35_006": "サンフラワー北竜"
      },
      "geometry": {
        "type": "Point",
        "coordinates": [
          141.875302,
          43.7510483
        ]
      }
    },
    {
      "type": "Feature",
      "properties": {
        "P35_001": 42.2208744,
        "P35_002": 142.6342261,
        "P35_003": "北海道",
        "P35_004": "日高郡新ひだか町",
        "P35_005": "01610",
        "P35_006": "みついし"
      },
      "geometry": {
        "type": "Point",
        "coordinates": [
          142.634226099999,
          42.2208744
        ]
      }
    },
    {
      "type": "Feature",
      "properties": {
        "P35_001": 41.9165731,
        "P35_002": 140.2161538,
        "P35_003": "北海道",
        "P35_004": "檜山郡厚沢部町",
        "P35_005": "01363",
        "P35_006": "あっさぶ"
      },
      "geometry": {
        "type": "Point",
        "coordinates": [
          140.2161538,
          41.9165731
        ]
      }
    },
    {
      "type": "Feature",
      "properties": {
        "P35_001": 42.6867269,
        "P35_002": 140.0134173,
        "P35_003": "北海道",
        "P35_004": "島牧郡島牧村",
        "P35_005": "01391",
        "P35_006": "よってけ！島牧"
      },
      "geometry": {
        "type": "Point",
        "coordinates": [
          140.0134173,
          42.6867269
        ]
      }
    },
    {
      "type": "Feature",
      "properties": {
        "P35_001": 42.212366,
        "P35_002": 139.876681,
        "P35_003": "北海道",
        "P35_004": "久遠郡せたな町",
        "P35_005": "01371",
        "P35_006": "てっくいランド大成"
      },
      "geometry": {
        "type": "Point",
        "coordinates": [
          139.876681,
          42.212366
        ]
      }
    },
    {
      "type": "Feature",
      "properties": {
        "P35_001": 44.3283409,
        "P35_002": 143.3750043,
        "P35_003": "北海道",
        "P35_004": "紋別市",
        "P35_005": "01219",
        "P35_006": "オホーツク紋別"
      },
      "geometry": {
        "type": "Point",
        "coordinates": [
          143.3750043,
          44.3283409
        ]
      }
    },
    {
      "type": "Feature",
      "properties": {
        "P35_001": 42.098901,
        "P35_002": 140.568716,
        "P35_003": "北海道",
        "P35_004": "茅部郡森町",
        "P35_005": "01345",
        "P35_006": "YOU･遊･もり"
      },
      "geometry": {
        "type": "Point",
        "coordinates": [
          140.568716,
          42.098901
        ]
      }
    },
    {
      "type": "Feature",
      "properties": {
        "P35_001": 43.7546445,
        "P35_002": 143.5005308,
        "P35_003": "北海道",
        "P35_004": "北見市",
        "P35_005": "01208",
        "P35_006": "おんねゆ温泉"
      },
      "geometry": {
        "type": "Point",
        "coordinates": [
          143.500530799999,
          43.7546445
        ]
      }
    },
    {
      "type": "Feature",
      "properties": {
        "P35_001": 42.0113971,
        "P35_002": 140.1062194,
        "P35_003": "北海道",
        "P35_004": "爾志郡乙部町",
        "P35_005": "01364",
        "P35_006": "ルート229元和台"
      },
      "geometry": {
        "type": "Point",
        "coordinates": [
          140.1062194,
          42.0113971
        ]
      }
    },
    {
      "type": "Feature",
      "properties": {
        "P35_001": 43.4332722,
        "P35_002": 141.8888016,
        "P35_003": "北海道",
        "P35_004": "空知郡奈井江町",
        "P35_005": "01424",
        "P35_006": "ハウスヤルビ奈井江"
      },
      "geometry": {
        "type": "Point",
        "coordinates": [
          141.888801599999,
          43.4332722
        ]
      }
    },
    {
      "type": "Feature",
      "properties": {
        "P35_001": 44.137022,
        "P35_002": 141.654956,
        "P35_003": "北海道",
        "P35_004": "留萌郡小平町",
        "P35_005": "01482",
        "P35_006": "おびら鰊番屋"
      },
      "geometry": {
        "type": "Point",
        "coordinates": [
          141.654956,
          44.137022
        ]
      }
    },
    {
      "type": "Feature",
      "properties": {
        "P35_001": 44.8783757,
        "P35_002": 142.631813,
        "P35_003": "北海道",
        "P35_004": "枝幸郡枝幸町",
        "P35_005": "01514",
        "P35_006": "マリーンアイランド岡島"
      },
      "geometry": {
        "type": "Point",
        "coordinates": [
          142.631812999999,
          44.8783757
        ]
      }
    },
    {
      "type": "Feature",
      "properties": {
        "P35_001": 44.469498,
        "P35_002": 143.116955,
        "P35_003": "北海道",
        "P35_004": "紋別郡興部町",
        "P35_005": "01561",
        "P35_006": "おこっぺ"
      },
      "geometry": {
        "type": "Point",
        "coordinates": [
          143.116955,
          44.469498
        ]
      }
    },
    {
      "type": "Feature",
      "properties": {
        "P35_001": 43.1440197,
        "P35_002": 144.1469574,
        "P35_003": "北海道",
        "P35_004": "釧路市",
        "P35_005": "01206",
        "P35_006": "阿寒丹頂の里"
      },
      "geometry": {
        "type": "Point",
        "coordinates": [
          144.1469574,
          43.1440197
        ]
      }
    },
    {
      "type": "Feature",
      "properties": {
        "P35_001": 42.976584,
        "P35_002": 143.207419,
        "P35_003": "北海道",
        "P35_004": "河東郡音更町",
        "P35_005": "01631",
        "P35_006": "おとふけ"
      },
      "geometry": {
        "type": "Point",
        "coordinates": [
          143.207419,
          42.976584
        ]
      }
    },
    {
      "type": "Feature",
      "properties": {
        "P35_001": 44.8774622,
        "P35_002": 142.2134021,
        "P35_003": "北海道",
        "P35_004": "枝幸郡中頓別町",
        "P35_005": "01513",
        "P35_006": "ピンネシリ"
      },
      "geometry": {
        "type": "Point",
        "coordinates": [
          142.213402099999,
          44.8774622
        ]
      }
    },
    {
      "type": "Feature",
      "properties": {
        "P35_001": 42.6980639,
        "P35_002": 141.1303673,
        "P35_003": "北海道",
        "P35_004": "伊達市",
        "P35_005": "01233",
        "P35_006": "フォーレスト276大滝"
      },
      "geometry": {
        "type": "Point",
        "coordinates": [
          141.1303673,
          42.6980639
        ]
      }
    },
    {
      "type": "Feature",
      "properties": {
        "P35_001": 41.8084965,
        "P35_002": 140.0949663,
        "P35_003": "北海道",
        "P35_004": "檜山郡上ノ国町",
        "P35_005": "01362",
        "P35_006": "上ノ国もんじゅ"
      },
      "geometry": {
        "type": "Point",
        "coordinates": [
          140.0949663,
          41.8084965
        ]
      }
    },
    {
      "type": "Feature",
      "properties": {
        "P35_001": 43.1653589,
        "P35_002": 140.3855694,
        "P35_003": "北海道",
        "P35_004": "古宇郡神恵内村",
        "P35_005": "01404",
        "P35_006": "オスコイ！かもえない"
      },
      "geometry": {
        "type": "Point",
        "coordinates": [
          140.3855694,
          43.1653589
        ]
      }
    },
    {
      "type": "Feature",
      "properties": {
        "P35_001": 42.69214,
        "P35_002": 143.126839,
        "P35_003": "北海道",
        "P35_004": "河西郡中札内村",
        "P35_005": "01638",
        "P35_006": "なかさつない"
      },
      "geometry": {
        "type": "Point",
        "coordinates": [
          143.126839,
          42.69214
        ]
      }
    },
    {
      "type": "Feature",
      "properties": {
        "P35_001": 42.94998,
        "P35_002": 141.716616,
        "P35_003": "北海道",
        "P35_004": "夕張郡長沼町",
        "P35_005": "01428",
        "P35_006": "マオイの丘公園"
      },
      "geometry": {
        "type": "Point",
        "coordinates": [
          141.716616,
          42.94998
        ]
      }
    },
    {
      "type": "Feature",
      "properties": {
        "P35_001": 42.8767898,
        "P35_002": 142.4420074,
        "P35_003": "北海道",
        "P35_004": "沙流郡日高町",
        "P35_005": "01601",
        "P35_006": "樹海ロード日高"
      },
      "geometry": {
        "type": "Point",
        "coordinates": [
          142.442007399999,
          42.8767898
        ]
      }
    },
    {
      "type": "Feature",
      "properties": {
        "P35_001": 42.559133,
        "P35_002": 140.8990485,
        "P35_003": "北海道",
        "P35_004": "有珠郡壮瞥町",
        "P35_005": "01575",
        "P35_006": "そうべつ情報館ｉ（アイ）"
      },
      "geometry": {
        "type": "Point",
        "coordinates": [
          140.899048499999,
          42.559133
        ]
      }
    },
    {
      "type": "Feature",
      "properties": {
        "P35_001": 42.7994921,
        "P35_002": 140.7023947,
        "P35_003": "北海道",
        "P35_004": "虻田郡ニセコ町",
        "P35_005": "01395",
        "P35_006": "ニセコビュープラザ"
      },
      "geometry": {
        "type": "Point",
        "coordinates": [
          140.7023947,
          42.7994920999999
        ]
      }
    },
    {
      "type": "Feature",
      "properties": {
        "P35_001": 41.6012589,
        "P35_002": 140.3358339,
        "P35_003": "北海道",
        "P35_004": "上磯郡知内町",
        "P35_005": "01333",
        "P35_006": "しりうち"
      },
      "geometry": {
        "type": "Point",
        "coordinates": [
          140.3358339,
          41.6012589
        ]
      }
    },
    {
      "type": "Feature",
      "properties": {
        "P35_001": 41.479134,
        "P35_002": 140.255731,
        "P35_003": "北海道",
        "P35_004": "松前郡福島町",
        "P35_005": "01332",
        "P35_006": "横綱の里ふくしま"
      },
      "geometry": {
        "type": "Point",
        "coordinates": [
          140.255731,
          41.479134
        ]
      }
    },
    {
      "type": "Feature",
      "properties": {
        "P35_001": 42.3598362,
        "P35_002": 142.3156908,
        "P35_003": "北海道",
        "P35_004": "新冠郡新冠町",
        "P35_005": "01604",
        "P35_006": "サラブレッドロード新冠"
      },
      "geometry": {
        "type": "Point",
        "coordinates": [
          142.315690799999,
          42.3598362
        ]
      }
    },
    {
      "type": "Feature",
      "properties": {
        "P35_001": 43.1443124354,
        "P35_002": 143.239275611,
        "P35_003": "北海道",
        "P35_004": "河東郡士幌町",
        "P35_005": "01632",
        "P35_006": "ピア21しほろ"
      },
      "geometry": {
        "type": "Point",
        "coordinates": [
          143.23927561066256,
          43.14431243535183
        ]
      }
    },
    {
      "type": "Feature",
      "properties": {
        "P35_001": 44.19689,
        "P35_002": 143.090986,
        "P35_003": "北海道",
        "P35_004": "紋別郡滝上町",
        "P35_005": "01560",
        "P35_006": "香りの里たきのうえ"
      },
      "geometry": {
        "type": "Point",
        "coordinates": [
          143.090986,
          44.19689
        ]
      }
    },
    {
      "type": "Feature",
      "properties": {
        "P35_001": 43.6625089,
        "P35_002": 141.8940224,
        "P35_003": "北海道",
        "P35_004": "雨竜郡雨竜町",
        "P35_005": "01436",
        "P35_006": "田園の里うりゅう"
      },
      "geometry": {
        "type": "Point",
        "coordinates": [
          141.8940224,
          43.6625089
        ]
      }
    },
    {
      "type": "Feature",
      "properties": {
        "P35_001": 42.342012,
        "P35_002": 140.943745,
        "P35_003": "北海道",
        "P35_004": "室蘭市",
        "P35_005": "01205",
        "P35_006": "みたら室蘭"
      },
      "geometry": {
        "type": "Point",
        "coordinates": [
          140.943745,
          42.342012
        ]
      }
    },
    {
      "type": "Feature",
      "properties": {
        "P35_001": 43.844134,
        "P35_002": 142.4895,
        "P35_003": "北海道",
        "P35_004": "上川郡当麻町",
        "P35_005": "01454",
        "P35_006": "とうま"
      },
      "geometry": {
        "type": "Point",
        "coordinates": [
          142.4895,
          43.844134
        ]
      }
    },
    {
      "type": "Feature",
      "properties": {
        "P35_001": 43.1885383,
        "P35_002": 140.7887813,
        "P35_003": "北海道",
        "P35_004": "余市郡余市町",
        "P35_005": "01408",
        "P35_006": "スペース・アップルよいち"
      },
      "geometry": {
        "type": "Point",
        "coordinates": [
          140.788781299999,
          43.1885383
        ]
      }
    },
    {
      "type": "Feature",
      "properties": {
        "P35_001": 44.3673322,
        "P35_002": 141.7065768,
        "P35_003": "北海道",
        "P35_004": "苫前郡羽幌町",
        "P35_005": "01484",
        "P35_006": "ほっと?はぼろ"
      },
      "geometry": {
        "type": "Point",
        "coordinates": [
          141.7065768,
          44.3673322
        ]
      }
    },
    {
      "type": "Feature",
      "properties": {
        "P35_001": 44.0999179,
        "P35_002": 143.8241425,
        "P35_003": "北海道",
        "P35_004": "常呂郡佐呂間町",
        "P35_005": "01552",
        "P35_006": "サロマ湖"
      },
      "geometry": {
        "type": "Point",
        "coordinates": [
          143.8241425,
          44.0999179
        ]
      }
    },
    {
      "type": "Feature",
      "properties": {
        "P35_001": 44.1308204,
        "P35_002": 143.7192064,
        "P35_003": "北海道",
        "P35_004": "紋別郡湧別町",
        "P35_005": "01559",
        "P35_006": "愛ランド湧別"
      },
      "geometry": {
        "type": "Point",
        "coordinates": [
          143.719206399999,
          44.1308204
        ]
      }
    },
    {
      "type": "Feature",
      "properties": {
        "P35_001": 44.5830367,
        "P35_002": 142.9597327,
        "P35_003": "北海道",
        "P35_004": "紋別郡雄武町",
        "P35_005": "01563",
        "P35_006": "おうむ"
      },
      "geometry": {
        "type": "Point",
        "coordinates": [
          142.9597327,
          44.5830367
        ]
      }
    },
    {
      "type": "Feature",
      "properties": {
        "P35_001": 45.329219,
        "P35_002": 142.177348,
        "P35_003": "北海道",
        "P35_004": "宗谷郡猿払村",
        "P35_005": "01511",
        "P35_006": "さるふつ公園"
      },
      "geometry": {
        "type": "Point",
        "coordinates": [
          142.177348,
          45.329219
        ]
      }
    },
    {
      "type": "Feature",
      "properties": {
        "P35_001": 44.114633,
        "P35_002": 142.139546,
        "P35_003": "北海道",
        "P35_004": "雨竜郡幌加内町",
        "P35_005": "01472",
        "P35_006": "森と湖の里ほろかない"
      },
      "geometry": {
        "type": "Point",
        "coordinates": [
          142.139546,
          44.114633
        ]
      }
    },
    {
      "type": "Feature",
      "properties": {
        "P35_001": 43.503388,
        "P35_002": 142.004244,
        "P35_003": "北海道",
        "P35_004": "歌志内市",
        "P35_005": "01227",
        "P35_006": "うたしないチロルの湯"
      },
      "geometry": {
        "type": "Point",
        "coordinates": [
          142.004244,
          43.503388
        ]
      }
    },
    {
      "type": "Feature",
      "properties": {
        "P35_001": 42.6727094,
        "P35_002": 140.3800337,
        "P35_003": "北海道",
        "P35_004": "寿都郡黒松内町",
        "P35_005": "01393",
        "P35_006": "くろまつない"
      },
      "geometry": {
        "type": "Point",
        "coordinates": [
          140.3800337,
          42.6727094
        ]
      }
    },
    {
      "type": "Feature",
      "properties": {
        "P35_001": 43.6234396,
        "P35_002": 141.941478,
        "P35_003": "北海道",
        "P35_004": "滝川市",
        "P35_005": "01225",
        "P35_006": "たきかわ"
      },
      "geometry": {
        "type": "Point",
        "coordinates": [
          141.941477999999,
          43.6234396
        ]
      }
    },
    {
      "type": "Feature",
      "properties": {
        "P35_001": 43.2616741,
        "P35_002": 145.4383704,
        "P35_003": "北海道",
        "P35_004": "根室市",
        "P35_005": "01223",
        "P35_006": "スワン44ねむろ"
      },
      "geometry": {
        "type": "Point",
        "coordinates": [
          145.438370399999,
          43.2616741
        ]
      }
    },
    {
      "type": "Feature",
      "properties": {
        "P35_001": 43.4516011,
        "P35_002": 141.8357178,
        "P35_003": "北海道",
        "P35_004": "樺戸郡浦臼町",
        "P35_005": "01431",
        "P35_006": "つるぬま"
      },
      "geometry": {
        "type": "Point",
        "coordinates": [
          141.8357178,
          43.4516011
        ]
      }
    },
    {
      "type": "Feature",
      "properties": {
        "P35_001": 41.7794873,
        "P35_002": 141.1016303,
        "P35_003": "北海道",
        "P35_004": "函館市",
        "P35_005": "01202",
        "P35_006": "なとわ・えさん"
      },
      "geometry": {
        "type": "Point",
        "coordinates": [
          141.1016303,
          41.7794873
        ]
      }
    },
    {
      "type": "Feature",
      "properties": {
        "P35_001": 42.1253109,
        "P35_002": 140.6673361,
        "P35_003": "北海道",
        "P35_004": "茅部郡森町",
        "P35_005": "01345",
        "P35_006": "つど〜る・プラザ・さわら"
      },
      "geometry": {
        "type": "Point",
        "coordinates": [
          140.6673361,
          42.1253109
        ]
      }
    },
    {
      "type": "Feature",
      "properties": {
        "P35_001": 44.0174537,
        "P35_002": 145.1920893,
        "P35_003": "北海道",
        "P35_004": "目梨郡羅臼町",
        "P35_005": "01694",
        "P35_006": "知床・らうす"
      },
      "geometry": {
        "type": "Point",
        "coordinates": [
          145.1920893,
          44.0174537
        ]
      }
    },
    {
      "type": "Feature",
      "properties": {
        "P35_001": 42.6333115,
        "P35_002": 143.2718483,
        "P35_003": "北海道",
        "P35_004": "河西郡更別村",
        "P35_005": "01639",
        "P35_006": "さらべつ"
      },
      "geometry": {
        "type": "Point",
        "coordinates": [
          143.2718483,
          42.6333115
        ]
      }
    },
    {
      "type": "Feature",
      "properties": {
        "P35_001": 42.4717206,
        "P35_002": 140.8771001,
        "P35_003": "北海道",
        "P35_004": "伊達市",
        "P35_005": "01233",
        "P35_006": "だて歴史の杜"
      },
      "geometry": {
        "type": "Point",
        "coordinates": [
          140.8771001,
          42.4717206
        ]
      }
    },
    {
      "type": "Feature",
      "properties": {
        "P35_001": 43.7600001,
        "P35_002": 142.3484462,
        "P35_003": "北海道",
        "P35_004": "旭川市",
        "P35_005": "01204",
        "P35_006": "あさひかわ"
      },
      "geometry": {
        "type": "Point",
        "coordinates": [
          142.3484462,
          43.7600001
        ]
      }
    },
    {
      "type": "Feature",
      "properties": {
        "P35_001": 42.978859,
        "P35_002": 142.39758,
        "P35_003": "北海道",
        "P35_004": "勇払郡占冠村",
        "P35_005": "01463",
        "P35_006": "自然体感しむかっぷ"
      },
      "geometry": {
        "type": "Point",
        "coordinates": [
          142.39758,
          42.978859
        ]
      }
    },
    {
      "type": "Feature",
      "properties": {
        "P35_001": 44.3359883,
        "P35_002": 142.8680679,
        "P35_003": "北海道",
        "P35_004": "紋別郡西興部村",
        "P35_005": "01562",
        "P35_006": "にしおこっぺ花夢"
      },
      "geometry": {
        "type": "Point",
        "coordinates": [
          142.8680679,
          44.3359883
        ]
      }
    },
    {
      "type": "Feature",
      "properties": {
        "P35_001": 43.467863,
        "P35_002": 143.742367,
        "P35_003": "北海道",
        "P35_004": "足寄郡陸別町",
        "P35_005": "01648",
        "P35_006": "オーロラタウン93りくべつ"
      },
      "geometry": {
        "type": "Point",
        "coordinates": [
          143.742367,
          43.467863
        ]
      }
    },
    {
      "type": "Feature",
      "properties": {
        "P35_001": 43.9339211,
        "P35_002": 144.453268,
        "P35_003": "北海道",
        "P35_004": "斜里郡小清水町",
        "P35_005": "01547",
        "P35_006": "はなやか（葉菜野花）小清水"
      },
      "geometry": {
        "type": "Point",
        "coordinates": [
          144.453267999999,
          43.9339211
        ]
      }
    },
    {
      "type": "Feature",
      "properties": {
        "P35_001": 43.6994831,
        "P35_002": 142.070593,
        "P35_003": "北海道",
        "P35_004": "深川市",
        "P35_005": "01228",
        "P35_006": "ライスランドふかがわ"
      },
      "geometry": {
        "type": "Point",
        "coordinates": [
          142.070593,
          43.6994830999999
        ]
      }
    },
    {
      "type": "Feature",
      "properties": {
        "P35_001": 44.8016913,
        "P35_002": 142.0673479,
        "P35_003": "北海道",
        "P35_004": "中川郡中川町",
        "P35_005": "01471",
        "P35_006": "なかがわ"
      },
      "geometry": {
        "type": "Point",
        "coordinates": [
          142.067347899999,
          44.8016912999999
        ]
      }
    },
    {
      "type": "Feature",
      "properties": {
        "P35_001": 42.7399293,
        "P35_002": 140.8845626,
        "P35_003": "北海道",
        "P35_004": "虻田郡留寿都村",
        "P35_005": "01397",
        "P35_006": "230ルスツ"
      },
      "geometry": {
        "type": "Point",
        "coordinates": [
          140.884562599999,
          42.7399293
        ]
      }
    },
    {
      "type": "Feature",
      "properties": {
        "P35_001": 44.8845723,
        "P35_002": 141.7477551,
        "P35_003": "北海道",
        "P35_004": "天塩郡天塩町",
        "P35_005": "01487",
        "P35_006": "てしお"
      },
      "geometry": {
        "type": "Point",
        "coordinates": [
          141.747755099999,
          44.8845722999999
        ]
      }
    },
    {
      "type": "Feature",
      "properties": {
        "P35_001": 42.489824,
        "P35_002": 143.273259,
        "P35_003": "北海道",
        "P35_004": "広尾郡大樹町",
        "P35_005": "01641",
        "P35_006": "コスモール大樹"
      },
      "geometry": {
        "type": "Point",
        "coordinates": [
          143.273259,
          42.489824
        ]
      }
    },
    {
      "type": "Feature",
      "properties": {
        "P35_001": 43.647837,
        "P35_002": 144.24901,
        "P35_003": "北海道",
        "P35_004": "網走郡美幌町",
        "P35_005": "01543",
        "P35_006": "ぐるっとパノラマ美幌峠"
      },
      "geometry": {
        "type": "Point",
        "coordinates": [
          144.24901,
          43.647837
        ]
      }
    },
    {
      "type": "Feature",
      "properties": {
        "P35_001": 42.7620988,
        "P35_002": 140.4789853,
        "P35_003": "北海道",
        "P35_004": "磯谷郡蘭越町",
        "P35_005": "01394",
        "P35_006": "らんこし・ふるさとの丘"
      },
      "geometry": {
        "type": "Point",
        "coordinates": [
          140.478985299999,
          42.7620988
        ]
      }
    },
    {
      "type": "Feature",
      "properties": {
        "P35_001": 42.577551,
        "P35_002": 140.722382,
        "P35_003": "北海道",
        "P35_004": "虻田郡豊浦町",
        "P35_005": "01571",
        "P35_006": "とようら"
      },
      "geometry": {
        "type": "Point",
        "coordinates": [
          140.722382,
          42.577551
        ]
      }
    },
    {
      "type": "Feature",
      "properties": {
        "P35_001": 43.9173357,
        "P35_002": 144.1884881,
        "P35_003": "北海道",
        "P35_004": "網走郡大空町",
        "P35_005": "01564",
        "P35_006": "メルヘンの丘めまんべつ"
      },
      "geometry": {
        "type": "Point",
        "coordinates": [
          144.188488099999,
          43.9173357
        ]
      }
    },
    {
      "type": "Feature",
      "properties": {
        "P35_001": 42.5739733,
        "P35_002": 141.9254643,
        "P35_003": "北海道",
        "P35_004": "勇払郡むかわ町",
        "P35_005": "01586",
        "P35_006": "むかわ四季の館"
      },
      "geometry": {
        "type": "Point",
        "coordinates": [
          141.925464299999,
          42.5739733
        ]
      }
    },
    {
      "type": "Feature",
      "properties": {
        "P35_001": 43.545622,
        "P35_002": 143.980525,
        "P35_003": "北海道",
        "P35_004": "網走郡津別町",
        "P35_005": "01544",
        "P35_006": "あいおい"
      },
      "geometry": {
        "type": "Point",
        "coordinates": [
          143.980525,
          43.545622
        ]
      }
    },
    {
      "type": "Feature",
      "properties": {
        "P35_001": 43.0977132,
        "P35_002": 142.9902764,
        "P35_003": "北海道",
        "P35_004": "河東郡鹿追町",
        "P35_005": "01634",
        "P35_006": "しかおい"
      },
      "geometry": {
        "type": "Point",
        "coordinates": [
          142.990276399999,
          43.0977132
        ]
      }
    },
    {
      "type": "Feature",
      "properties": {
        "P35_001": 43.870061,
        "P35_002": 143.076278,
        "P35_003": "北海道",
        "P35_004": "紋別郡遠軽町",
        "P35_005": "01555",
        "P35_006": "しらたき"
      },
      "geometry": {
        "type": "Point",
        "coordinates": [
          143.076278,
          43.870061
        ]
      }
    },
    {
      "type": "Feature",
      "properties": {
        "P35_001": 43.244332,
        "P35_002": 143.546455,
        "P35_003": "北海道",
        "P35_004": "足寄郡足寄町",
        "P35_005": "01647",
        "P35_006": "あしょろ銀河ホール21"
      },
      "geometry": {
        "type": "Point",
        "coordinates": [
          143.546455,
          43.244332
        ]
      }
    },
    {
      "type": "Feature",
      "properties": {
        "P35_001": 42.833788,
        "P35_002": 141.65933,
        "P35_003": "北海道",
        "P35_004": "千歳市",
        "P35_005": "01224",
        "P35_006": "サーモンパーク千歳"
      },
      "geometry": {
        "type": "Point",
        "coordinates": [
          141.65933,
          42.833788
        ]
      }
    },
    {
      "type": "Feature",
      "properties": {
        "P35_001": 43.6973051,
        "P35_002": 142.5088143,
        "P35_003": "北海道",
        "P35_004": "上川郡東川町",
        "P35_005": "01458",
        "P35_006": "ひがしかわ「道草館」"
      },
      "geometry": {
        "type": "Point",
        "coordinates": [
          142.5088143,
          43.6973051
        ]
      }
    },
    {
      "type": "Feature",
      "properties": {
        "P35_001": 42.8972354,
        "P35_002": 141.5856753,
        "P35_003": "北海道",
        "P35_004": "恵庭市",
        "P35_005": "01231",
        "P35_006": "花ロードえにわ"
      },
      "geometry": {
        "type": "Point",
        "coordinates": [
          141.5856753,
          42.8972354
        ]
      }
    },
    {
      "type": "Feature",
      "properties": {
        "P35_001": 42.8801825,
        "P35_002": 140.370027,
        "P35_003": "北海道",
        "P35_004": "磯谷郡蘭越町",
        "P35_005": "01394",
        "P35_006": "シェルプラザ・港"
      },
      "geometry": {
        "type": "Point",
        "coordinates": [
          140.370026999999,
          42.8801825
        ]
      }
    },
    {
      "type": "Feature",
      "properties": {
        "P35_001": 42.7623215,
        "P35_002": 140.8077046,
        "P35_003": "北海道",
        "P35_004": "虻田郡真狩村",
        "P35_005": "01396",
        "P35_006": "真狩フラワーセンター"
      },
      "geometry": {
        "type": "Point",
        "coordinates": [
          140.807704599999,
          42.7623215
        ]
      }
    },
    {
      "type": "Feature",
      "properties": {
        "P35_001": 43.7648305,
        "P35_002": 141.9659629,
        "P35_003": "北海道",
        "P35_004": "雨竜郡秩父別町",
        "P35_005": "01434",
        "P35_006": "鐘のなるまち・ちっぷべつ"
      },
      "geometry": {
        "type": "Point",
        "coordinates": [
          141.9659629,
          43.7648305
        ]
      }
    },
    {
      "type": "Feature",
      "properties": {
        "P35_001": 42.5289975,
        "P35_002": 140.7787362,
        "P35_003": "北海道",
        "P35_004": "虻田郡洞爺湖町",
        "P35_005": "01584",
        "P35_006": "あぷた"
      },
      "geometry": {
        "type": "Point",
        "coordinates": [
          140.7787362,
          42.5289975
        ]
      }
    },
    {
      "type": "Feature",
      "properties": {
        "P35_001": 43.1697466,
        "P35_002": 143.0250228,
        "P35_003": "北海道",
        "P35_004": "河東郡鹿追町",
        "P35_005": "01634",
        "P35_006": "うりまく"
      },
      "geometry": {
        "type": "Point",
        "coordinates": [
          143.0250228,
          43.1697466
        ]
      }
    },
    {
      "type": "Feature",
      "properties": {
        "P35_001": 44.0938311,
        "P35_002": 142.3909798,
        "P35_003": "北海道",
        "P35_004": "上川郡剣淵町",
        "P35_005": "01465",
        "P35_006": "絵本の里けんぶち"
      },
      "geometry": {
        "type": "Point",
        "coordinates": [
          142.390979799999,
          44.0938311
        ]
      }
    },
    {
      "type": "Feature",
      "properties": {
        "P35_001": 44.3133031,
        "P35_002": 141.6564717,
        "P35_003": "北海道",
        "P35_004": "苫前郡苫前町",
        "P35_005": "01483",
        "P35_006": "風Ｗとままえ"
      },
      "geometry": {
        "type": "Point",
        "coordinates": [
          141.6564717,
          44.3133031
        ]
      }
    },
    {
      "type": "Feature",
      "properties": {
        "P35_001": 43.138881,
        "P35_002": 143.367911,
        "P35_003": "北海道",
        "P35_004": "河東郡士幌町",
        "P35_005": "01632",
        "P35_006": "しほろ温泉"
      },
      "geometry": {
        "type": "Point",
        "coordinates": [
          143.367911,
          43.138881
        ]
      }
    },
    {
      "type": "Feature",
      "properties": {
        "P35_001": 42.8589072,
        "P35_002": 140.8709024,
        "P35_003": "北海道",
        "P35_004": "虻田郡京極町",
        "P35_005": "01399",
        "P35_006": "名水の郷きょうごく"
      },
      "geometry": {
        "type": "Point",
        "coordinates": [
          140.870902399999,
          42.8589072
        ]
      }
    },
    {
      "type": "Feature",
      "properties": {
        "P35_001": 43.5921253,
        "P35_002": 142.4637855,
        "P35_003": "北海道",
        "P35_004": "上川郡美瑛町",
        "P35_005": "01459",
        "P35_006": "びえい「丘のくら」"
      },
      "geometry": {
        "type": "Point",
        "coordinates": [
          142.463785499999,
          43.5921253
        ]
      }
    },
    {
      "type": "Feature",
      "properties": {
        "P35_001": 44.5635037,
        "P35_002": 141.7768178,
        "P35_003": "北海道",
        "P35_004": "苫前郡初山別村",
        "P35_005": "01485",
        "P35_006": "☆ロマン街道しょさんべつ"
      },
      "geometry": {
        "type": "Point",
        "coordinates": [
          141.7768178,
          44.5635037
        ]
      }
    },
    {
      "type": "Feature",
      "properties": {
        "P35_001": 44.0690729,
        "P35_002": 144.9906685,
        "P35_003": "北海道",
        "P35_004": "斜里郡斜里町",
        "P35_005": "01545",
        "P35_006": "うとろ・シリエトク"
      },
      "geometry": {
        "type": "Point",
        "coordinates": [
          144.990668499999,
          44.0690728999999
        ]
      }
    },
    {
      "type": "Feature",
      "properties": {
        "P35_001": 43.9117709,
        "P35_002": 144.6642138,
        "P35_003": "北海道",
        "P35_004": "斜里郡斜里町",
        "P35_005": "01545",
        "P35_006": "しゃり"
      },
      "geometry": {
        "type": "Point",
        "coordinates": [
          144.664213799999,
          43.9117709
        ]
      }
    },
    {
      "type": "Feature",
      "properties": {
        "P35_001": 43.7904595,
        "P35_002": 144.5339946,
        "P35_003": "北海道",
        "P35_004": "斜里郡清里町",
        "P35_005": "01546",
        "P35_006": "パパスランドさっつる"
      },
      "geometry": {
        "type": "Point",
        "coordinates": [
          144.5339946,
          43.7904595
        ]
      }
    },
    {
      "type": "Feature",
      "properties": {
        "P35_001": 44.2874188,
        "P35_002": 142.4137718,
        "P35_003": "北海道",
        "P35_004": "名寄市",
        "P35_005": "01221",
        "P35_006": "もち米の里☆なよろ"
      },
      "geometry": {
        "type": "Point",
        "coordinates": [
          142.413771799999,
          44.2874188
        ]
      }
    },
    {
      "type": "Feature",
      "properties": {
        "P35_001": 42.7955338,
        "P35_002": 140.2318241,
        "P35_003": "北海道",
        "P35_004": "寿都郡寿都町",
        "P35_005": "01392",
        "P35_006": "みなとま〜れ寿都"
      },
      "geometry": {
        "type": "Point",
        "coordinates": [
          140.2318241,
          42.7955338
        ]
      }
    },
    {
      "type": "Feature",
      "properties": {
        "P35_001": 42.6645114,
        "P35_002": 140.8218199,
        "P35_003": "北海道",
        "P35_004": "虻田郡洞爺湖町",
        "P35_005": "01584",
        "P35_006": "とうや湖"
      },
      "geometry": {
        "type": "Point",
        "coordinates": [
          140.8218199,
          42.6645113999999
        ]
      }
    },
    {
      "type": "Feature",
      "properties": {
        "P35_001": 44.022034,
        "P35_002": 144.273893,
        "P35_003": "北海道",
        "P35_004": "網走市",
        "P35_005": "01211",
        "P35_006": "流氷街道網走"
      },
      "geometry": {
        "type": "Point",
        "coordinates": [
          144.273893,
          44.022034
        ]
      }
    },
    {
      "type": "Feature",
      "properties": {
        "P35_001": 41.4265145,
        "P35_002": 140.1072323,
        "P35_003": "北海道",
        "P35_004": "松前郡松前町",
        "P35_005": "01331",
        "P35_006": "北前船 松前"
      },
      "geometry": {
        "type": "Point",
        "coordinates": [
          140.107232299999,
          41.4265145
        ]
      }
    },
    {
      "type": "Feature",
      "properties": {
        "P35_001": 43.1256342,
        "P35_002": 143.6132503,
        "P35_003": "北海道",
        "P35_004": "中川郡本別町",
        "P35_005": "01646",
        "P35_006": "ステラ★ほんべつ"
      },
      "geometry": {
        "type": "Point",
        "coordinates": [
          143.6132503,
          43.1256342
        ]
      }
    },
    {
      "type": "Feature",
      "properties": {
        "P35_001": 42.6999513,
        "P35_002": 141.6946488,
        "P35_003": "北海道",
        "P35_004": "苫小牧市",
        "P35_005": "01213",
        "P35_006": "ウトナイ湖"
      },
      "geometry": {
        "type": "Point",
        "coordinates": [
          141.694648799999,
          42.6999513
        ]
      }
    },
    {
      "type": "Feature",
      "properties": {
        "P35_001": 42.81399805,
        "P35_002": 143.6636566,
        "P35_003": "北海道",
        "P35_004": "十勝郡浦幌町",
        "P35_005": "01649",
        "P35_006": "うらほろ"
      },
      "geometry": {
        "type": "Point",
        "coordinates": [
          143.6636566,
          42.81399805
        ]
      }
    },
    {
      "type": "Feature",
      "properties": {
        "P35_001": 43.2141162,
        "P35_002": 141.6427006,
        "P35_003": "北海道",
        "P35_004": "石狩郡新篠津村",
        "P35_005": "01304",
        "P35_006": "しんしのつ"
      },
      "geometry": {
        "type": "Point",
        "coordinates": [
          141.6427006,
          43.2141162
        ]
      }
    },
    {
      "type": "Feature",
      "properties": {
        "P35_001": 42.93699,
        "P35_002": 142.038078,
        "P35_003": "北海道",
        "P35_004": "夕張市",
        "P35_005": "01209",
        "P35_006": "夕張メロード"
      },
      "geometry": {
        "type": "Point",
        "coordinates": [
          142.038078,
          42.93699
        ]
      }
    },
    {
      "type": "Feature",
      "properties": {
        "P35_001": 43.533413,
        "P35_002": 145.2368756,
        "P35_003": "北海道",
        "P35_004": "野付郡別海町",
        "P35_005": "01691",
        "P35_006": "おだいとう"
      },
      "geometry": {
        "type": "Point",
        "coordinates": [
          145.236875599999,
          43.533413
        ]
      }
    },
    {
      "type": "Feature",
      "properties": {
        "P35_001": 41.9279214,
        "P35_002": 140.9447498,
        "P35_003": "北海道",
        "P35_004": "函館市",
        "P35_005": "01202",
        "P35_006": "縄文ロマン 南かやべ"
      },
      "geometry": {
        "type": "Point",
        "coordinates": [
          140.944749799999,
          41.9279214
        ]
      }
    },
    {
      "type": "Feature",
      "properties": {
        "P35_001": 45.41725,
        "P35_002": 141.677348,
        "P35_003": "北海道",
        "P35_004": "稚内市",
        "P35_005": "01214",
        "P35_006": "わっかない"
      },
      "geometry": {
        "type": "Point",
        "coordinates": [
          141.677348,
          45.41725
        ]
      }
    },
    {
      "type": "Feature",
      "properties": {
        "P35_001": 43.05086768,
        "P35_002": 140.844843,
        "P35_003": "北海道",
        "P35_004": "余市郡赤井川村",
        "P35_005": "01409",
        "P35_006": "あかいがわ"
      },
      "geometry": {
        "type": "Point",
        "coordinates": [
          140.844843,
          43.05086768
        ]
      }
    },
    {
      "type": "Feature",
      "properties": {
        "P35_001": 41.6780521,
        "P35_002": 140.4353634,
        "P35_003": "北海道",
        "P35_004": "上磯郡木古内町",
        "P35_005": "01334",
        "P35_006": "みそぎの郷 きこない"
      },
      "geometry": {
        "type": "Point",
        "coordinates": [
          140.4353634,
          41.6780521
        ]
      }
    },
    {
      "type": "Feature",
      "properties": {
        "P35_001": 42.0285219,
        "P35_002": 140.8305528,
        "P35_003": "北海道",
        "P35_004": "茅部郡鹿部町",
        "P35_005": "01343",
        "P35_006": "しかべ間歇泉公園"
      },
      "geometry": {
        "type": "Point",
        "coordinates": [
          140.8305528,
          42.0285219
        ]
      }
    },
    {
      "type": "Feature",
      "properties": {
        "P35_001": 43.845319,
        "P35_002": 144.294951,
        "P35_003": "北海道",
        "P35_004": "網走郡大空町",
        "P35_005": "01564",
        "P35_006": "ノンキーランド ひがしもこと"
      },
      "geometry": {
        "type": "Point",
        "coordinates": [
          144.294951,
          43.845319
        ]
      }
    },
    {
      "type": "Feature",
      "properties": {
        "P35_001": 43.177254,
        "P35_002": 141.448498,
        "P35_003": "北海道",
        "P35_004": "石狩郡当別町",
        "P35_005": "01303",
        "P35_006": "北欧の風 道の駅とうべつ"
      },
      "geometry": {
        "type": "Point",
        "coordinates": [
          141.448498,
          43.177254
        ]
      }
    },
    {
      "type": "Feature",
      "properties": {
        "P35_001": 43.403873,
        "P35_002": 141.43118,
        "P35_003": "北海道",
        "P35_004": "石狩市",
        "P35_005": "01235",
        "P35_006": "石狩「あいろーど厚田」"
      },
      "geometry": {
        "type": "Point",
        "coordinates": [
          141.43118,
          43.403873
        ]
      }
    },
    {
      "type": "Feature",
      "properties": {
        "P35_001": 41.925666,
        "P35_002": 140.655973,
        "P35_003": "北海道",
        "P35_004": "亀田郡七飯町",
        "P35_005": "01337",
        "P35_006": "なないろ・ななえ"
      },
      "geometry": {
        "type": "Point",
        "coordinates": [
          140.655973,
          41.925666
        ]
      }
    },
    {
      "type": "Feature",
      "properties": {
        "P35_001": 40.7168253,
        "P35_002": 141.1552503,
        "P35_003": "青森県",
        "P35_004": "上北郡七戸町",
        "P35_005": "02402",
        "P35_006": "しちのへ"
      },
      "geometry": {
        "type": "Point",
        "coordinates": [
          141.1552503,
          40.7168253
        ]
      }
    },
    {
      "type": "Feature",
      "properties": {
        "P35_001": 40.4584959,
        "P35_002": 141.6084329,
        "P35_003": "青森県",
        "P35_004": "三戸郡階上町",
        "P35_005": "02446",
        "P35_006": "はしかみ"
      },
      "geometry": {
        "type": "Point",
        "coordinates": [
          141.6084329,
          40.4584959
        ]
      }
    },
    {
      "type": "Feature",
      "properties": {
        "P35_001": 40.581966,
        "P35_002": 140.687643,
        "P35_003": "青森県",
        "P35_004": "黒石市",
        "P35_005": "02204",
        "P35_006": "虹の湖"
      },
      "geometry": {
        "type": "Point",
        "coordinates": [
          140.687643,
          40.581966
        ]
      }
    },
    {
      "type": "Feature",
      "properties": {
        "P35_001": 41.167961,
        "P35_002": 140.80477,
        "P35_003": "青森県",
        "P35_004": "むつ市",
        "P35_005": "02208",
        "P35_006": "わきのさわ"
      },
      "geometry": {
        "type": "Point",
        "coordinates": [
          140.80477,
          41.167961
        ]
      }
    },
    {
      "type": "Feature",
      "properties": {
        "P35_001": 41.2703981,
        "P35_002": 140.8882189,
        "P35_003": "青森県",
        "P35_004": "むつ市",
        "P35_005": "02208",
        "P35_006": "かわうち湖"
      },
      "geometry": {
        "type": "Point",
        "coordinates": [
          140.888218899999,
          41.2703981
        ]
      }
    },
    {
      "type": "Feature",
      "properties": {
        "P35_001": 40.4317584,
        "P35_002": 141.0744455,
        "P35_003": "青森県",
        "P35_004": "三戸郡新郷村",
        "P35_005": "02450",
        "P35_006": "しんごう"
      },
      "geometry": {
        "type": "Point",
        "coordinates": [
          141.0744455,
          40.4317584
        ]
      }
    },
    {
      "type": "Feature",
      "properties": {
        "P35_001": 40.5547521,
        "P35_002": 140.5487947,
        "P35_003": "青森県",
        "P35_004": "弘前市",
        "P35_005": "02202",
        "P35_006": "ひろさき"
      },
      "geometry": {
        "type": "Point",
        "coordinates": [
          140.5487947,
          40.5547520999999
        ]
      }
    },
    {
      "type": "Feature",
      "properties": {
        "P35_001": 40.586204,
        "P35_002": 141.117434,
        "P35_003": "青森県",
        "P35_004": "十和田市",
        "P35_005": "02206",
        "P35_006": "奥入瀬"
      },
      "geometry": {
        "type": "Point",
        "coordinates": [
          141.117434,
          40.586204
        ]
      }
    },
    {
      "type": "Feature",
      "properties": {
        "P35_001": 40.387808,
        "P35_002": 141.2554758,
        "P35_003": "青森県",
        "P35_004": "三戸郡三戸町",
        "P35_005": "02441",
        "P35_006": "さんのへ"
      },
      "geometry": {
        "type": "Point",
        "coordinates": [
          141.2554758,
          40.387808
        ]
      }
    },
    {
      "type": "Feature",
      "properties": {
        "P35_001": 40.7179284,
        "P35_002": 140.579519,
        "P35_003": "青森県",
        "P35_004": "青森市",
        "P35_005": "02201",
        "P35_006": "なみおか"
      },
      "geometry": {
        "type": "Point",
        "coordinates": [
          140.579519,
          40.7179284
        ]
      }
    },
    {
      "type": "Feature",
      "properties": {
        "P35_001": 41.045391,
        "P35_002": 140.385462,
        "P35_003": "青森県",
        "P35_004": "五所川原市",
        "P35_005": "02205",
        "P35_006": "十三湖高原"
      },
      "geometry": {
        "type": "Point",
        "coordinates": [
          140.385462,
          41.045391
        ]
      }
    },
    {
      "type": "Feature",
      "properties": {
        "P35_001": 41.145511,
        "P35_002": 140.514335,
        "P35_003": "青森県",
        "P35_004": "東津軽郡今別町",
        "P35_005": "02303",
        "P35_006": "いまべつ"
      },
      "geometry": {
        "type": "Point",
        "coordinates": [
          140.514335,
          41.145511
        ]
      }
    },
    {
      "type": "Feature",
      "properties": {
        "P35_001": 40.4067846,
        "P35_002": 141.4304303,
        "P35_003": "青森県",
        "P35_004": "八戸市",
        "P35_005": "02203",
        "P35_006": "なんごう"
      },
      "geometry": {
        "type": "Point",
        "coordinates": [
          141.4304303,
          40.4067846
        ]
      }
    },
    {
      "type": "Feature",
      "properties": {
        "P35_001": 40.784406,
        "P35_002": 140.322251,
        "P35_003": "青森県",
        "P35_004": "つがる市",
        "P35_005": "02209",
        "P35_006": "もりた"
      },
      "geometry": {
        "type": "Point",
        "coordinates": [
          140.322251,
          40.784406
        ]
      }
    },
    {
      "type": "Feature",
      "properties": {
        "P35_001": 40.891692,
        "P35_002": 140.86137,
        "P35_003": "青森県",
        "P35_004": "青森市",
        "P35_005": "02201",
        "P35_006": "浅虫温泉"
      },
      "geometry": {
        "type": "Point",
        "coordinates": [
          140.86137,
          40.891692
        ]
      }
    },
    {
      "type": "Feature",
      "properties": {
        "P35_001": 40.4815576,
        "P35_002": 140.6231652,
        "P35_003": "青森県",
        "P35_004": "平川市",
        "P35_005": "02210",
        "P35_006": "いかりがせき"
      },
      "geometry": {
        "type": "Point",
        "coordinates": [
          140.6231652,
          40.4815576
        ]
      }
    },
    {
      "type": "Feature",
      "properties": {
        "P35_001": 40.6336189,
        "P35_002": 140.577686,
        "P35_003": "青森県",
        "P35_004": "南津軽郡田舎館村",
        "P35_005": "02367",
        "P35_006": "いなかだて"
      },
      "geometry": {
        "type": "Point",
        "coordinates": [
          140.577685999999,
          40.6336188999999
        ]
      }
    },
    {
      "type": "Feature",
      "properties": {
        "P35_001": 41.083731,
        "P35_002": 141.256588,
        "P35_003": "青森県",
        "P35_004": "上北郡横浜町",
        "P35_005": "02406",
        "P35_006": "よこはま"
      },
      "geometry": {
        "type": "Point",
        "coordinates": [
          141.256588,
          41.083731
        ]
      }
    },
    {
      "type": "Feature",
      "properties": {
        "P35_001": 41.2538342,
        "P35_002": 140.3467912,
        "P35_003": "青森県",
        "P35_004": "東津軽郡外ヶ浜町",
        "P35_005": "02307",
        "P35_006": "みんまや"
      },
      "geometry": {
        "type": "Point",
        "coordinates": [
          140.346791199999,
          41.2538342
        ]
      }
    },
    {
      "type": "Feature",
      "properties": {
        "P35_001": 41.1449049,
        "P35_002": 140.3205958,
        "P35_003": "青森県",
        "P35_004": "北津軽郡中泊町",
        "P35_005": "02387",
        "P35_006": "こどまり"
      },
      "geometry": {
        "type": "Point",
        "coordinates": [
          140.320595799999,
          41.1449049
        ]
      }
    },
    {
      "type": "Feature",
      "properties": {
        "P35_001": 40.7854137,
        "P35_002": 141.3638954,
        "P35_003": "青森県",
        "P35_004": "三沢市",
        "P35_005": "02207",
        "P35_006": "みさわ"
      },
      "geometry": {
        "type": "Point",
        "coordinates": [
          141.3638954,
          40.7854137
        ]
      }
    },
    {
      "type": "Feature",
      "properties": {
        "P35_001": 40.574645,
        "P35_002": 141.2646116,
        "P35_003": "青森県",
        "P35_004": "十和田市",
        "P35_005": "02206",
        "P35_006": "とわだ"
      },
      "geometry": {
        "type": "Point",
        "coordinates": [
          141.264611599999,
          40.574645
        ]
      }
    },
    {
      "type": "Feature",
      "properties": {
        "P35_001": 40.7371457,
        "P35_002": 140.4427046,
        "P35_003": "青森県",
        "P35_004": "北津軽郡鶴田町",
        "P35_005": "02384",
        "P35_006": "つるた"
      },
      "geometry": {
        "type": "Point",
        "coordinates": [
          140.4427046,
          40.7371457
        ]
      }
    },
    {
      "type": "Feature",
      "properties": {
        "P35_001": 40.7442227,
        "P35_002": 140.0004692,
        "P35_003": "青森県",
        "P35_004": "西津軽郡深浦町",
        "P35_005": "02323",
        "P35_006": "ふかうら"
      },
      "geometry": {
        "type": "Point",
        "coordinates": [
          140.0004692,
          40.7442227
        ]
      }
    },
    {
      "type": "Feature",
      "properties": {
        "P35_001": 40.728039,
        "P35_002": 141.274961,
        "P35_003": "青森県",
        "P35_004": "上北郡東北町",
        "P35_005": "02408",
        "P35_006": "おがわら湖"
      },
      "geometry": {
        "type": "Point",
        "coordinates": [
          141.274961,
          40.728039
        ]
      }
    },
    {
      "type": "Feature",
      "properties": {
        "P35_001": 41.1748371,
        "P35_002": 140.6411974,
        "P35_003": "青森県",
        "P35_004": "東津軽郡外ヶ浜町",
        "P35_005": "02307",
        "P35_006": "たいらだて"
      },
      "geometry": {
        "type": "Point",
        "coordinates": [
          140.6411974,
          41.1748371
        ]
      }
    },
    {
      "type": "Feature",
      "properties": {
        "P35_001": 40.6064042,
        "P35_002": 141.3247271,
        "P35_003": "青森県",
        "P35_004": "上北郡六戸町",
        "P35_005": "02405",
        "P35_006": "ろくのへ"
      },
      "geometry": {
        "type": "Point",
        "coordinates": [
          141.3247271,
          40.6064042
        ]
      }
    },
    {
      "type": "Feature",
      "properties": {
        "P35_001": 40.577739,
        "P35_002": 140.300462,
        "P35_003": "青森県",
        "P35_004": "中津軽郡西目屋村",
        "P35_005": "02343",
        "P35_006": "津軽白神"
      },
      "geometry": {
        "type": "Point",
        "coordinates": [
          140.300462,
          40.577739
        ]
      }
    },
    {
      "type": "Feature",
      "properties": {
        "P35_001": 39.4832705,
        "P35_002": 141.1421369,
        "P35_003": "岩手県",
        "P35_004": "花巻市",
        "P35_005": "03205",
        "P35_006": "石鳥谷"
      },
      "geometry": {
        "type": "Point",
        "coordinates": [
          141.142136899999,
          39.4832705
        ]
      }
    },
    {
      "type": "Feature",
      "properties": {
        "P35_001": 39.008465,
        "P35_002": 141.62854,
        "P35_003": "岩手県",
        "P35_004": "陸前高田市",
        "P35_005": "03210",
        "P35_006": "高田松原"
      },
      "geometry": {
        "type": "Point",
        "coordinates": [
          141.62854,
          39.008465
        ]
      }
    },
    {
      "type": "Feature",
      "properties": {
        "P35_001": 39.6516145,
        "P35_002": 141.3535295,
        "P35_003": "岩手県",
        "P35_004": "宮古市",
        "P35_005": "03202",
        "P35_006": "区界高原"
      },
      "geometry": {
        "type": "Point",
        "coordinates": [
          141.3535295,
          39.6516145
        ]
      }
    },
    {
      "type": "Feature",
      "properties": {
        "P35_001": 40.2792091,
        "P35_002": 141.6634076,
        "P35_003": "岩手県",
        "P35_004": "九戸郡洋野町",
        "P35_005": "03507",
        "P35_006": "おおの"
      },
      "geometry": {
        "type": "Point",
        "coordinates": [
          141.6634076,
          40.2792091
        ]
      }
    },
    {
      "type": "Feature",
      "properties": {
        "P35_001": 39.1798365,
        "P35_002": 141.3958808,
        "P35_003": "岩手県",
        "P35_004": "気仙郡住田町",
        "P35_005": "03441",
        "P35_006": "種山ヶ原"
      },
      "geometry": {
        "type": "Point",
        "coordinates": [
          141.3958808,
          39.1798365
        ]
      }
    },
    {
      "type": "Feature",
      "properties": {
        "P35_001": 39.8423053,
        "P35_002": 141.8626587,
        "P35_003": "岩手県",
        "P35_004": "下閉伊郡岩泉町",
        "P35_005": "03483",
        "P35_006": "いわいずみ"
      },
      "geometry": {
        "type": "Point",
        "coordinates": [
          141.8626587,
          39.8423053
        ]
      }
    },
    {
      "type": "Feature",
      "properties": {
        "P35_001": 40.116105,
        "P35_002": 141.818707,
        "P35_003": "岩手県",
        "P35_004": "九戸郡野田村",
        "P35_005": "03503",
        "P35_006": "のだ"
      },
      "geometry": {
        "type": "Point",
        "coordinates": [
          141.818707,
          40.116105
        ]
      }
    },
    {
      "type": "Feature",
      "properties": {
        "P35_001": 39.7634891,
        "P35_002": 141.965689,
        "P35_003": "岩手県",
        "P35_004": "宮古市",
        "P35_005": "03202",
        "P35_006": "たろう"
      },
      "geometry": {
        "type": "Point",
        "coordinates": [
          141.965689,
          39.7634891
        ]
      }
    },
    {
      "type": "Feature",
      "properties": {
        "P35_001": 39.909617,
        "P35_002": 141.902577,
        "P35_003": "岩手県",
        "P35_004": "下閉伊郡田野畑村",
        "P35_005": "03484",
        "P35_006": "たのはた"
      },
      "geometry": {
        "type": "Point",
        "coordinates": [
          141.902577,
          39.909617
        ]
      }
    },
    {
      "type": "Feature",
      "properties": {
        "P35_001": 39.094217,
        "P35_002": 141.181477,
        "P35_003": "岩手県",
        "P35_004": "奥州市",
        "P35_005": "03215",
        "P35_006": "みずさわ"
      },
      "geometry": {
        "type": "Point",
        "coordinates": [
          141.181477,
          39.094217
        ]
      }
    },
    {
      "type": "Feature",
      "properties": {
        "P35_001": 39.8799671,
        "P35_002": 141.0993785,
        "P35_003": "岩手県",
        "P35_004": "八幡平市",
        "P35_005": "03214",
        "P35_006": "にしね"
      },
      "geometry": {
        "type": "Point",
        "coordinates": [
          141.0993785,
          39.8799670999999
        ]
      }
    },
    {
      "type": "Feature",
      "properties": {
        "P35_001": 40.1509394,
        "P35_002": 141.5735177,
        "P35_003": "岩手県",
        "P35_004": "久慈市",
        "P35_005": "03207",
        "P35_006": "白樺の里やまがた"
      },
      "geometry": {
        "type": "Point",
        "coordinates": [
          141.5735177,
          40.1509394
        ]
      }
    },
    {
      "type": "Feature",
      "properties": {
        "P35_001": 39.3460524,
        "P35_002": 141.3513044,
        "P35_003": "岩手県",
        "P35_004": "遠野市",
        "P35_005": "03208",
        "P35_006": "みやもり"
      },
      "geometry": {
        "type": "Point",
        "coordinates": [
          141.3513044,
          39.3460524
        ]
      }
    },
    {
      "type": "Feature",
      "properties": {
        "P35_001": 39.5555548,
        "P35_002": 141.2064173,
        "P35_003": "岩手県",
        "P35_004": "紫波郡紫波町",
        "P35_005": "03321",
        "P35_006": "紫波"
      },
      "geometry": {
        "type": "Point",
        "coordinates": [
          141.2064173,
          39.5555548
        ]
      }
    },
    {
      "type": "Feature",
      "properties": {
        "P35_001": 39.5367746,
        "P35_002": 141.3404903,
        "P35_003": "岩手県",
        "P35_004": "花巻市",
        "P35_005": "03205",
        "P35_006": "はやちね"
      },
      "geometry": {
        "type": "Point",
        "coordinates": [
          141.3404903,
          39.5367746
        ]
      }
    },
    {
      "type": "Feature",
      "properties": {
        "P35_001": 39.4369048,
        "P35_002": 141.973205,
        "P35_003": "岩手県",
        "P35_004": "下閉伊郡山田町",
        "P35_005": "03482",
        "P35_006": "やまだ"
      },
      "geometry": {
        "type": "Point",
        "coordinates": [
          141.973205,
          39.4369048
        ]
      }
    },
    {
      "type": "Feature",
      "properties": {
        "P35_001": 39.3309253,
        "P35_002": 141.501123,
        "P35_003": "岩手県",
        "P35_004": "遠野市",
        "P35_005": "03208",
        "P35_006": "遠野風の丘"
      },
      "geometry": {
        "type": "Point",
        "coordinates": [
          141.501123,
          39.3309253
        ]
      }
    },
    {
      "type": "Feature",
      "properties": {
        "P35_001": 39.121158,
        "P35_002": 141.798998,
        "P35_003": "岩手県",
        "P35_004": "大船渡市",
        "P35_005": "03203",
        "P35_006": "さんりく"
      },
      "geometry": {
        "type": "Point",
        "coordinates": [
          141.798998,
          39.121158
        ]
      }
    },
    {
      "type": "Feature",
      "properties": {
        "P35_001": 39.3007195,
        "P35_002": 140.875147,
        "P35_003": "岩手県",
        "P35_004": "和賀郡西和賀町",
        "P35_005": "03366",
        "P35_006": "錦秋湖"
      },
      "geometry": {
        "type": "Point",
        "coordinates": [
          140.875146999999,
          39.3007195
        ]
      }
    },
    {
      "type": "Feature",
      "properties": {
        "P35_001": 39.984567,
        "P35_002": 141.3399576,
        "P35_003": "岩手県",
        "P35_004": "岩手郡葛巻町",
        "P35_005": "03302",
        "P35_006": "くずまき高原"
      },
      "geometry": {
        "type": "Point",
        "coordinates": [
          141.339957599999,
          39.984567
        ]
      }
    },
    {
      "type": "Feature",
      "properties": {
        "P35_001": 39.968545,
        "P35_002": 141.21381,
        "P35_003": "岩手県",
        "P35_004": "岩手郡岩手町",
        "P35_005": "03303",
        "P35_006": "石神の丘"
      },
      "geometry": {
        "type": "Point",
        "coordinates": [
          141.21381,
          39.968545
        ]
      }
    },
    {
      "type": "Feature",
      "properties": {
        "P35_001": 39.706412,
        "P35_002": 140.874886,
        "P35_003": "岩手県",
        "P35_004": "岩手郡雫石町",
        "P35_005": "03301",
        "P35_006": "雫石あねっこ"
      },
      "geometry": {
        "type": "Point",
        "coordinates": [
          140.874886,
          39.706412
        ]
      }
    },
    {
      "type": "Feature",
      "properties": {
        "P35_001": 39.3824368,
        "P35_002": 141.2218949,
        "P35_003": "岩手県",
        "P35_004": "花巻市",
        "P35_005": "03205",
        "P35_006": "とうわ"
      },
      "geometry": {
        "type": "Point",
        "coordinates": [
          141.2218949,
          39.3824368
        ]
      }
    },
    {
      "type": "Feature",
      "properties": {
        "P35_001": 38.9464394,
        "P35_002": 141.0528845,
        "P35_003": "岩手県",
        "P35_004": "一関市",
        "P35_005": "03209",
        "P35_006": "厳美渓"
      },
      "geometry": {
        "type": "Point",
        "coordinates": [
          141.0528845,
          38.9464394
        ]
      }
    },
    {
      "type": "Feature",
      "properties": {
        "P35_001": 40.248349,
        "P35_002": 141.4165286,
        "P35_003": "岩手県",
        "P35_004": "九戸郡九戸村",
        "P35_005": "03506",
        "P35_006": "おりつめ"
      },
      "geometry": {
        "type": "Point",
        "coordinates": [
          141.4165286,
          40.248349
        ]
      }
    },
    {
      "type": "Feature",
      "properties": {
        "P35_001": 38.8986767,
        "P35_002": 141.2723745,
        "P35_003": "岩手県",
        "P35_004": "一関市",
        "P35_005": "03209",
        "P35_006": "かわさき"
      },
      "geometry": {
        "type": "Point",
        "coordinates": [
          141.2723745,
          38.8986767
        ]
      }
    },
    {
      "type": "Feature",
      "properties": {
        "P35_001": 39.6488825,
        "P35_002": 141.5891622,
        "P35_003": "岩手県",
        "P35_004": "宮古市",
        "P35_005": "03202",
        "P35_006": "やまびこ館"
      },
      "geometry": {
        "type": "Point",
        "coordinates": [
          141.5891622,
          39.6488825
        ]
      }
    },
    {
      "type": "Feature",
      "properties": {
        "P35_001": 39.6390181,
        "P35_002": 141.9698939,
        "P35_003": "岩手県",
        "P35_004": "宮古市",
        "P35_005": "03202",
        "P35_006": "みやこ"
      },
      "geometry": {
        "type": "Point",
        "coordinates": [
          141.9698939,
          39.6390181
        ]
      }
    },
    {
      "type": "Feature",
      "properties": {
        "P35_001": 39.871122,
        "P35_002": 141.589311,
        "P35_003": "岩手県",
        "P35_004": "下閉伊郡岩泉町",
        "P35_005": "03483",
        "P35_006": "三田貝分校"
      },
      "geometry": {
        "type": "Point",
        "coordinates": [
          141.589311,
          39.871122
        ]
      }
    },
    {
      "type": "Feature",
      "properties": {
        "P35_001": 40.1898882,
        "P35_002": 141.7646387,
        "P35_003": "岩手県",
        "P35_004": "久慈市",
        "P35_005": "03207",
        "P35_006": "くじ"
      },
      "geometry": {
        "type": "Point",
        "coordinates": [
          141.764638699999,
          40.1898882
        ]
      }
    },
    {
      "type": "Feature",
      "properties": {
        "P35_001": 39.25363306,
        "P35_002": 141.7816824,
        "P35_003": "岩手県",
        "P35_004": "釜石市",
        "P35_005": "03211",
        "P35_006": "釜石仙人峠"
      },
      "geometry": {
        "type": "Point",
        "coordinates": [
          141.7816824,
          39.25363306
        ]
      }
    },
    {
      "type": "Feature",
      "properties": {
        "P35_001": 38.991816,
        "P35_002": 141.121791,
        "P35_003": "岩手県",
        "P35_004": "西磐井郡平泉町",
        "P35_005": "03402",
        "P35_006": "平泉"
      },
      "geometry": {
        "type": "Point",
        "coordinates": [
          141.121791,
          38.991816
        ]
      }
    },
    {
      "type": "Feature",
      "properties": {
        "P35_001": 38.933199,
        "P35_002": 141.447163,
        "P35_003": "岩手県",
        "P35_004": "一関市",
        "P35_005": "03209",
        "P35_006": "むろね"
      },
      "geometry": {
        "type": "Point",
        "coordinates": [
          141.447163,
          38.933199
        ]
      }
    },
    {
      "type": "Feature",
      "properties": {
        "P35_001": 37.971123,
        "P35_002": 140.505066,
        "P35_003": "宮城県",
        "P35_004": "刈田郡七ヶ宿町",
        "P35_005": "04302",
        "P35_006": "七ヶ宿"
      },
      "geometry": {
        "type": "Point",
        "coordinates": [
          140.505066,
          37.971123
        ]
      }
    },
    {
      "type": "Feature",
      "properties": {
        "P35_001": 38.619593,
        "P35_002": 141.325525,
        "P35_003": "宮城県",
        "P35_004": "登米市",
        "P35_005": "04212",
        "P35_006": "津山"
      },
      "geometry": {
        "type": "Point",
        "coordinates": [
          141.325525,
          38.619593
        ]
      }
    },
    {
      "type": "Feature",
      "properties": {
        "P35_001": 38.521611,
        "P35_002": 140.938388,
        "P35_003": "宮城県",
        "P35_004": "大崎市",
        "P35_005": "04215",
        "P35_006": "三本木"
      },
      "geometry": {
        "type": "Point",
        "coordinates": [
          140.938388,
          38.521611
        ]
      }
    },
    {
      "type": "Feature",
      "properties": {
        "P35_001": 38.794418,
        "P35_002": 140.844319,
        "P35_003": "宮城県",
        "P35_004": "栗原市",
        "P35_005": "04213",
        "P35_006": "路田里はなやま"
      },
      "geometry": {
        "type": "Point",
        "coordinates": [
          140.844319,
          38.794418
        ]
      }
    },
    {
      "type": "Feature",
      "properties": {
        "P35_001": 38.8140093,
        "P35_002": 141.5664822,
        "P35_003": "宮城県",
        "P35_004": "気仙沼市",
        "P35_005": "04205",
        "P35_006": "大谷海岸"
      },
      "geometry": {
        "type": "Point",
        "coordinates": [
          141.5664822,
          38.8140093
        ]
      }
    },
    {
      "type": "Feature",
      "properties": {
        "P35_001": 38.424053,
        "P35_002": 140.992791,
        "P35_003": "宮城県",
        "P35_004": "黒川郡大郷町",
        "P35_005": "04422",
        "P35_006": "おおさと"
      },
      "geometry": {
        "type": "Point",
        "coordinates": [
          140.992791,
          38.424053
        ]
      }
    },
    {
      "type": "Feature",
      "properties": {
        "P35_001": 38.6271176,
        "P35_002": 141.1878908,
        "P35_003": "宮城県",
        "P35_004": "登米市",
        "P35_005": "04212",
        "P35_006": "米山"
      },
      "geometry": {
        "type": "Point",
        "coordinates": [
          141.1878908,
          38.6271176
        ]
      }
    },
    {
      "type": "Feature",
      "properties": {
        "P35_001": 38.70744,
        "P35_002": 140.833294,
        "P35_003": "宮城県",
        "P35_004": "大崎市",
        "P35_005": "04215",
        "P35_006": "あ・ら・伊達な道の駅"
      },
      "geometry": {
        "type": "Point",
        "coordinates": [
          140.833294,
          38.70744
        ]
      }
    },
    {
      "type": "Feature",
      "properties": {
        "P35_001": 38.742664,
        "P35_002": 141.316076,
        "P35_003": "宮城県",
        "P35_004": "登米市",
        "P35_005": "04212",
        "P35_006": "林林館"
      },
      "geometry": {
        "type": "Point",
        "coordinates": [
          141.316076,
          38.742664
        ]
      }
    },
    {
      "type": "Feature",
      "properties": {
        "P35_001": 38.501033,
        "P35_002": 141.295318,
        "P35_003": "宮城県",
        "P35_004": "石巻市",
        "P35_005": "04202",
        "P35_006": "上品の郷"
      },
      "geometry": {
        "type": "Point",
        "coordinates": [
          141.295318,
          38.501033
        ]
      }
    },
    {
      "type": "Feature",
      "properties": {
        "P35_001": 38.66488,
        "P35_002": 141.160641,
        "P35_003": "宮城県",
        "P35_004": "登米市",
        "P35_005": "04212",
        "P35_006": "みなみかた"
      },
      "geometry": {
        "type": "Point",
        "coordinates": [
          141.160641,
          38.66488
        ]
      }
    },
    {
      "type": "Feature",
      "properties": {
        "P35_001": 38.118639,
        "P35_002": 140.717279,
        "P35_003": "宮城県",
        "P35_004": "柴田郡村田町",
        "P35_005": "04322",
        "P35_006": "村田"
      },
      "geometry": {
        "type": "Point",
        "coordinates": [
          140.717279,
          38.118639
        ]
      }
    },
    {
      "type": "Feature",
      "properties": {
        "P35_001": 38.7079696,
        "P35_002": 141.327823,
        "P35_003": "宮城県",
        "P35_004": "登米市",
        "P35_005": "04212",
        "P35_006": "三滝堂"
      },
      "geometry": {
        "type": "Point",
        "coordinates": [
          141.327823,
          38.7079696
        ]
      }
    },
    {
      "type": "Feature",
      "properties": {
        "P35_001": 40.251513,
        "P35_002": 140.375856,
        "P35_003": "秋田県",
        "P35_004": "北秋田市",
        "P35_005": "05213",
        "P35_006": "たかのす"
      },
      "geometry": {
        "type": "Point",
        "coordinates": [
          140.375856,
          40.251513
        ]
      }
    },
    {
      "type": "Feature",
      "properties": {
        "P35_001": 40.21843,
        "P35_002": 140.260873,
        "P35_003": "秋田県",
        "P35_004": "能代市",
        "P35_005": "05202",
        "P35_006": "ふたつい"
      },
      "geometry": {
        "type": "Point",
        "coordinates": [
          140.260873,
          40.21843
        ]
      }
    },
    {
      "type": "Feature",
      "properties": {
        "P35_001": 39.36288,
        "P35_002": 140.014564,
        "P35_003": "秋田県",
        "P35_004": "由利本荘市",
        "P35_005": "05210",
        "P35_006": "にしめ"
      },
      "geometry": {
        "type": "Point",
        "coordinates": [
          140.014564,
          39.36288
        ]
      }
    },
    {
      "type": "Feature",
      "properties": {
        "P35_001": 40.4210338,
        "P35_002": 140.624429,
        "P35_003": "秋田県",
        "P35_004": "大館市",
        "P35_005": "05204",
        "P35_006": "やたて峠"
      },
      "geometry": {
        "type": "Point",
        "coordinates": [
          140.624428999999,
          40.4210338
        ]
      }
    },
    {
      "type": "Feature",
      "properties": {
        "P35_001": 40.421583,
        "P35_002": 139.948678,
        "P35_003": "秋田県",
        "P35_004": "山本郡八峰町",
        "P35_005": "05349",
        "P35_006": "はちもり"
      },
      "geometry": {
        "type": "Point",
        "coordinates": [
          139.948678,
          40.421583
        ]
      }
    },
    {
      "type": "Feature",
      "properties": {
        "P35_001": 40.1818401,
        "P35_002": 140.7852155,
        "P35_003": "秋田県",
        "P35_004": "鹿角市",
        "P35_005": "05209",
        "P35_006": "かづの"
      },
      "geometry": {
        "type": "Point",
        "coordinates": [
          140.7852155,
          40.1818401
        ]
      }
    },
    {
      "type": "Feature",
      "properties": {
        "P35_001": 39.5221473,
        "P35_002": 140.3767219,
        "P35_003": "秋田県",
        "P35_004": "大仙市",
        "P35_005": "05212",
        "P35_006": "かみおか"
      },
      "geometry": {
        "type": "Point",
        "coordinates": [
          140.3767219,
          39.5221473
        ]
      }
    },
    {
      "type": "Feature",
      "properties": {
        "P35_001": 40.022308,
        "P35_002": 140.08035,
        "P35_003": "秋田県",
        "P35_004": "山本郡三種町",
        "P35_005": "05348",
        "P35_006": "ことおか"
      },
      "geometry": {
        "type": "Point",
        "coordinates": [
          140.08035,
          40.022308
        ]
      }
    },
    {
      "type": "Feature",
      "properties": {
        "P35_001": 39.3016038,
        "P35_002": 140.285026,
        "P35_003": "秋田県",
        "P35_004": "由利本荘市",
        "P35_005": "05210",
        "P35_006": "東由利"
      },
      "geometry": {
        "type": "Point",
        "coordinates": [
          140.285026,
          39.3016038
        ]
      }
    },
    {
      "type": "Feature",
      "properties": {
        "P35_001": 40.063515,
        "P35_002": 140.297203,
        "P35_003": "秋田県",
        "P35_004": "北秋田郡上小阿仁村",
        "P35_005": "05327",
        "P35_006": "かみこあに"
      },
      "geometry": {
        "type": "Point",
        "coordinates": [
          140.297203,
          40.063515
        ]
      }
    },
    {
      "type": "Feature",
      "properties": {
        "P35_001": 39.220129,
        "P35_002": 139.9001819,
        "P35_003": "秋田県",
        "P35_004": "にかほ市",
        "P35_005": "05214",
        "P35_006": "象潟"
      },
      "geometry": {
        "type": "Point",
        "coordinates": [
          139.9001819,
          39.220129
        ]
      }
    },
    {
      "type": "Feature",
      "properties": {
        "P35_001": 39.5385396,
        "P35_002": 140.5331821,
        "P35_003": "秋田県",
        "P35_004": "大仙市",
        "P35_005": "05212",
        "P35_006": "なかせん"
      },
      "geometry": {
        "type": "Point",
        "coordinates": [
          140.533182099999,
          39.5385396
        ]
      }
    },
    {
      "type": "Feature",
      "properties": {
        "P35_001": 39.0651389,
        "P35_002": 140.460393,
        "P35_003": "秋田県",
        "P35_004": "湯沢市",
        "P35_005": "05207",
        "P35_006": "おがち"
      },
      "geometry": {
        "type": "Point",
        "coordinates": [
          140.460393,
          39.0651389
        ]
      }
    },
    {
      "type": "Feature",
      "properties": {
        "P35_001": 39.8568152,
        "P35_002": 140.0095627,
        "P35_003": "秋田県",
        "P35_004": "潟上市",
        "P35_005": "05211",
        "P35_006": "てんのう"
      },
      "geometry": {
        "type": "Point",
        "coordinates": [
          140.0095627,
          39.8568152
        ]
      }
    },
    {
      "type": "Feature",
      "properties": {
        "P35_001": 39.5420844,
        "P35_002": 140.052933,
        "P35_003": "秋田県",
        "P35_004": "由利本荘市",
        "P35_005": "05210",
        "P35_006": "岩城"
      },
      "geometry": {
        "type": "Point",
        "coordinates": [
          140.052932999999,
          39.5420844
        ]
      }
    },
    {
      "type": "Feature",
      "properties": {
        "P35_001": 39.864734,
        "P35_002": 140.077799,
        "P35_003": "秋田県",
        "P35_004": "潟上市",
        "P35_005": "05211",
        "P35_006": "しょうわ"
      },
      "geometry": {
        "type": "Point",
        "coordinates": [
          140.077799,
          39.864734
        ]
      }
    },
    {
      "type": "Feature",
      "properties": {
        "P35_001": 40.2668499,
        "P35_002": 140.028074,
        "P35_003": "秋田県",
        "P35_004": "山本郡八峰町",
        "P35_005": "05349",
        "P35_006": "みねはま"
      },
      "geometry": {
        "type": "Point",
        "coordinates": [
          140.028074,
          40.2668499
        ]
      }
    },
    {
      "type": "Feature",
      "properties": {
        "P35_001": 39.2893172,
        "P35_002": 140.6258076,
        "P35_003": "秋田県",
        "P35_004": "横手市",
        "P35_005": "05203",
        "P35_006": "さんない"
      },
      "geometry": {
        "type": "Point",
        "coordinates": [
          140.6258076,
          39.2893172
        ]
      }
    },
    {
      "type": "Feature",
      "properties": {
        "P35_001": 39.4428837,
        "P35_002": 140.0901559,
        "P35_003": "秋田県",
        "P35_004": "由利本荘市",
        "P35_005": "05210",
        "P35_006": "おおうち"
      },
      "geometry": {
        "type": "Point",
        "coordinates": [
          140.0901559,
          39.4428837
        ]
      }
    },
    {
      "type": "Feature",
      "properties": {
        "P35_001": 39.901824,
        "P35_002": 140.456774,
        "P35_003": "秋田県",
        "P35_004": "北秋田市",
        "P35_005": "05213",
        "P35_006": "あに"
      },
      "geometry": {
        "type": "Point",
        "coordinates": [
          140.456774,
          39.901824
        ]
      }
    },
    {
      "type": "Feature",
      "properties": {
        "P35_001": 40.219348,
        "P35_002": 140.585214,
        "P35_003": "秋田県",
        "P35_004": "大館市",
        "P35_005": "05204",
        "P35_006": "ひない"
      },
      "geometry": {
        "type": "Point",
        "coordinates": [
          140.585214,
          40.219348
        ]
      }
    },
    {
      "type": "Feature",
      "properties": {
        "P35_001": 39.9470864,
        "P35_002": 140.1442137,
        "P35_003": "秋田県",
        "P35_004": "南秋田郡五城目町",
        "P35_005": "05361",
        "P35_006": "五城目"
      },
      "geometry": {
        "type": "Point",
        "coordinates": [
          140.1442137,
          39.9470864
        ]
      }
    },
    {
      "type": "Feature",
      "properties": {
        "P35_001": 39.1095406,
        "P35_002": 140.2915146,
        "P35_003": "秋田県",
        "P35_004": "由利本荘市",
        "P35_005": "05210",
        "P35_006": "清水の里・鳥海郷"
      },
      "geometry": {
        "type": "Point",
        "coordinates": [
          140.2915146,
          39.1095406
        ]
      }
    },
    {
      "type": "Feature",
      "properties": {
        "P35_001": 39.3789953,
        "P35_002": 140.5675681,
        "P35_003": "秋田県",
        "P35_004": "仙北郡美郷町",
        "P35_005": "05434",
        "P35_006": "雁の里せんなん"
      },
      "geometry": {
        "type": "Point",
        "coordinates": [
          140.5675681,
          39.3789953
        ]
      }
    },
    {
      "type": "Feature",
      "properties": {
        "P35_001": 39.61884,
        "P35_002": 140.362517,
        "P35_003": "秋田県",
        "P35_004": "大仙市",
        "P35_005": "05212",
        "P35_006": "協和"
      },
      "geometry": {
        "type": "Point",
        "coordinates": [
          140.362517,
          39.61884
        ]
      }
    },
    {
      "type": "Feature",
      "properties": {
        "P35_001": 39.226174,
        "P35_002": 140.521447,
        "P35_003": "秋田県",
        "P35_004": "横手市",
        "P35_005": "05203",
        "P35_006": "十文字"
      },
      "geometry": {
        "type": "Point",
        "coordinates": [
          140.521447,
          39.226174
        ]
      }
    },
    {
      "type": "Feature",
      "properties": {
        "P35_001": 40.0153495,
        "P35_002": 139.9515185,
        "P35_003": "秋田県",
        "P35_004": "南秋田郡大潟村",
        "P35_005": "05368",
        "P35_006": "おおがた"
      },
      "geometry": {
        "type": "Point",
        "coordinates": [
          139.9515185,
          40.0153495
        ]
      }
    },
    {
      "type": "Feature",
      "properties": {
        "P35_001": 39.7527085,
        "P35_002": 140.061005,
        "P35_003": "秋田県",
        "P35_004": "秋田市",
        "P35_005": "05201",
        "P35_006": "あきた港"
      },
      "geometry": {
        "type": "Point",
        "coordinates": [
          140.061005,
          39.7527085
        ]
      }
    },
    {
      "type": "Feature",
      "properties": {
        "P35_001": 40.356598,
        "P35_002": 140.781686,
        "P35_003": "秋田県",
        "P35_004": "鹿角郡小坂町",
        "P35_005": "05303",
        "P35_006": "こさか七滝"
      },
      "geometry": {
        "type": "Point",
        "coordinates": [
          140.781686,
          40.356598
        ]
      }
    },
    {
      "type": "Feature",
      "properties": {
        "P35_001": 40.19197,
        "P35_002": 140.371628,
        "P35_003": "秋田県",
        "P35_004": "北秋田市",
        "P35_005": "05213",
        "P35_006": "大館能代空港"
      },
      "geometry": {
        "type": "Point",
        "coordinates": [
          140.371628,
          40.19197
        ]
      }
    },
    {
      "type": "Feature",
      "properties": {
        "P35_001": 39.200532,
        "P35_002": 140.412438,
        "P35_003": "秋田県",
        "P35_004": "雄勝郡羽後町",
        "P35_005": "05463",
        "P35_006": "うご"
      },
      "geometry": {
        "type": "Point",
        "coordinates": [
          140.412438,
          39.200532
        ]
      }
    },
    {
      "type": "Feature",
      "properties": {
        "P35_001": 40.295831,
        "P35_002": 140.82593,
        "P35_003": "秋田県",
        "P35_004": "鹿角市",
        "P35_005": "05209",
        "P35_006": "おおゆ"
      },
      "geometry": {
        "type": "Point",
        "coordinates": [
          140.82593,
          40.295831
        ]
      }
    },
    {
      "type": "Feature",
      "properties": {
        "P35_001": 38.5869944,
        "P35_002": 139.874501,
        "P35_003": "山形県",
        "P35_004": "鶴岡市",
        "P35_005": "06203",
        "P35_006": "月山"
      },
      "geometry": {
        "type": "Point",
        "coordinates": [
          139.874501,
          38.5869944
        ]
      }
    },
    {
      "type": "Feature",
      "properties": {
        "P35_001": 38.41304,
        "P35_002": 140.328447,
        "P35_003": "山形県",
        "P35_004": "西村山郡河北町",
        "P35_005": "06321",
        "P35_006": "河北"
      },
      "geometry": {
        "type": "Point",
        "coordinates": [
          140.328447,
          38.41304
        ]
      }
    },
    {
      "type": "Feature",
      "properties": {
        "P35_001": 38.399013,
        "P35_002": 140.269891,
        "P35_003": "山形県",
        "P35_004": "寒河江市",
        "P35_005": "06206",
        "P35_006": "寒河江"
      },
      "geometry": {
        "type": "Point",
        "coordinates": [
          140.269891,
          38.399013
        ]
      }
    },
    {
      "type": "Feature",
      "properties": {
        "P35_001": 38.580422,
        "P35_002": 139.5581086,
        "P35_003": "山形県",
        "P35_004": "鶴岡市",
        "P35_005": "06203",
        "P35_006": "あつみ"
      },
      "geometry": {
        "type": "Point",
        "coordinates": [
          139.558108599999,
          38.580422
        ]
      }
    },
    {
      "type": "Feature",
      "properties": {
        "P35_001": 38.436059,
        "P35_002": 140.099237,
        "P35_003": "山形県",
        "P35_004": "西村山郡西川町",
        "P35_005": "06322",
        "P35_006": "にしかわ"
      },
      "geometry": {
        "type": "Point",
        "coordinates": [
          140.099237,
          38.436059
        ]
      }
    },
    {
      "type": "Feature",
      "properties": {
        "P35_001": 38.026065,
        "P35_002": 139.994671,
        "P35_003": "山形県",
        "P35_004": "西置賜郡飯豊町",
        "P35_005": "06403",
        "P35_006": "いいで"
      },
      "geometry": {
        "type": "Point",
        "coordinates": [
          139.994671,
          38.026065
        ]
      }
    },
    {
      "type": "Feature",
      "properties": {
        "P35_001": 38.4871462,
        "P35_002": 140.3823105,
        "P35_003": "山形県",
        "P35_004": "村山市",
        "P35_005": "06208",
        "P35_006": "むらやま"
      },
      "geometry": {
        "type": "Point",
        "coordinates": [
          140.3823105,
          38.4871462
        ]
      }
    },
    {
      "type": "Feature",
      "properties": {
        "P35_001": 38.728688,
        "P35_002": 140.161431,
        "P35_003": "山形県",
        "P35_004": "最上郡戸沢村",
        "P35_005": "06367",
        "P35_006": "とざわ"
      },
      "geometry": {
        "type": "Point",
        "coordinates": [
          140.161431,
          38.728688
        ]
      }
    },
    {
      "type": "Feature",
      "properties": {
        "P35_001": 39.060163,
        "P35_002": 139.875583,
        "P35_003": "山形県",
        "P35_004": "飽海郡遊佐町",
        "P35_005": "06461",
        "P35_006": "鳥海"
      },
      "geometry": {
        "type": "Point",
        "coordinates": [
          139.875583,
          39.060163
        ]
      }
    },
    {
      "type": "Feature",
      "properties": {
        "P35_001": 37.8776582,
        "P35_002": 139.9841823,
        "P35_003": "山形県",
        "P35_004": "米沢市",
        "P35_005": "06202",
        "P35_006": "田沢"
      },
      "geometry": {
        "type": "Point",
        "coordinates": [
          139.984182299999,
          37.8776582
        ]
      }
    },
    {
      "type": "Feature",
      "properties": {
        "P35_001": 38.0719561,
        "P35_002": 139.7306094,
        "P35_003": "山形県",
        "P35_004": "西置賜郡小国町",
        "P35_005": "06401",
        "P35_006": "白い森おぐに"
      },
      "geometry": {
        "type": "Point",
        "coordinates": [
          139.7306094,
          38.0719561
        ]
      }
    },
    {
      "type": "Feature",
      "properties": {
        "P35_001": 38.367756,
        "P35_002": 140.213291,
        "P35_003": "山形県",
        "P35_004": "西村山郡大江町",
        "P35_005": "06324",
        "P35_006": "おおえ"
      },
      "geometry": {
        "type": "Point",
        "coordinates": [
          140.213291,
          38.367756
        ]
      }
    },
    {
      "type": "Feature",
      "properties": {
        "P35_001": 38.7828046,
        "P35_002": 139.8463299,
        "P35_003": "山形県",
        "P35_004": "東田川郡三川町",
        "P35_005": "06426",
        "P35_006": "庄内みかわ"
      },
      "geometry": {
        "type": "Point",
        "coordinates": [
          139.8463299,
          38.7828046
        ]
      }
    },
    {
      "type": "Feature",
      "properties": {
        "P35_001": 38.006775,
        "P35_002": 140.217442,
        "P35_003": "山形県",
        "P35_004": "東置賜郡高畠町",
        "P35_005": "06381",
        "P35_006": "たかはた"
      },
      "geometry": {
        "type": "Point",
        "coordinates": [
          140.217442,
          38.006775
        ]
      }
    },
    {
      "type": "Feature",
      "properties": {
        "P35_001": 38.354481,
        "P35_002": 140.387127,
        "P35_003": "山形県",
        "P35_004": "天童市",
        "P35_005": "06210",
        "P35_006": "天童温泉"
      },
      "geometry": {
        "type": "Point",
        "coordinates": [
          140.387127,
          38.354481
        ]
      }
    },
    {
      "type": "Feature",
      "properties": {
        "P35_001": 38.6569024,
        "P35_002": 140.3636879,
        "P35_003": "山形県",
        "P35_004": "尾花沢市",
        "P35_005": "06212",
        "P35_006": "尾花沢"
      },
      "geometry": {
        "type": "Point",
        "coordinates": [
          140.3636879,
          38.6569024
        ]
      }
    },
    {
      "type": "Feature",
      "properties": {
        "P35_001": 38.2181108,
        "P35_002": 140.0973224,
        "P35_003": "山形県",
        "P35_004": "西置賜郡白鷹町",
        "P35_005": "06402",
        "P35_006": "白鷹ヤナ公園"
      },
      "geometry": {
        "type": "Point",
        "coordinates": [
          140.097322399999,
          38.2181108
        ]
      }
    },
    {
      "type": "Feature",
      "properties": {
        "P35_001": 38.32738812,
        "P35_002": 140.1692573,
        "P35_003": "山形県",
        "P35_004": "西村山郡朝日町",
        "P35_005": "06323",
        "P35_006": "あさひまち"
      },
      "geometry": {
        "type": "Point",
        "coordinates": [
          140.1692573,
          38.32738812
        ]
      }
    },
    {
      "type": "Feature",
      "properties": {
        "P35_001": 38.794158,
        "P35_002": 139.984412,
        "P35_003": "山形県",
        "P35_004": "東田川郡庄内町",
        "P35_005": "06428",
        "P35_006": "しょうない"
      },
      "geometry": {
        "type": "Point",
        "coordinates": [
          139.984412,
          38.794158
        ]
      }
    },
    {
      "type": "Feature",
      "properties": {
        "P35_001": 38.108211,
        "P35_002": 140.043516,
        "P35_003": "山形県",
        "P35_004": "長井市",
        "P35_005": "06209",
        "P35_006": "川のみなと長井"
      },
      "geometry": {
        "type": "Point",
        "coordinates": [
          140.043516,
          38.108211
        ]
      }
    },
    {
      "type": "Feature",
      "properties": {
        "P35_001": 37.922055,
        "P35_002": 140.137017,
        "P35_003": "山形県",
        "P35_004": "米沢市",
        "P35_005": "06202",
        "P35_006": "米沢"
      },
      "geometry": {
        "type": "Point",
        "coordinates": [
          140.137017,
          37.922055
        ]
      }
    },
    {
      "type": "Feature",
      "properties": {
        "P35_001": 37.65512,
        "P35_002": 140.334294,
        "P35_003": "福島県",
        "P35_004": "福島市",
        "P35_005": "07201",
        "P35_006": "つちゆ"
      },
      "geometry": {
        "type": "Point",
        "coordinates": [
          140.334294,
          37.65512
        ]
      }
    },
    {
      "type": "Feature",
      "properties": {
        "P35_001": 37.6678183,
        "P35_002": 140.5766931,
        "P35_003": "福島県",
        "P35_004": "伊達郡川俣町",
        "P35_005": "07308",
        "P35_006": "川俣"
      },
      "geometry": {
        "type": "Point",
        "coordinates": [
          140.5766931,
          37.6678183
        ]
      }
    },
    {
      "type": "Feature",
      "properties": {
        "P35_001": 37.0865496,
        "P35_002": 139.7275995,
        "P35_003": "福島県",
        "P35_004": "南会津郡南会津町",
        "P35_005": "07368",
        "P35_006": "たじま"
      },
      "geometry": {
        "type": "Point",
        "coordinates": [
          139.7275995,
          37.0865496
        ]
      }
    },
    {
      "type": "Feature",
      "properties": {
        "P35_001": 37.635666,
        "P35_002": 140.483688,
        "P35_003": "福島県",
        "P35_004": "二本松市",
        "P35_005": "07210",
        "P35_006": "安達"
      },
      "geometry": {
        "type": "Point",
        "coordinates": [
          140.483688,
          37.635666
        ]
      }
    },
    {
      "type": "Feature",
      "properties": {
        "P35_001": 37.7019379,
        "P35_002": 139.8782643,
        "P35_003": "福島県",
        "P35_004": "喜多方市",
        "P35_005": "07208",
        "P35_006": "喜多の郷"
      },
      "geometry": {
        "type": "Point",
        "coordinates": [
          139.878264299999,
          37.7019379
        ]
      }
    },
    {
      "type": "Feature",
      "properties": {
        "P35_001": 37.6650583,
        "P35_002": 140.0437534,
        "P35_003": "福島県",
        "P35_004": "耶麻郡北塩原村",
        "P35_005": "07402",
        "P35_006": "裏磐梯"
      },
      "geometry": {
        "type": "Point",
        "coordinates": [
          140.0437534,
          37.6650583
        ]
      }
    },
    {
      "type": "Feature",
      "properties": {
        "P35_001": 37.2500062,
        "P35_002": 140.9976258,
        "P35_003": "福島県",
        "P35_004": "双葉郡楢葉町",
        "P35_005": "07542",
        "P35_006": "ならは"
      },
      "geometry": {
        "type": "Point",
        "coordinates": [
          140.9976258,
          37.2500062
        ]
      }
    },
    {
      "type": "Feature",
      "properties": {
        "P35_001": 37.7611089,
        "P35_002": 140.9479524,
        "P35_003": "福島県",
        "P35_004": "相馬市",
        "P35_005": "07209",
        "P35_006": "そうま"
      },
      "geometry": {
        "type": "Point",
        "coordinates": [
          140.947952399999,
          37.7611089
        ]
      }
    },
    {
      "type": "Feature",
      "properties": {
        "P35_001": 36.9506187,
        "P35_002": 140.4145197,
        "P35_003": "福島県",
        "P35_004": "東白川郡塙町",
        "P35_005": "07483",
        "P35_006": "はなわ"
      },
      "geometry": {
        "type": "Point",
        "coordinates": [
          140.4145197,
          36.9506187
        ]
      }
    },
    {
      "type": "Feature",
      "properties": {
        "P35_001": 37.527693,
        "P35_002": 139.7221754,
        "P35_003": "福島県",
        "P35_004": "河沼郡柳津町",
        "P35_005": "07423",
        "P35_006": "会津柳津"
      },
      "geometry": {
        "type": "Point",
        "coordinates": [
          139.722175399999,
          37.527693
        ]
      }
    },
    {
      "type": "Feature",
      "properties": {
        "P35_001": 37.5699562,
        "P35_002": 140.5773494,
        "P35_003": "福島県",
        "P35_004": "二本松市",
        "P35_005": "07210",
        "P35_006": "ふくしま東和"
      },
      "geometry": {
        "type": "Point",
        "coordinates": [
          140.5773494,
          37.5699562
        ]
      }
    },
    {
      "type": "Feature",
      "properties": {
        "P35_001": 37.5858675,
        "P35_002": 139.6425952,
        "P35_003": "福島県",
        "P35_004": "耶麻郡西会津町",
        "P35_005": "07405",
        "P35_006": "にしあいづ"
      },
      "geometry": {
        "type": "Point",
        "coordinates": [
          139.642595199999,
          37.5858675
        ]
      }
    },
    {
      "type": "Feature",
      "properties": {
        "P35_001": 37.4777576,
        "P35_002": 139.670802,
        "P35_003": "福島県",
        "P35_004": "大沼郡三島町",
        "P35_005": "07444",
        "P35_006": "尾瀬街道みしま宿"
      },
      "geometry": {
        "type": "Point",
        "coordinates": [
          139.670801999999,
          37.4777576
        ]
      }
    },
    {
      "type": "Feature",
      "properties": {
        "P35_001": 37.2228324,
        "P35_002": 140.4181372,
        "P35_003": "福島県",
        "P35_004": "石川郡玉川村",
        "P35_005": "07502",
        "P35_006": "たまかわ"
      },
      "geometry": {
        "type": "Point",
        "coordinates": [
          140.4181372,
          37.2228324
        ]
      }
    },
    {
      "type": "Feature",
      "properties": {
        "P35_001": 37.2399765,
        "P35_002": 140.0633922,
        "P35_003": "福島県",
        "P35_004": "岩瀬郡天栄村",
        "P35_005": "07344",
        "P35_006": "羽鳥湖高原"
      },
      "geometry": {
        "type": "Point",
        "coordinates": [
          140.063392199999,
          37.2399765
        ]
      }
    },
    {
      "type": "Feature",
      "properties": {
        "P35_001": 37.635707,
        "P35_002": 140.983582,
        "P35_003": "福島県",
        "P35_004": "南相馬市",
        "P35_005": "07212",
        "P35_006": "南相馬"
      },
      "geometry": {
        "type": "Point",
        "coordinates": [
          140.983582,
          37.635707
        ]
      }
    },
    {
      "type": "Feature",
      "properties": {
        "P35_001": 37.2035393,
        "P35_002": 139.9163428,
        "P35_003": "福島県",
        "P35_004": "南会津郡下郷町",
        "P35_005": "07362",
        "P35_006": "しもごう"
      },
      "geometry": {
        "type": "Point",
        "coordinates": [
          139.916342799999,
          37.2035393
        ]
      }
    },
    {
      "type": "Feature",
      "properties": {
        "P35_001": 37.2505454,
        "P35_002": 140.5600321,
        "P35_003": "福島県",
        "P35_004": "石川郡平田村",
        "P35_005": "07503",
        "P35_006": "ひらた"
      },
      "geometry": {
        "type": "Point",
        "coordinates": [
          140.560032099999,
          37.2505454
        ]
      }
    },
    {
      "type": "Feature",
      "properties": {
        "P35_001": 37.107429,
        "P35_002": 140.992995,
        "P35_003": "福島県",
        "P35_004": "いわき市",
        "P35_005": "07204",
        "P35_006": "よつくら港"
      },
      "geometry": {
        "type": "Point",
        "coordinates": [
          140.992995,
          37.107429
        ]
      }
    },
    {
      "type": "Feature",
      "properties": {
        "P35_001": 37.5628041,
        "P35_002": 139.9866329,
        "P35_003": "福島県",
        "P35_004": "耶麻郡磐梯町",
        "P35_005": "07407",
        "P35_006": "ばんだい"
      },
      "geometry": {
        "type": "Point",
        "coordinates": [
          139.9866329,
          37.5628041
        ]
      }
    },
    {
      "type": "Feature",
      "properties": {
        "P35_001": 37.0931301,
        "P35_002": 140.5297735,
        "P35_003": "福島県",
        "P35_004": "石川郡古殿町",
        "P35_005": "07505",
        "P35_006": "ふるどの"
      },
      "geometry": {
        "type": "Point",
        "coordinates": [
          140.5297735,
          37.0931301
        ]
      }
    },
    {
      "type": "Feature",
      "properties": {
        "P35_001": 37.0688217,
        "P35_002": 139.6154861,
        "P35_003": "福島県",
        "P35_004": "南会津郡南会津町",
        "P35_005": "07368",
        "P35_006": "番屋"
      },
      "geometry": {
        "type": "Point",
        "coordinates": [
          139.6154861,
          37.0688217
        ]
      }
    },
    {
      "type": "Feature",
      "properties": {
        "P35_001": 37.2436603,
        "P35_002": 140.2447857,
        "P35_003": "福島県",
        "P35_004": "岩瀬郡天栄村",
        "P35_005": "07344",
        "P35_006": "季の里天栄"
      },
      "geometry": {
        "type": "Point",
        "coordinates": [
          140.244785699999,
          37.2436602999999
        ]
      }
    },
    {
      "type": "Feature",
      "properties": {
        "P35_001": 37.2219817,
        "P35_002": 139.5426599,
        "P35_003": "福島県",
        "P35_004": "南会津郡南会津町",
        "P35_005": "07368",
        "P35_006": "きらら289"
      },
      "geometry": {
        "type": "Point",
        "coordinates": [
          139.5426599,
          37.2219817
        ]
      }
    },
    {
      "type": "Feature",
      "properties": {
        "P35_001": 37.4719243,
        "P35_002": 139.5305827,
        "P35_003": "福島県",
        "P35_004": "大沼郡金山町",
        "P35_005": "07445",
        "P35_006": "奥会津かねやま"
      },
      "geometry": {
        "type": "Point",
        "coordinates": [
          139.530582699999,
          37.4719243
        ]
      }
    },
    {
      "type": "Feature",
      "properties": {
        "P35_001": 37.53478,
        "P35_002": 140.5902479,
        "P35_003": "福島県",
        "P35_004": "二本松市",
        "P35_005": "07210",
        "P35_006": "さくらの郷"
      },
      "geometry": {
        "type": "Point",
        "coordinates": [
          140.5902479,
          37.53478
        ]
      }
    },
    {
      "type": "Feature",
      "properties": {
        "P35_001": 37.5569993,
        "P35_002": 139.8631361,
        "P35_003": "福島県",
        "P35_004": "河沼郡湯川村",
        "P35_005": "07422",
        "P35_006": "あいづ 湯川・会津坂下"
      },
      "geometry": {
        "type": "Point",
        "coordinates": [
          139.8631361,
          37.5569993
        ]
      }
    },
    {
      "type": "Feature",
      "properties": {
        "P35_001": 37.325463,
        "P35_002": 139.630139,
        "P35_003": "福島県",
        "P35_004": "大沼郡昭和村",
        "P35_005": "07446",
        "P35_006": "からむし織の里しょうわ"
      },
      "geometry": {
        "type": "Point",
        "coordinates": [
          139.630138999999,
          37.325463
        ]
      }
    },
    {
      "type": "Feature",
      "properties": {
        "P35_001": 37.538341,
        "P35_002": 140.107459,
        "P35_003": "福島県",
        "P35_004": "耶麻郡猪苗代町",
        "P35_005": "07408",
        "P35_006": "猪苗代"
      },
      "geometry": {
        "type": "Point",
        "coordinates": [
          140.107459,
          37.538341
        ]
      }
    },
    {
      "type": "Feature",
      "properties": {
        "P35_001": 37.872681,
        "P35_002": 140.545612,
        "P35_003": "福島県",
        "P35_004": "伊達郡国見町",
        "P35_005": "07303",
        "P35_006": "国見 あつかしの郷"
      },
      "geometry": {
        "type": "Point",
        "coordinates": [
          140.545612,
          37.872681
        ]
      }
    },
    {
      "type": "Feature",
      "properties": {
        "P35_001": 37.697267,
        "P35_002": 140.735624,
        "P35_003": "福島県",
        "P35_004": "相馬郡飯舘村",
        "P35_005": "07564",
        "P35_006": "いいたて村の道の駅までい館"
      },
      "geometry": {
        "type": "Point",
        "coordinates": [
          140.735624,
          37.697267
        ]
      }
    },
    {
      "type": "Feature",
      "properties": {
        "P35_001": 37.032756,
        "P35_002": 139.395721,
        "P35_003": "福島県",
        "P35_004": "南会津郡檜枝岐村",
        "P35_005": "07364",
        "P35_006": "尾瀬檜枝岐"
      },
      "geometry": {
        "type": "Point",
        "coordinates": [
          139.395721,
          37.032756
        ]
      }
    },
    {
      "type": "Feature",
      "properties": {
        "P35_001": 37.766524,
        "P35_002": 140.58845,
        "P35_003": "福島県",
        "P35_004": "伊達市",
        "P35_005": "07213",
        "P35_006": "伊達の郷 りょうぜん"
      },
      "geometry": {
        "type": "Point",
        "coordinates": [
          140.58845,
          37.766524
        ]
      }
    },
    {
      "type": "Feature",
      "properties": {
        "P35_001": 36.5449685,
        "P35_002": 140.3330587,
        "P35_003": "茨城県",
        "P35_004": "東茨城郡城里町",
        "P35_005": "08310",
        "P35_006": "かつら"
      },
      "geometry": {
        "type": "Point",
        "coordinates": [
          140.3330587,
          36.5449685
        ]
      }
    },
    {
      "type": "Feature",
      "properties": {
        "P35_001": 36.6558574,
        "P35_002": 140.2800036,
        "P35_003": "茨城県",
        "P35_004": "常陸大宮市",
        "P35_005": "08225",
        "P35_006": "みわ"
      },
      "geometry": {
        "type": "Point",
        "coordinates": [
          140.2800036,
          36.6558574
        ]
      }
    },
    {
      "type": "Feature",
      "properties": {
        "P35_001": 36.7057462,
        "P35_002": 140.5096817,
        "P35_003": "茨城県",
        "P35_004": "常陸太田市",
        "P35_005": "08212",
        "P35_006": "さとみ"
      },
      "geometry": {
        "type": "Point",
        "coordinates": [
          140.5096817,
          36.7057462
        ]
      }
    },
    {
      "type": "Feature",
      "properties": {
        "P35_001": 36.102676,
        "P35_002": 139.795303,
        "P35_003": "茨城県",
        "P35_004": "猿島郡境町",
        "P35_005": "08546",
        "P35_006": "さかい"
      },
      "geometry": {
        "type": "Point",
        "coordinates": [
          139.795303,
          36.102676
        ]
      }
    },
    {
      "type": "Feature",
      "properties": {
        "P35_001": 36.7685851,
        "P35_002": 140.3592347,
        "P35_003": "茨城県",
        "P35_004": "久慈郡大子町",
        "P35_005": "08364",
        "P35_006": "奥久慈だいご"
      },
      "geometry": {
        "type": "Point",
        "coordinates": [
          140.3592347,
          36.7685851
        ]
      }
    },
    {
      "type": "Feature",
      "properties": {
        "P35_001": 36.2158407,
        "P35_002": 139.9865962,
        "P35_003": "茨城県",
        "P35_004": "下妻市",
        "P35_005": "08210",
        "P35_006": "しもつま"
      },
      "geometry": {
        "type": "Point",
        "coordinates": [
          139.9865962,
          36.2158407
        ]
      }
    },
    {
      "type": "Feature",
      "properties": {
        "P35_001": 36.0963942,
        "P35_002": 140.4037633,
        "P35_003": "茨城県",
        "P35_004": "行方市",
        "P35_005": "08233",
        "P35_006": "たまつくり"
      },
      "geometry": {
        "type": "Point",
        "coordinates": [
          140.4037633,
          36.0963942
        ]
      }
    },
    {
      "type": "Feature",
      "properties": {
        "P35_001": 35.9461322,
        "P35_002": 140.5892448,
        "P35_003": "茨城県",
        "P35_004": "潮来市",
        "P35_005": "08223",
        "P35_006": "いたこ"
      },
      "geometry": {
        "type": "Point",
        "coordinates": [
          140.589244799999,
          35.9461322
        ]
      }
    },
    {
      "type": "Feature",
      "properties": {
        "P35_001": 36.0952767,
        "P35_002": 139.7583317,
        "P35_003": "茨城県",
        "P35_004": "猿島郡五霞町",
        "P35_005": "08542",
        "P35_006": "ごか"
      },
      "geometry": {
        "type": "Point",
        "coordinates": [
          139.758331699999,
          36.0952767
        ]
      }
    },
    {
      "type": "Feature",
      "properties": {
        "P35_001": 36.191431,
        "P35_002": 139.789732,
        "P35_003": "茨城県",
        "P35_004": "古河市",
        "P35_005": "08204",
        "P35_006": "まくらがの里 こが"
      },
      "geometry": {
        "type": "Point",
        "coordinates": [
          139.789732,
          36.191431
        ]
      }
    },
    {
      "type": "Feature",
      "properties": {
        "P35_001": 36.4923537,
        "P35_002": 140.6151942,
        "P35_003": "茨城県",
        "P35_004": "日立市",
        "P35_005": "08202",
        "P35_006": "日立おさかなセンター"
      },
      "geometry": {
        "type": "Point",
        "coordinates": [
          140.6151942,
          36.4923537
        ]
      }
    },
    {
      "type": "Feature",
      "properties": {
        "P35_001": 36.5969609,
        "P35_002": 140.4096155,
        "P35_003": "茨城県",
        "P35_004": "常陸大宮市",
        "P35_005": "08225",
        "P35_006": "常陸大宮"
      },
      "geometry": {
        "type": "Point",
        "coordinates": [
          140.4096155,
          36.5969609
        ]
      }
    },
    {
      "type": "Feature",
      "properties": {
        "P35_001": 36.5103878,
        "P35_002": 140.5254761,
        "P35_003": "茨城県",
        "P35_004": "常陸太田市",
        "P35_005": "08212",
        "P35_006": "ひたちおおた"
      },
      "geometry": {
        "type": "Point",
        "coordinates": [
          140.5254761,
          36.5103878
        ]
      }
    },
    {
      "type": "Feature",
      "properties": {
        "P35_001": 36.5278259,
        "P35_002": 140.1728576,
        "P35_003": "栃木県",
        "P35_004": "芳賀郡茂木町",
        "P35_005": "09343",
        "P35_006": "もてぎ"
      },
      "geometry": {
        "type": "Point",
        "coordinates": [
          140.1728576,
          36.5278259
        ]
      }
    },
    {
      "type": "Feature",
      "properties": {
        "P35_001": 36.3673361,
        "P35_002": 139.964996,
        "P35_003": "栃木県",
        "P35_004": "真岡市",
        "P35_005": "09209",
        "P35_006": "にのみや"
      },
      "geometry": {
        "type": "Point",
        "coordinates": [
          139.964996,
          36.3673361
        ]
      }
    },
    {
      "type": "Feature",
      "properties": {
        "P35_001": 36.9557969,
        "P35_002": 139.8993301,
        "P35_003": "栃木県",
        "P35_004": "那須塩原市",
        "P35_005": "09213",
        "P35_006": "湯の香しおばら"
      },
      "geometry": {
        "type": "Point",
        "coordinates": [
          139.8993301,
          36.9557969
        ]
      }
    },
    {
      "type": "Feature",
      "properties": {
        "P35_001": 37.0415321,
        "P35_002": 140.0137036,
        "P35_003": "栃木県",
        "P35_004": "那須郡那須町",
        "P35_005": "09407",
        "P35_006": "那須高原友愛の森"
      },
      "geometry": {
        "type": "Point",
        "coordinates": [
          140.013703599999,
          37.0415321
        ]
      }
    },
    {
      "type": "Feature",
      "properties": {
        "P35_001": 37.000375,
        "P35_002": 139.984479,
        "P35_003": "栃木県",
        "P35_004": "那須塩原市",
        "P35_005": "09213",
        "P35_006": "明治の森・黒磯"
      },
      "geometry": {
        "type": "Point",
        "coordinates": [
          139.984479,
          37.000375
        ]
      }
    },
    {
      "type": "Feature",
      "properties": {
        "P35_001": 36.7476018,
        "P35_002": 140.1498715,
        "P35_003": "栃木県",
        "P35_004": "那須郡那珂川町",
        "P35_005": "09411",
        "P35_006": "ばとう"
      },
      "geometry": {
        "type": "Point",
        "coordinates": [
          140.1498715,
          36.7476018
        ]
      }
    },
    {
      "type": "Feature",
      "properties": {
        "P35_001": 36.9540486,
        "P35_002": 140.157412,
        "P35_003": "栃木県",
        "P35_004": "那須郡那須町",
        "P35_005": "09407",
        "P35_006": "東山道伊王野"
      },
      "geometry": {
        "type": "Point",
        "coordinates": [
          140.157412,
          36.9540486
        ]
      }
    },
    {
      "type": "Feature",
      "properties": {
        "P35_001": 36.7154994,
        "P35_002": 140.0326363,
        "P35_003": "栃木県",
        "P35_004": "さくら市",
        "P35_005": "09214",
        "P35_006": "きつれがわ"
      },
      "geometry": {
        "type": "Point",
        "coordinates": [
          140.0326363,
          36.7154994
        ]
      }
    },
    {
      "type": "Feature",
      "properties": {
        "P35_001": 36.3438044,
        "P35_002": 139.5720735,
        "P35_003": "栃木県",
        "P35_004": "佐野市",
        "P35_005": "09204",
        "P35_006": "どまんなか たぬま"
      },
      "geometry": {
        "type": "Point",
        "coordinates": [
          139.5720735,
          36.3438044
        ]
      }
    },
    {
      "type": "Feature",
      "properties": {
        "P35_001": 36.5523813,
        "P35_002": 140.0581962,
        "P35_003": "栃木県",
        "P35_004": "芳賀郡芳賀町",
        "P35_005": "09345",
        "P35_006": "はが"
      },
      "geometry": {
        "type": "Point",
        "coordinates": [
          140.0581962,
          36.5523813
        ]
      }
    },
    {
      "type": "Feature",
      "properties": {
        "P35_001": 36.8630177,
        "P35_002": 140.0873784,
        "P35_003": "栃木県",
        "P35_004": "大田原市",
        "P35_005": "09210",
        "P35_006": "那須与一の郷"
      },
      "geometry": {
        "type": "Point",
        "coordinates": [
          140.0873784,
          36.8630177
        ]
      }
    },
    {
      "type": "Feature",
      "properties": {
        "P35_001": 36.899706,
        "P35_002": 139.969139,
        "P35_003": "栃木県",
        "P35_004": "那須塩原市",
        "P35_005": "09213",
        "P35_006": "那須野が原博物館"
      },
      "geometry": {
        "type": "Point",
        "coordinates": [
          139.969139,
          36.899706
        ]
      }
    },
    {
      "type": "Feature",
      "properties": {
        "P35_001": 36.296714,
        "P35_002": 139.625248,
        "P35_003": "栃木県",
        "P35_004": "栃木市",
        "P35_005": "09203",
        "P35_006": "みかも"
      },
      "geometry": {
        "type": "Point",
        "coordinates": [
          139.625248,
          36.296714
        ]
      }
    },
    {
      "type": "Feature",
      "properties": {
        "P35_001": 36.3081818,
        "P35_002": 139.7607461,
        "P35_003": "栃木県",
        "P35_004": "小山市",
        "P35_005": "09208",
        "P35_006": "思川"
      },
      "geometry": {
        "type": "Point",
        "coordinates": [
          139.7607461,
          36.3081818
        ]
      }
    },
    {
      "type": "Feature",
      "properties": {
        "P35_001": 36.930014,
        "P35_002": 139.686957,
        "P35_003": "栃木県",
        "P35_004": "日光市",
        "P35_005": "09206",
        "P35_006": "湯西川"
      },
      "geometry": {
        "type": "Point",
        "coordinates": [
          139.686957,
          36.930014
        ]
      }
    },
    {
      "type": "Feature",
      "properties": {
        "P35_001": 36.4552686,
        "P35_002": 139.8069587,
        "P35_003": "栃木県",
        "P35_004": "下都賀郡壬生町",
        "P35_005": "09361",
        "P35_006": "みぶ"
      },
      "geometry": {
        "type": "Point",
        "coordinates": [
          139.8069587,
          36.4552686
        ]
      }
    },
    {
      "type": "Feature",
      "properties": {
        "P35_001": 36.4666875,
        "P35_002": 139.7431798,
        "P35_003": "栃木県",
        "P35_004": "栃木市",
        "P35_005": "09203",
        "P35_006": "にしかた"
      },
      "geometry": {
        "type": "Point",
        "coordinates": [
          139.7431798,
          36.4666875
        ]
      }
    },
    {
      "type": "Feature",
      "properties": {
        "P35_001": 36.3972222,
        "P35_002": 139.8837638,
        "P35_003": "栃木県",
        "P35_004": "下野市",
        "P35_005": "09216",
        "P35_006": "しもつけ"
      },
      "geometry": {
        "type": "Point",
        "coordinates": [
          139.8837638,
          36.3972222
        ]
      }
    },
    {
      "type": "Feature",
      "properties": {
        "P35_001": 36.805614,
        "P35_002": 139.9216154,
        "P35_003": "栃木県",
        "P35_004": "矢板市",
        "P35_005": "09211",
        "P35_006": "やいた"
      },
      "geometry": {
        "type": "Point",
        "coordinates": [
          139.9216154,
          36.805614
        ]
      }
    },
    {
      "type": "Feature",
      "properties": {
        "P35_001": 36.7646574,
        "P35_002": 139.7814069,
        "P35_003": "栃木県",
        "P35_004": "塩谷郡塩谷町",
        "P35_005": "09384",
        "P35_006": "湧水の郷しおや"
      },
      "geometry": {
        "type": "Point",
        "coordinates": [
          139.781406899999,
          36.7646574
        ]
      }
    },
    {
      "type": "Feature",
      "properties": {
        "P35_001": 36.633391,
        "P35_002": 139.8313127,
        "P35_003": "栃木県",
        "P35_004": "宇都宮市",
        "P35_005": "09201",
        "P35_006": "うつのみや ろまんちっく村"
      },
      "geometry": {
        "type": "Point",
        "coordinates": [
          139.8313127,
          36.633391
        ]
      }
    },
    {
      "type": "Feature",
      "properties": {
        "P35_001": 36.543766,
        "P35_002": 140.10118,
        "P35_003": "栃木県",
        "P35_004": "芳賀郡市貝町",
        "P35_005": "09344",
        "P35_006": "サシバの里いちかい"
      },
      "geometry": {
        "type": "Point",
        "coordinates": [
          140.10118,
          36.543766
        ]
      }
    },
    {
      "type": "Feature",
      "properties": {
        "P35_001": 36.72453076,
        "P35_002": 139.6878876,
        "P35_003": "栃木県",
        "P35_004": "日光市",
        "P35_005": "09206",
        "P35_006": "日光"
      },
      "geometry": {
        "type": "Point",
        "coordinates": [
          139.6878876,
          36.72453076
        ]
      }
    },
    {
      "type": "Feature",
      "properties": {
        "P35_001": 36.431168,
        "P35_002": 140.071976,
        "P35_003": "栃木県",
        "P35_004": "芳賀郡益子町",
        "P35_005": "09342",
        "P35_006": "ましこ"
      },
      "geometry": {
        "type": "Point",
        "coordinates": [
          140.071976,
          36.431168
        ]
      }
    },
    {
      "type": "Feature",
      "properties": {
        "P35_001": 36.080532,
        "P35_002": 138.784106,
        "P35_003": "群馬県",
        "P35_004": "多野郡上野村",
        "P35_005": "10366",
        "P35_006": "上野"
      },
      "geometry": {
        "type": "Point",
        "coordinates": [
          138.784106,
          36.080532
        ]
      }
    },
    {
      "type": "Feature",
      "properties": {
        "P35_001": 36.4590603,
        "P35_002": 139.136429,
        "P35_003": "群馬県",
        "P35_004": "前橋市",
        "P35_005": "10201",
        "P35_006": "ぐりーんふらわー牧場・大胡"
      },
      "geometry": {
        "type": "Point",
        "coordinates": [
          139.136429,
          36.4590603
        ]
      }
    },
    {
      "type": "Feature",
      "properties": {
        "P35_001": 36.607483,
        "P35_002": 138.638618,
        "P35_003": "群馬県",
        "P35_004": "吾妻郡中之条町",
        "P35_005": "10421",
        "P35_006": "六合"
      },
      "geometry": {
        "type": "Point",
        "coordinates": [
          138.638618,
          36.607483
        ]
      }
    },
    {
      "type": "Feature",
      "properties": {
        "P35_001": 36.5481138,
        "P35_002": 138.9528062,
        "P35_003": "群馬県",
        "P35_004": "渋川市",
        "P35_005": "10208",
        "P35_006": "おのこ"
      },
      "geometry": {
        "type": "Point",
        "coordinates": [
          138.952806199999,
          36.5481138
        ]
      }
    },
    {
      "type": "Feature",
      "properties": {
        "P35_001": 36.1430927,
        "P35_002": 139.0403486,
        "P35_003": "群馬県",
        "P35_004": "藤岡市",
        "P35_005": "10209",
        "P35_006": "上州おにし"
      },
      "geometry": {
        "type": "Point",
        "coordinates": [
          139.0403486,
          36.1430927
        ]
      }
    },
    {
      "type": "Feature",
      "properties": {
        "P35_001": 36.6870421,
        "P35_002": 139.1073011,
        "P35_003": "群馬県",
        "P35_004": "利根郡川場村",
        "P35_005": "10444",
        "P35_006": "川場田園プラザ"
      },
      "geometry": {
        "type": "Point",
        "coordinates": [
          139.107301099999,
          36.6870421
        ]
      }
    },
    {
      "type": "Feature",
      "properties": {
        "P35_001": 36.7645152,
        "P35_002": 138.96767,
        "P35_003": "群馬県",
        "P35_004": "利根郡みなかみ町",
        "P35_005": "10449",
        "P35_006": "みなかみ水紀行館"
      },
      "geometry": {
        "type": "Point",
        "coordinates": [
          138.96767,
          36.7645152
        ]
      }
    },
    {
      "type": "Feature",
      "properties": {
        "P35_001": 36.6616976,
        "P35_002": 139.1200313,
        "P35_003": "群馬県",
        "P35_004": "沼田市",
        "P35_005": "10206",
        "P35_006": "白沢"
      },
      "geometry": {
        "type": "Point",
        "coordinates": [
          139.120031299999,
          36.6616976
        ]
      }
    },
    {
      "type": "Feature",
      "properties": {
        "P35_001": 36.614528,
        "P35_002": 138.590048,
        "P35_003": "群馬県",
        "P35_004": "吾妻郡草津町",
        "P35_005": "10426",
        "P35_006": "草津運動茶屋公園"
      },
      "geometry": {
        "type": "Point",
        "coordinates": [
          138.590048,
          36.614528
        ]
      }
    },
    {
      "type": "Feature",
      "properties": {
        "P35_001": 36.491184,
        "P35_002": 139.2719912,
        "P35_003": "群馬県",
        "P35_004": "桐生市",
        "P35_005": "10203",
        "P35_006": "くろほね・やまびこ"
      },
      "geometry": {
        "type": "Point",
        "coordinates": [
          139.2719912,
          36.491184
        ]
      }
    },
    {
      "type": "Feature",
      "properties": {
        "P35_001": 36.2721362,
        "P35_002": 139.0716443,
        "P35_003": "群馬県",
        "P35_004": "藤岡市",
        "P35_005": "10209",
        "P35_006": "ららん藤岡"
      },
      "geometry": {
        "type": "Point",
        "coordinates": [
          139.0716443,
          36.2721362
        ]
      }
    },
    {
      "type": "Feature",
      "properties": {
        "P35_001": 36.5151403,
        "P35_002": 139.0163627,
        "P35_003": "群馬県",
        "P35_004": "渋川市",
        "P35_005": "10208",
        "P35_006": "こもち"
      },
      "geometry": {
        "type": "Point",
        "coordinates": [
          139.016362699999,
          36.5151403
        ]
      }
    },
    {
      "type": "Feature",
      "properties": {
        "P35_001": 36.6976003,
        "P35_002": 138.9812566,
        "P35_003": "群馬県",
        "P35_004": "利根郡みなかみ町",
        "P35_005": "10449",
        "P35_006": "月夜野矢瀬親水公園"
      },
      "geometry": {
        "type": "Point",
        "coordinates": [
          138.9812566,
          36.6976003
        ]
      }
    },
    {
      "type": "Feature",
      "properties": {
        "P35_001": 36.2996438,
        "P35_002": 138.765967,
        "P35_003": "群馬県",
        "P35_004": "富岡市",
        "P35_005": "10210",
        "P35_006": "みょうぎ"
      },
      "geometry": {
        "type": "Point",
        "coordinates": [
          138.765967,
          36.2996438
        ]
      }
    },
    {
      "type": "Feature",
      "properties": {
        "P35_001": 36.1092423,
        "P35_002": 138.8978301,
        "P35_003": "群馬県",
        "P35_004": "多野郡神流町",
        "P35_005": "10367",
        "P35_006": "万葉の里"
      },
      "geometry": {
        "type": "Point",
        "coordinates": [
          138.897830099999,
          36.1092423
        ]
      }
    },
    {
      "type": "Feature",
      "properties": {
        "P35_001": 36.2240358,
        "P35_002": 138.8020175,
        "P35_003": "群馬県",
        "P35_004": "甘楽郡下仁田町",
        "P35_005": "10382",
        "P35_006": "しもにた"
      },
      "geometry": {
        "type": "Point",
        "coordinates": [
          138.8020175,
          36.2240358
        ]
      }
    },
    {
      "type": "Feature",
      "properties": {
        "P35_001": 36.5525594,
        "P35_002": 139.3728487,
        "P35_003": "群馬県",
        "P35_004": "みどり市",
        "P35_005": "10212",
        "P35_006": "富弘美術館"
      },
      "geometry": {
        "type": "Point",
        "coordinates": [
          139.372848699999,
          36.5525594
        ]
      }
    },
    {
      "type": "Feature",
      "properties": {
        "P35_001": 36.69608,
        "P35_002": 138.9083498,
        "P35_003": "群馬県",
        "P35_004": "利根郡みなかみ町",
        "P35_005": "10449",
        "P35_006": "たくみの里"
      },
      "geometry": {
        "type": "Point",
        "coordinates": [
          138.9083498,
          36.69608
        ]
      }
    },
    {
      "type": "Feature",
      "properties": {
        "P35_001": 36.6089289,
        "P35_002": 138.8297562,
        "P35_003": "群馬県",
        "P35_004": "吾妻郡中之条町",
        "P35_005": "10421",
        "P35_006": "霊山たけやま"
      },
      "geometry": {
        "type": "Point",
        "coordinates": [
          138.8297562,
          36.6089289
        ]
      }
    },
    {
      "type": "Feature",
      "properties": {
        "P35_001": 36.4413405,
        "P35_002": 139.035164,
        "P35_003": "群馬県",
        "P35_004": "北群馬郡吉岡町",
        "P35_005": "10345",
        "P35_006": "よしおか温泉"
      },
      "geometry": {
        "type": "Point",
        "coordinates": [
          139.035164,
          36.4413405
        ]
      }
    },
    {
      "type": "Feature",
      "properties": {
        "P35_001": 36.4236952,
        "P35_002": 139.1284555,
        "P35_003": "群馬県",
        "P35_004": "前橋市",
        "P35_005": "10201",
        "P35_006": "赤城の恵"
      },
      "geometry": {
        "type": "Point",
        "coordinates": [
          139.128455499999,
          36.4236952
        ]
      }
    },
    {
      "type": "Feature",
      "properties": {
        "P35_001": 36.2337493,
        "P35_002": 138.9166528,
        "P35_003": "群馬県",
        "P35_004": "甘楽郡甘楽町",
        "P35_005": "10384",
        "P35_006": "甘楽"
      },
      "geometry": {
        "type": "Point",
        "coordinates": [
          138.9166528,
          36.2337493
        ]
      }
    },
    {
      "type": "Feature",
      "properties": {
        "P35_001": 36.612775,
        "P35_002": 139.0689353,
        "P35_003": "群馬県",
        "P35_004": "利根郡昭和村",
        "P35_005": "10448",
        "P35_006": "あぐりーむ昭和"
      },
      "geometry": {
        "type": "Point",
        "coordinates": [
          139.0689353,
          36.612775
        ]
      }
    },
    {
      "type": "Feature",
      "properties": {
        "P35_001": 36.1782734,
        "P35_002": 138.7417079,
        "P35_003": "群馬県",
        "P35_004": "甘楽郡南牧村",
        "P35_005": "10383",
        "P35_006": "オアシスなんもく"
      },
      "geometry": {
        "type": "Point",
        "coordinates": [
          138.741707899999,
          36.1782734
        ]
      }
    },
    {
      "type": "Feature",
      "properties": {
        "P35_001": 36.4693828,
        "P35_002": 139.0942386,
        "P35_003": "群馬県",
        "P35_004": "前橋市",
        "P35_005": "10201",
        "P35_006": "ふじみ"
      },
      "geometry": {
        "type": "Point",
        "coordinates": [
          139.0942386,
          36.4693828
        ]
      }
    },
    {
      "type": "Feature",
      "properties": {
        "P35_001": 36.2646406,
        "P35_002": 139.2964207,
        "P35_003": "群馬県",
        "P35_004": "太田市",
        "P35_005": "10205",
        "P35_006": "おおた"
      },
      "geometry": {
        "type": "Point",
        "coordinates": [
          139.2964207,
          36.2646406
        ]
      }
    },
    {
      "type": "Feature",
      "properties": {
        "P35_001": 36.5475134,
        "P35_002": 138.6842731,
        "P35_003": "群馬県",
        "P35_004": "吾妻郡長野原町",
        "P35_005": "10424",
        "P35_006": "八ッ場ふるさと館"
      },
      "geometry": {
        "type": "Point",
        "coordinates": [
          138.6842731,
          36.5475134
        ]
      }
    },
    {
      "type": "Feature",
      "properties": {
        "P35_001": 36.6224975,
        "P35_002": 138.9542567,
        "P35_003": "群馬県",
        "P35_004": "吾妻郡高山村",
        "P35_005": "10428",
        "P35_006": "中山盆地"
      },
      "geometry": {
        "type": "Point",
        "coordinates": [
          138.954256699999,
          36.6224975
        ]
      }
    },
    {
      "type": "Feature",
      "properties": {
        "P35_001": 36.4245108,
        "P35_002": 138.7931396,
        "P35_003": "群馬県",
        "P35_004": "高崎市",
        "P35_005": "10202",
        "P35_006": "くらぶち小栗の里"
      },
      "geometry": {
        "type": "Point",
        "coordinates": [
          138.7931396,
          36.4245108
        ]
      }
    },
    {
      "type": "Feature",
      "properties": {
        "P35_001": 36.57048,
        "P35_002": 138.73569,
        "P35_003": "群馬県",
        "P35_004": "吾妻郡東吾妻町",
        "P35_005": "10429",
        "P35_006": "あがつま峡"
      },
      "geometry": {
        "type": "Point",
        "coordinates": [
          138.73569,
          36.57048
        ]
      }
    },
    {
      "type": "Feature",
      "properties": {
        "P35_001": 36.30833423,
        "P35_002": 139.0945846,
        "P35_003": "群馬県",
        "P35_004": "佐波郡玉村町",
        "P35_005": "10464",
        "P35_006": "玉村宿"
      },
      "geometry": {
        "type": "Point",
        "coordinates": [
          139.0945846,
          36.30833423
        ]
      }
    },
    {
      "type": "Feature",
      "properties": {
        "P35_001": 36.773231,
        "P35_002": 139.225238,
        "P35_003": "群馬県",
        "P35_004": "利根郡片品村",
        "P35_005": "10443",
        "P35_006": "尾瀬かたしな"
      },
      "geometry": {
        "type": "Point",
        "coordinates": [
          139.225238,
          36.773231
        ]
      }
    },
    {
      "type": "Feature",
      "properties": {
        "P35_001": 35.9544145,
        "P35_002": 139.0126336,
        "P35_003": "埼玉県",
        "P35_004": "秩父市",
        "P35_005": "11207",
        "P35_006": "あらかわ"
      },
      "geometry": {
        "type": "Point",
        "coordinates": [
          139.012633599999,
          35.9544145
        ]
      }
    },
    {
      "type": "Feature",
      "properties": {
        "P35_001": 36.0523844,
        "P35_002": 139.2811686,
        "P35_003": "埼玉県",
        "P35_004": "比企郡小川町",
        "P35_005": "11343",
        "P35_006": "おがわまち"
      },
      "geometry": {
        "type": "Point",
        "coordinates": [
          139.2811686,
          36.0523844
        ]
      }
    },
    {
      "type": "Feature",
      "properties": {
        "P35_001": 35.848019,
        "P35_002": 139.765769,
        "P35_003": "埼玉県",
        "P35_004": "川口市",
        "P35_005": "11203",
        "P35_006": "川口・あんぎょう"
      },
      "geometry": {
        "type": "Point",
        "coordinates": [
          139.765768999999,
          35.848019
        ]
      }
    },
    {
      "type": "Feature",
      "properties": {
        "P35_001": 35.9503803,
        "P35_002": 138.9381995,
        "P35_003": "埼玉県",
        "P35_004": "秩父市",
        "P35_005": "11207",
        "P35_006": "大滝温泉"
      },
      "geometry": {
        "type": "Point",
        "coordinates": [
          138.9381995,
          35.9503803
        ]
      }
    },
    {
      "type": "Feature",
      "properties": {
        "P35_001": 36.2185243,
        "P35_002": 139.2412797,
        "P35_003": "埼玉県",
        "P35_004": "深谷市",
        "P35_005": "11218",
        "P35_006": "おかべ"
      },
      "geometry": {
        "type": "Point",
        "coordinates": [
          139.241279699999,
          36.2185243
        ]
      }
    },
    {
      "type": "Feature",
      "properties": {
        "P35_001": 36.0490086,
        "P35_002": 139.0401091,
        "P35_003": "埼玉県",
        "P35_004": "秩父市",
        "P35_005": "11207",
        "P35_006": "龍勢会館"
      },
      "geometry": {
        "type": "Point",
        "coordinates": [
          139.0401091,
          36.0490086
        ]
      }
    },
    {
      "type": "Feature",
      "properties": {
        "P35_001": 36.170307,
        "P35_002": 139.6451589,
        "P35_003": "埼玉県",
        "P35_004": "加須市",
        "P35_005": "11210",
        "P35_006": "童謡のふる里おおとね"
      },
      "geometry": {
        "type": "Point",
        "coordinates": [
          139.6451589,
          36.170307
        ]
      }
    },
    {
      "type": "Feature",
      "properties": {
        "P35_001": 36.1218906,
        "P35_002": 139.227294,
        "P35_003": "埼玉県",
        "P35_004": "深谷市",
        "P35_005": "11218",
        "P35_006": "はなぞの"
      },
      "geometry": {
        "type": "Point",
        "coordinates": [
          139.227294,
          36.1218906
        ]
      }
    },
    {
      "type": "Feature",
      "properties": {
        "P35_001": 36.0047724,
        "P35_002": 138.9709644,
        "P35_003": "埼玉県",
        "P35_004": "秩父郡小鹿野町",
        "P35_005": "11365",
        "P35_006": "両神温泉薬師の湯"
      },
      "geometry": {
        "type": "Point",
        "coordinates": [
          138.970964399999,
          36.0047724
        ]
      }
    },
    {
      "type": "Feature",
      "properties": {
        "P35_001": 36.1515097,
        "P35_002": 139.2890291,
        "P35_003": "埼玉県",
        "P35_004": "深谷市",
        "P35_005": "11218",
        "P35_006": "かわもと"
      },
      "geometry": {
        "type": "Point",
        "coordinates": [
          139.2890291,
          36.1515097
        ]
      }
    },
    {
      "type": "Feature",
      "properties": {
        "P35_001": 36.2145575,
        "P35_002": 139.3693257,
        "P35_003": "埼玉県",
        "P35_004": "熊谷市",
        "P35_005": "11202",
        "P35_006": "めぬま"
      },
      "geometry": {
        "type": "Point",
        "coordinates": [
          139.3693257,
          36.2145575
        ]
      }
    },
    {
      "type": "Feature",
      "properties": {
        "P35_001": 35.9974408,
        "P35_002": 139.0893968,
        "P35_003": "埼玉県",
        "P35_004": "秩父市",
        "P35_005": "11207",
        "P35_006": "ちちぶ"
      },
      "geometry": {
        "type": "Point",
        "coordinates": [
          139.0893968,
          35.9974408
        ]
      }
    },
    {
      "type": "Feature",
      "properties": {
        "P35_001": 36.0246324,
        "P35_002": 139.7692596,
        "P35_003": "埼玉県",
        "P35_004": "北葛飾郡杉戸町",
        "P35_005": "11464",
        "P35_006": "アグリパークゆめすぎと"
      },
      "geometry": {
        "type": "Point",
        "coordinates": [
          139.769259599999,
          36.0246324
        ]
      }
    },
    {
      "type": "Feature",
      "properties": {
        "P35_001": 35.9769074,
        "P35_002": 139.1355565,
        "P35_003": "埼玉県",
        "P35_004": "秩父郡横瀬町",
        "P35_005": "11361",
        "P35_006": "果樹公園あしがくぼ"
      },
      "geometry": {
        "type": "Point",
        "coordinates": [
          139.1355565,
          35.9769074
        ]
      }
    },
    {
      "type": "Feature",
      "properties": {
        "P35_001": 36.0363563,
        "P35_002": 139.4576883,
        "P35_003": "埼玉県",
        "P35_004": "比企郡吉見町",
        "P35_005": "11347",
        "P35_006": "いちごの里 よしみ"
      },
      "geometry": {
        "type": "Point",
        "coordinates": [
          139.457688299999,
          36.0363563
        ]
      }
    },
    {
      "type": "Feature",
      "properties": {
        "P35_001": 36.2110887,
        "P35_002": 139.6627834,
        "P35_003": "埼玉県",
        "P35_004": "加須市",
        "P35_005": "11210",
        "P35_006": "きたかわべ"
      },
      "geometry": {
        "type": "Point",
        "coordinates": [
          139.662783399999,
          36.2110887
        ]
      }
    },
    {
      "type": "Feature",
      "properties": {
        "P35_001": 35.9967914,
        "P35_002": 139.7947804,
        "P35_003": "埼玉県",
        "P35_004": "春日部市",
        "P35_005": "11214",
        "P35_006": "庄和"
      },
      "geometry": {
        "type": "Point",
        "coordinates": [
          139.7947804,
          35.9967914
        ]
      }
    },
    {
      "type": "Feature",
      "properties": {
        "P35_001": 36.1887372,
        "P35_002": 139.5107702,
        "P35_003": "埼玉県",
        "P35_004": "羽生市",
        "P35_005": "11216",
        "P35_006": "はにゅう"
      },
      "geometry": {
        "type": "Point",
        "coordinates": [
          139.5107702,
          36.1887372
        ]
      }
    },
    {
      "type": "Feature",
      "properties": {
        "P35_001": 36.0769587,
        "P35_002": 139.1096496,
        "P35_003": "埼玉県",
        "P35_004": "秩父郡皆野町",
        "P35_005": "11362",
        "P35_006": "みなの"
      },
      "geometry": {
        "type": "Point",
        "coordinates": [
          139.1096496,
          36.0769587
        ]
      }
    },
    {
      "type": "Feature",
      "properties": {
        "P35_001": 36.052482,
        "P35_002": 139.203506,
        "P35_003": "埼玉県",
        "P35_004": "秩父郡東秩父村",
        "P35_005": "11369",
        "P35_006": "和紙の里ひがしちちぶ"
      },
      "geometry": {
        "type": "Point",
        "coordinates": [
          139.203506,
          36.052482
        ]
      }
    },
    {
      "type": "Feature",
      "properties": {
        "P35_001": 35.0376773,
        "P35_002": 139.8371306,
        "P35_003": "千葉県",
        "P35_004": "南房総市",
        "P35_005": "12234",
        "P35_006": "とみうら"
      },
      "geometry": {
        "type": "Point",
        "coordinates": [
          139.8371306,
          35.0376773
        ]
      }
    },
    {
      "type": "Feature",
      "properties": {
        "P35_001": 35.0341006,
        "P35_002": 139.8948453,
        "P35_003": "千葉県",
        "P35_004": "南房総市",
        "P35_005": "12234",
        "P35_006": "三芳村"
      },
      "geometry": {
        "type": "Point",
        "coordinates": [
          139.8948453,
          35.0341006
        ]
      }
    },
    {
      "type": "Feature",
      "properties": {
        "P35_001": 35.7584154,
        "P35_002": 140.1067486,
        "P35_003": "千葉県",
        "P35_004": "八千代市",
        "P35_005": "12221",
        "P35_006": "やちよ"
      },
      "geometry": {
        "type": "Point",
        "coordinates": [
          140.106748599999,
          35.7584154
        ]
      }
    },
    {
      "type": "Feature",
      "properties": {
        "P35_001": 35.1279707,
        "P35_002": 139.8371002,
        "P35_003": "千葉県",
        "P35_004": "安房郡鋸南町",
        "P35_005": "12463",
        "P35_006": "きょなん"
      },
      "geometry": {
        "type": "Point",
        "coordinates": [
          139.8371002,
          35.1279707
        ]
      }
    },
    {
      "type": "Feature",
      "properties": {
        "P35_001": 35.0638015,
        "P35_002": 140.0770891,
        "P35_003": "千葉県",
        "P35_004": "鴨川市",
        "P35_005": "12223",
        "P35_006": "鴨川オーシャンパーク"
      },
      "geometry": {
        "type": "Point",
        "coordinates": [
          140.077089099999,
          35.0638015
        ]
      }
    },
    {
      "type": "Feature",
      "properties": {
        "P35_001": 35.0087388,
        "P35_002": 139.9752655,
        "P35_003": "千葉県",
        "P35_004": "南房総市",
        "P35_005": "12234",
        "P35_006": "ローズマリー公園"
      },
      "geometry": {
        "type": "Point",
        "coordinates": [
          139.975265499999,
          35.0087388
        ]
      }
    },
    {
      "type": "Feature",
      "properties": {
        "P35_001": 35.198557,
        "P35_002": 140.069545,
        "P35_003": "千葉県",
        "P35_004": "君津市",
        "P35_005": "12225",
        "P35_006": "ふれあいパーク・きみつ"
      },
      "geometry": {
        "type": "Point",
        "coordinates": [
          140.069545,
          35.198557
        ]
      }
    },
    {
      "type": "Feature",
      "properties": {
        "P35_001": 35.8577705,
        "P35_002": 140.0232539,
        "P35_003": "千葉県",
        "P35_004": "柏市",
        "P35_005": "12217",
        "P35_006": "しょうなん"
      },
      "geometry": {
        "type": "Point",
        "coordinates": [
          140.0232539,
          35.8577705
        ]
      }
    },
    {
      "type": "Feature",
      "properties": {
        "P35_001": 35.254825,
        "P35_002": 140.258616,
        "P35_003": "千葉県",
        "P35_004": "夷隅郡大多喜町",
        "P35_005": "12441",
        "P35_006": "たけゆらの里おおたき"
      },
      "geometry": {
        "type": "Point",
        "coordinates": [
          140.258616,
          35.254825
        ]
      }
    },
    {
      "type": "Feature",
      "properties": {
        "P35_001": 35.7312831,
        "P35_002": 140.4752846,
        "P35_003": "千葉県",
        "P35_004": "香取郡多古町",
        "P35_005": "12347",
        "P35_006": "多古"
      },
      "geometry": {
        "type": "Point",
        "coordinates": [
          140.4752846,
          35.7312831
        ]
      }
    },
    {
      "type": "Feature",
      "properties": {
        "P35_001": 35.4638588,
        "P35_002": 140.109646,
        "P35_003": "千葉県",
        "P35_004": "市原市",
        "P35_005": "12219",
        "P35_006": "あずの里いちはら"
      },
      "geometry": {
        "type": "Point",
        "coordinates": [
          140.109646,
          35.4638588
        ]
      }
    },
    {
      "type": "Feature",
      "properties": {
        "P35_001": 35.805852,
        "P35_002": 140.4699424,
        "P35_003": "千葉県",
        "P35_004": "香取市",
        "P35_005": "12236",
        "P35_006": "くりもと"
      },
      "geometry": {
        "type": "Point",
        "coordinates": [
          140.4699424,
          35.805852
        ]
      }
    },
    {
      "type": "Feature",
      "properties": {
        "P35_001": 34.9299008,
        "P35_002": 139.9520926,
        "P35_003": "千葉県",
        "P35_004": "南房総市",
        "P35_005": "12234",
        "P35_006": "ちくら・潮風王国"
      },
      "geometry": {
        "type": "Point",
        "coordinates": [
          139.9520926,
          34.9299008
        ]
      }
    },
    {
      "type": "Feature",
      "properties": {
        "P35_001": 35.1005082,
        "P35_002": 139.8556137,
        "P35_003": "千葉県",
        "P35_004": "南房総市",
        "P35_005": "12234",
        "P35_006": "富楽里とみやま"
      },
      "geometry": {
        "type": "Point",
        "coordinates": [
          139.8556137,
          35.1005082
        ]
      }
    },
    {
      "type": "Feature",
      "properties": {
        "P35_001": 35.0577165,
        "P35_002": 139.8603645,
        "P35_003": "千葉県",
        "P35_004": "南房総市",
        "P35_005": "12234",
        "P35_006": "おおつの里"
      },
      "geometry": {
        "type": "Point",
        "coordinates": [
          139.8603645,
          35.0577165
        ]
      }
    },
    {
      "type": "Feature",
      "properties": {
        "P35_001": 35.6017957,
        "P35_002": 140.5015935,
        "P35_003": "千葉県",
        "P35_004": "山武市",
        "P35_005": "12237",
        "P35_006": "オライはすぬま"
      },
      "geometry": {
        "type": "Point",
        "coordinates": [
          140.5015935,
          35.6017957
        ]
      }
    },
    {
      "type": "Feature",
      "properties": {
        "P35_001": 35.4573078,
        "P35_002": 140.2066599,
        "P35_003": "千葉県",
        "P35_004": "長生郡長柄町",
        "P35_005": "12426",
        "P35_006": "ながら"
      },
      "geometry": {
        "type": "Point",
        "coordinates": [
          140.206659899999,
          35.4573078
        ]
      }
    },
    {
      "type": "Feature",
      "properties": {
        "P35_001": 35.352183,
        "P35_002": 140.3036799,
        "P35_003": "千葉県",
        "P35_004": "長生郡睦沢町",
        "P35_005": "12422",
        "P35_006": "つどいの郷むつざわ"
      },
      "geometry": {
        "type": "Point",
        "coordinates": [
          140.3036799,
          35.352183
        ]
      }
    },
    {
      "type": "Feature",
      "properties": {
        "P35_001": 34.9062489,
        "P35_002": 139.8773874,
        "P35_003": "千葉県",
        "P35_004": "南房総市",
        "P35_005": "12234",
        "P35_006": "白浜野島崎"
      },
      "geometry": {
        "type": "Point",
        "coordinates": [
          139.877387399999,
          34.9062489
        ]
      }
    },
    {
      "type": "Feature",
      "properties": {
        "P35_001": 34.9398785,
        "P35_002": 139.8216178,
        "P35_003": "千葉県",
        "P35_004": "館山市",
        "P35_005": "12205",
        "P35_006": "南房パラダイス"
      },
      "geometry": {
        "type": "Point",
        "coordinates": [
          139.8216178,
          34.9398785
        ]
      }
    },
    {
      "type": "Feature",
      "properties": {
        "P35_001": 35.896313,
        "P35_002": 140.505908,
        "P35_003": "千葉県",
        "P35_004": "香取市",
        "P35_005": "12236",
        "P35_006": "水の郷さわら"
      },
      "geometry": {
        "type": "Point",
        "coordinates": [
          140.505908,
          35.896313
        ]
      }
    },
    {
      "type": "Feature",
      "properties": {
        "P35_001": 35.6950636,
        "P35_002": 140.4100301,
        "P35_003": "千葉県",
        "P35_004": "山武郡芝山町",
        "P35_005": "12409",
        "P35_006": "風和里しばやま"
      },
      "geometry": {
        "type": "Point",
        "coordinates": [
          140.410030099999,
          35.6950636
        ]
      }
    },
    {
      "type": "Feature",
      "properties": {
        "P35_001": 35.042582,
        "P35_002": 140.02057,
        "P35_003": "千葉県",
        "P35_004": "南房総市",
        "P35_005": "12234",
        "P35_006": "和田浦 WA・O！"
      },
      "geometry": {
        "type": "Point",
        "coordinates": [
          140.02057,
          35.042582
        ]
      }
    },
    {
      "type": "Feature",
      "properties": {
        "P35_001": 35.90023,
        "P35_002": 140.3797,
        "P35_003": "千葉県",
        "P35_004": "香取郡神崎町",
        "P35_005": "12342",
        "P35_006": "発酵の里こうざき"
      },
      "geometry": {
        "type": "Point",
        "coordinates": [
          140.3797,
          35.90023
        ]
      }
    },
    {
      "type": "Feature",
      "properties": {
        "P35_001": 35.71785572,
        "P35_002": 140.675557,
        "P35_003": "千葉県",
        "P35_004": "旭市",
        "P35_005": "12215",
        "P35_006": "季楽里あさひ"
      },
      "geometry": {
        "type": "Point",
        "coordinates": [
          140.675557,
          35.71785572
        ]
      }
    },
    {
      "type": "Feature",
      "properties": {
        "P35_001": 35.1430213,
        "P35_002": 139.8439449,
        "P35_003": "千葉県",
        "P35_004": "安房郡鋸南町",
        "P35_005": "12463",
        "P35_006": "保田小学校"
      },
      "geometry": {
        "type": "Point",
        "coordinates": [
          139.8439449,
          35.1430213
        ]
      }
    },
    {
      "type": "Feature",
      "properties": {
        "P35_001": 35.5772141,
        "P35_002": 140.3836754,
        "P35_003": "千葉県",
        "P35_004": "東金市",
        "P35_005": "12213",
        "P35_006": "みのりの郷東金"
      },
      "geometry": {
        "type": "Point",
        "coordinates": [
          140.3836754,
          35.5772141
        ]
      }
    },
    {
      "type": "Feature",
      "properties": {
        "P35_001": 35.359948,
        "P35_002": 140.052479,
        "P35_003": "千葉県",
        "P35_004": "木更津市",
        "P35_005": "12206",
        "P35_006": "木更津うまくたの里"
      },
      "geometry": {
        "type": "Point",
        "coordinates": [
          140.052479,
          35.359948
        ]
      }
    },
    {
      "type": "Feature",
      "properties": {
        "P35_001": 35.7488419,
        "P35_002": 139.9194133,
        "P35_003": "千葉県",
        "P35_004": "市川市",
        "P35_005": "12203",
        "P35_006": "いちかわ"
      },
      "geometry": {
        "type": "Point",
        "coordinates": [
          139.9194133,
          35.7488419
        ]
      }
    },
    {
      "type": "Feature",
      "properties": {
        "P35_001": 35.6866238,
        "P35_002": 139.3414749,
        "P35_003": "東京都",
        "P35_004": "八王子市",
        "P35_005": "13201",
        "P35_006": "八王子滝山"
      },
      "geometry": {
        "type": "Point",
        "coordinates": [
          139.341474899999,
          35.6866238
        ]
      }
    },
    {
      "type": "Feature",
      "properties": {
        "P35_001": 35.1867643,
        "P35_002": 139.0156098,
        "P35_003": "神奈川県",
        "P35_004": "足柄下郡箱根町",
        "P35_005": "14382",
        "P35_006": "箱根峠"
      },
      "geometry": {
        "type": "Point",
        "coordinates": [
          139.0156098,
          35.1867643
        ]
      }
    },
    {
      "type": "Feature",
      "properties": {
        "P35_001": 35.3798757,
        "P35_002": 139.0314839,
        "P35_003": "神奈川県",
        "P35_004": "足柄上郡山北町",
        "P35_005": "14364",
        "P35_006": "山北"
      },
      "geometry": {
        "type": "Point",
        "coordinates": [
          139.0314839,
          35.3798757
        ]
      }
    },
    {
      "type": "Feature",
      "properties": {
        "P35_001": 35.4825222,
        "P35_002": 139.2771732,
        "P35_003": "神奈川県",
        "P35_004": "愛甲郡清川村",
        "P35_005": "14402",
        "P35_006": "清川"
      },
      "geometry": {
        "type": "Point",
        "coordinates": [
          139.2771732,
          35.4825222
        ]
      }
    },
    {
      "type": "Feature",
      "properties": {
        "P35_001": 37.957911,
        "P35_002": 139.22301,
        "P35_003": "新潟県",
        "P35_004": "新潟市",
        "P35_005": "15100",
        "P35_006": "豊栄"
      },
      "geometry": {
        "type": "Point",
        "coordinates": [
          139.22301,
          37.957911
        ]
      }
    },
    {
      "type": "Feature",
      "properties": {
        "P35_001": 38.0023437,
        "P35_002": 139.3724223,
        "P35_003": "新潟県",
        "P35_004": "新発田市",
        "P35_005": "15206",
        "P35_006": "加治川"
      },
      "geometry": {
        "type": "Point",
        "coordinates": [
          139.3724223,
          38.0023437
        ]
      }
    },
    {
      "type": "Feature",
      "properties": {
        "P35_001": 38.1724825,
        "P35_002": 139.4610655,
        "P35_003": "新潟県",
        "P35_004": "村上市",
        "P35_005": "15212",
        "P35_006": "神林"
      },
      "geometry": {
        "type": "Point",
        "coordinates": [
          139.4610655,
          38.1724825
        ]
      }
    },
    {
      "type": "Feature",
      "properties": {
        "P35_001": 38.2821299,
        "P35_002": 139.5224236,
        "P35_003": "新潟県",
        "P35_004": "村上市",
        "P35_005": "15212",
        "P35_006": "朝日"
      },
      "geometry": {
        "type": "Point",
        "coordinates": [
          139.5224236,
          38.2821299
        ]
      }
    },
    {
      "type": "Feature",
      "properties": {
        "P35_001": 37.866345,
        "P35_002": 139.020212,
        "P35_003": "新潟県",
        "P35_004": "新潟市",
        "P35_005": "15100",
        "P35_006": "新潟ふるさと村"
      },
      "geometry": {
        "type": "Point",
        "coordinates": [
          139.020212,
          37.866345
        ]
      }
    },
    {
      "type": "Feature",
      "properties": {
        "P35_001": 37.113566,
        "P35_002": 138.003775,
        "P35_003": "新潟県",
        "P35_004": "糸魚川市",
        "P35_005": "15216",
        "P35_006": "能生"
      },
      "geometry": {
        "type": "Point",
        "coordinates": [
          138.003775,
          37.113566
        ]
      }
    },
    {
      "type": "Feature",
      "properties": {
        "P35_001": 37.7177569,
        "P35_002": 139.3600965,
        "P35_003": "新潟県",
        "P35_004": "東蒲原郡阿賀町",
        "P35_005": "15385",
        "P35_006": "みかわ"
      },
      "geometry": {
        "type": "Point",
        "coordinates": [
          139.3600965,
          37.7177569
        ]
      }
    },
    {
      "type": "Feature",
      "properties": {
        "P35_001": 38.091473,
        "P35_002": 139.567001,
        "P35_003": "新潟県",
        "P35_004": "岩船郡関川村",
        "P35_005": "15581",
        "P35_006": "関川"
      },
      "geometry": {
        "type": "Point",
        "coordinates": [
          139.567001,
          38.091473
        ]
      }
    },
    {
      "type": "Feature",
      "properties": {
        "P35_001": 37.305143,
        "P35_002": 138.822908,
        "P35_003": "新潟県",
        "P35_004": "小千谷市",
        "P35_005": "15208",
        "P35_006": "ちぢみの里おぢや"
      },
      "geometry": {
        "type": "Point",
        "coordinates": [
          138.822908,
          37.305143
        ]
      }
    },
    {
      "type": "Feature",
      "properties": {
        "P35_001": 37.7380141,
        "P35_002": 139.3071892,
        "P35_003": "新潟県",
        "P35_004": "東蒲原郡阿賀町",
        "P35_005": "15385",
        "P35_006": "阿賀の里"
      },
      "geometry": {
        "type": "Point",
        "coordinates": [
          139.3071892,
          37.7380141
        ]
      }
    },
    {
      "type": "Feature",
      "properties": {
        "P35_001": 38.3751788,
        "P35_002": 139.4585211,
        "P35_003": "新潟県",
        "P35_004": "村上市",
        "P35_005": "15212",
        "P35_006": "笹川流れ"
      },
      "geometry": {
        "type": "Point",
        "coordinates": [
          139.458521099999,
          38.3751788
        ]
      }
    },
    {
      "type": "Feature",
      "properties": {
        "P35_001": 37.5388864,
        "P35_002": 138.6787088,
        "P35_003": "新潟県",
        "P35_004": "三島郡出雲崎町",
        "P35_005": "15405",
        "P35_006": "越後出雲崎 天領の里"
      },
      "geometry": {
        "type": "Point",
        "coordinates": [
          138.678708799999,
          37.5388864
        ]
      }
    },
    {
      "type": "Feature",
      "properties": {
        "P35_001": 38.0634898,
        "P35_002": 139.4529738,
        "P35_003": "新潟県",
        "P35_004": "胎内市",
        "P35_005": "15227",
        "P35_006": "胎内"
      },
      "geometry": {
        "type": "Point",
        "coordinates": [
          139.4529738,
          38.0634898
        ]
      }
    },
    {
      "type": "Feature",
      "properties": {
        "P35_001": 37.2238403,
        "P35_002": 138.9830342,
        "P35_003": "新潟県",
        "P35_004": "魚沼市",
        "P35_005": "15225",
        "P35_006": "ゆのたに"
      },
      "geometry": {
        "type": "Point",
        "coordinates": [
          138.9830342,
          37.2238403
        ]
      }
    },
    {
      "type": "Feature",
      "properties": {
        "P35_001": 37.5816068,
        "P35_002": 138.7590595,
        "P35_003": "新潟県",
        "P35_004": "長岡市",
        "P35_005": "15202",
        "P35_006": "良寛の里 わしま"
      },
      "geometry": {
        "type": "Point",
        "coordinates": [
          138.7590595,
          37.5816068
        ]
      }
    },
    {
      "type": "Feature",
      "properties": {
        "P35_001": 37.1326116,
        "P35_002": 138.6138286,
        "P35_003": "新潟県",
        "P35_004": "十日町市",
        "P35_005": "15210",
        "P35_006": "まつだいふるさと会館"
      },
      "geometry": {
        "type": "Point",
        "coordinates": [
          138.6138286,
          37.1326116
        ]
      }
    },
    {
      "type": "Feature",
      "properties": {
        "P35_001": 36.979982,
        "P35_002": 137.644765,
        "P35_003": "新潟県",
        "P35_004": "糸魚川市",
        "P35_005": "15216",
        "P35_006": "越後市振の関"
      },
      "geometry": {
        "type": "Point",
        "coordinates": [
          137.644765,
          36.979982
        ]
      }
    },
    {
      "type": "Feature",
      "properties": {
        "P35_001": 37.1384419,
        "P35_002": 138.761379,
        "P35_003": "新潟県",
        "P35_004": "十日町市",
        "P35_005": "15210",
        "P35_006": "クロス10十日町"
      },
      "geometry": {
        "type": "Point",
        "coordinates": [
          138.761379,
          37.1384419
        ]
      }
    },
    {
      "type": "Feature",
      "properties": {
        "P35_001": 37.5418094,
        "P35_002": 139.1020031,
        "P35_003": "新潟県",
        "P35_004": "三条市",
        "P35_005": "15204",
        "P35_006": "漢学の里しただ"
      },
      "geometry": {
        "type": "Point",
        "coordinates": [
          139.1020031,
          37.5418094
        ]
      }
    },
    {
      "type": "Feature",
      "properties": {
        "P35_001": 37.3465151,
        "P35_002": 138.4899212,
        "P35_003": "新潟県",
        "P35_004": "柏崎市",
        "P35_005": "15205",
        "P35_006": "風の丘米山"
      },
      "geometry": {
        "type": "Point",
        "coordinates": [
          138.4899212,
          37.3465151
        ]
      }
    },
    {
      "type": "Feature",
      "properties": {
        "P35_001": 37.355921,
        "P35_002": 139.057244,
        "P35_003": "新潟県",
        "P35_004": "魚沼市",
        "P35_005": "15225",
        "P35_006": "いりひろせ"
      },
      "geometry": {
        "type": "Point",
        "coordinates": [
          139.057244,
          37.355921
        ]
      }
    },
    {
      "type": "Feature",
      "properties": {
        "P35_001": 37.4506748,
        "P35_002": 138.6621316,
        "P35_003": "新潟県",
        "P35_004": "柏崎市",
        "P35_005": "15205",
        "P35_006": "西山ふるさと公苑"
      },
      "geometry": {
        "type": "Point",
        "coordinates": [
          138.6621316,
          37.4506748
        ]
      }
    },
    {
      "type": "Feature",
      "properties": {
        "P35_001": 37.0261176,
        "P35_002": 138.2258864,
        "P35_003": "新潟県",
        "P35_004": "妙高市",
        "P35_005": "15217",
        "P35_006": "あらい"
      },
      "geometry": {
        "type": "Point",
        "coordinates": [
          138.2258864,
          37.0261176
        ]
      }
    },
    {
      "type": "Feature",
      "properties": {
        "P35_001": 37.4595997,
        "P35_002": 139.0072657,
        "P35_003": "新潟県",
        "P35_004": "長岡市",
        "P35_005": "15202",
        "P35_006": "R290とちお"
      },
      "geometry": {
        "type": "Point",
        "coordinates": [
          139.0072657,
          37.4595997
        ]
      }
    },
    {
      "type": "Feature",
      "properties": {
        "P35_001": 38.0456376,
        "P35_002": 138.4441345,
        "P35_003": "新潟県",
        "P35_004": "佐渡市",
        "P35_005": "15224",
        "P35_006": "芸能とトキの里"
      },
      "geometry": {
        "type": "Point",
        "coordinates": [
          138.4441345,
          38.0456376
        ]
      }
    },
    {
      "type": "Feature",
      "properties": {
        "P35_001": 37.0031567,
        "P35_002": 137.730284,
        "P35_003": "新潟県",
        "P35_004": "糸魚川市",
        "P35_005": "15216",
        "P35_006": "親不知ピアパーク"
      },
      "geometry": {
        "type": "Point",
        "coordinates": [
          137.730283999999,
          37.0031567
        ]
      }
    },
    {
      "type": "Feature",
      "properties": {
        "P35_001": 37.1990419,
        "P35_002": 138.6863544,
        "P35_003": "新潟県",
        "P35_004": "十日町市",
        "P35_005": "15210",
        "P35_006": "瀬替えの郷せんだ"
      },
      "geometry": {
        "type": "Point",
        "coordinates": [
          138.6863544,
          37.1990419
        ]
      }
    },
    {
      "type": "Feature",
      "properties": {
        "P35_001": 37.095594,
        "P35_002": 138.470325,
        "P35_003": "新潟県",
        "P35_004": "上越市",
        "P35_005": "15222",
        "P35_006": "雪のふるさと やすづか"
      },
      "geometry": {
        "type": "Point",
        "coordinates": [
          138.470325,
          37.095594
        ]
      }
    },
    {
      "type": "Feature",
      "properties": {
        "P35_001": 37.2133616,
        "P35_002": 138.6342079,
        "P35_003": "新潟県",
        "P35_004": "柏崎市",
        "P35_005": "15205",
        "P35_006": "じょんのびの里高柳"
      },
      "geometry": {
        "type": "Point",
        "coordinates": [
          138.634207899999,
          37.2133616
        ]
      }
    },
    {
      "type": "Feature",
      "properties": {
        "P35_001": 37.7925908,
        "P35_002": 139.078895,
        "P35_003": "新潟県",
        "P35_004": "新潟市",
        "P35_005": "15100",
        "P35_006": "花夢里にいつ"
      },
      "geometry": {
        "type": "Point",
        "coordinates": [
          139.078895,
          37.7925908
        ]
      }
    },
    {
      "type": "Feature",
      "properties": {
        "P35_001": 37.6628849,
        "P35_002": 138.8251803,
        "P35_003": "新潟県",
        "P35_004": "燕市",
        "P35_005": "15213",
        "P35_006": "国上"
      },
      "geometry": {
        "type": "Point",
        "coordinates": [
          138.8251803,
          37.6628849
        ]
      }
    },
    {
      "type": "Feature",
      "properties": {
        "P35_001": 37.2608955,
        "P35_002": 138.8676387,
        "P35_003": "新潟県",
        "P35_004": "長岡市",
        "P35_005": "15202",
        "P35_006": "越後川口"
      },
      "geometry": {
        "type": "Point",
        "coordinates": [
          138.8676387,
          37.2608955
        ]
      }
    },
    {
      "type": "Feature",
      "properties": {
        "P35_001": 37.2416518,
        "P35_002": 138.3769706,
        "P35_003": "新潟県",
        "P35_004": "上越市",
        "P35_005": "15222",
        "P35_006": "よしかわ杜氏の郷"
      },
      "geometry": {
        "type": "Point",
        "coordinates": [
          138.3769706,
          37.2416518
        ]
      }
    },
    {
      "type": "Feature",
      "properties": {
        "P35_001": 37.163533,
        "P35_002": 138.0866912,
        "P35_003": "新潟県",
        "P35_004": "上越市",
        "P35_005": "15222",
        "P35_006": "うみてらす名立"
      },
      "geometry": {
        "type": "Point",
        "coordinates": [
          138.0866912,
          37.163533
        ]
      }
    },
    {
      "type": "Feature",
      "properties": {
        "P35_001": 37.0030693,
        "P35_002": 138.819214,
        "P35_003": "新潟県",
        "P35_004": "南魚沼市",
        "P35_005": "15226",
        "P35_006": "南魚沼"
      },
      "geometry": {
        "type": "Point",
        "coordinates": [
          138.819214,
          37.0030693
        ]
      }
    },
    {
      "type": "Feature",
      "properties": {
        "P35_001": 37.546709,
        "P35_002": 138.883471,
        "P35_003": "新潟県",
        "P35_004": "見附市",
        "P35_005": "15211",
        "P35_006": "パティオにいがた"
      },
      "geometry": {
        "type": "Point",
        "coordinates": [
          138.883471,
          37.546709
        ]
      }
    },
    {
      "type": "Feature",
      "properties": {
        "P35_001": 36.8996915,
        "P35_002": 138.777175,
        "P35_003": "新潟県",
        "P35_004": "南魚沼郡湯沢町",
        "P35_005": "15461",
        "P35_006": "みつまた"
      },
      "geometry": {
        "type": "Point",
        "coordinates": [
          138.777174999999,
          36.8996915
        ]
      }
    },
    {
      "type": "Feature",
      "properties": {
        "P35_001": 37.6492628,
        "P35_002": 138.9334638,
        "P35_003": "新潟県",
        "P35_004": "三条市",
        "P35_005": "15204",
        "P35_006": "燕三条地場産センター"
      },
      "geometry": {
        "type": "Point",
        "coordinates": [
          138.9334638,
          37.6492628
        ]
      }
    },
    {
      "type": "Feature",
      "properties": {
        "P35_001": 37.647125,
        "P35_002": 139.026294,
        "P35_003": "新潟県",
        "P35_004": "三条市",
        "P35_005": "15204",
        "P35_006": "庭園の郷 保内"
      },
      "geometry": {
        "type": "Point",
        "coordinates": [
          139.026294,
          37.647125
        ]
      }
    },
    {
      "type": "Feature",
      "properties": {
        "P35_001": 36.4885782,
        "P35_002": 137.2381219,
        "P35_003": "富山県",
        "P35_004": "富山市",
        "P35_005": "16201",
        "P35_006": "細入"
      },
      "geometry": {
        "type": "Point",
        "coordinates": [
          137.2381219,
          36.4885782
        ]
      }
    },
    {
      "type": "Feature",
      "properties": {
        "P35_001": 36.6414874,
        "P35_002": 136.960092,
        "P35_003": "富山県",
        "P35_004": "砺波市",
        "P35_005": "16208",
        "P35_006": "砺波"
      },
      "geometry": {
        "type": "Point",
        "coordinates": [
          136.960092,
          36.6414874
        ]
      }
    },
    {
      "type": "Feature",
      "properties": {
        "P35_001": 36.377491,
        "P35_002": 136.871469,
        "P35_003": "富山県",
        "P35_004": "南砺市",
        "P35_005": "16210",
        "P35_006": "上平"
      },
      "geometry": {
        "type": "Point",
        "coordinates": [
          136.871469,
          36.377491
        ]
      }
    },
    {
      "type": "Feature",
      "properties": {
        "P35_001": 36.524368,
        "P35_002": 137.026689,
        "P35_003": "富山県",
        "P35_004": "南砺市",
        "P35_005": "16210",
        "P35_006": "利賀"
      },
      "geometry": {
        "type": "Point",
        "coordinates": [
          137.026689,
          36.524368
        ]
      }
    },
    {
      "type": "Feature",
      "properties": {
        "P35_001": 36.5615091,
        "P35_002": 136.977887,
        "P35_003": "富山県",
        "P35_004": "南砺市",
        "P35_005": "16210",
        "P35_006": "井波"
      },
      "geometry": {
        "type": "Point",
        "coordinates": [
          136.977887,
          36.5615090999999
        ]
      }
    },
    {
      "type": "Feature",
      "properties": {
        "P35_001": 36.5664199,
        "P35_002": 136.8618918,
        "P35_003": "富山県",
        "P35_004": "南砺市",
        "P35_005": "16210",
        "P35_006": "福光"
      },
      "geometry": {
        "type": "Point",
        "coordinates": [
          136.861891799999,
          36.5664199
        ]
      }
    },
    {
      "type": "Feature",
      "properties": {
        "P35_001": 36.445401,
        "P35_002": 136.9739623,
        "P35_003": "富山県",
        "P35_004": "南砺市",
        "P35_005": "16210",
        "P35_006": "たいら"
      },
      "geometry": {
        "type": "Point",
        "coordinates": [
          136.9739623,
          36.445401
        ]
      }
    },
    {
      "type": "Feature",
      "properties": {
        "P35_001": 36.5743326,
        "P35_002": 136.9799087,
        "P35_003": "富山県",
        "P35_004": "砺波市",
        "P35_005": "16208",
        "P35_006": "庄川"
      },
      "geometry": {
        "type": "Point",
        "coordinates": [
          136.9799087,
          36.5743326
        ]
      }
    },
    {
      "type": "Feature",
      "properties": {
        "P35_001": 36.8604263,
        "P35_002": 137.5415592,
        "P35_003": "富山県",
        "P35_004": "黒部市",
        "P35_005": "16207",
        "P35_006": "うなづき"
      },
      "geometry": {
        "type": "Point",
        "coordinates": [
          137.541559199999,
          36.8604263
        ]
      }
    },
    {
      "type": "Feature",
      "properties": {
        "P35_001": 36.7520114,
        "P35_002": 137.0849678,
        "P35_003": "富山県",
        "P35_004": "射水市",
        "P35_005": "16211",
        "P35_006": "カモンパーク新湊"
      },
      "geometry": {
        "type": "Point",
        "coordinates": [
          137.084967799999,
          36.7520114
        ]
      }
    },
    {
      "type": "Feature",
      "properties": {
        "P35_001": 36.7743768,
        "P35_002": 137.3444564,
        "P35_003": "富山県",
        "P35_004": "滑川市",
        "P35_005": "16206",
        "P35_006": "ウェーブパークなめりかわ"
      },
      "geometry": {
        "type": "Point",
        "coordinates": [
          137.3444564,
          36.7743768
        ]
      }
    },
    {
      "type": "Feature",
      "properties": {
        "P35_001": 36.864417,
        "P35_002": 136.98721,
        "P35_003": "富山県",
        "P35_004": "氷見市",
        "P35_005": "16205",
        "P35_006": "氷見"
      },
      "geometry": {
        "type": "Point",
        "coordinates": [
          136.98721,
          36.864417
        ]
      }
    },
    {
      "type": "Feature",
      "properties": {
        "P35_001": 36.7367136,
        "P35_002": 136.9693519,
        "P35_003": "富山県",
        "P35_004": "高岡市",
        "P35_005": "16202",
        "P35_006": "万葉の里 高岡"
      },
      "geometry": {
        "type": "Point",
        "coordinates": [
          136.9693519,
          36.7367136
        ]
      }
    },
    {
      "type": "Feature",
      "properties": {
        "P35_001": 36.6894706,
        "P35_002": 136.8766877,
        "P35_003": "富山県",
        "P35_004": "小矢部市",
        "P35_005": "16209",
        "P35_006": "メルヘンおやべ"
      },
      "geometry": {
        "type": "Point",
        "coordinates": [
          136.8766877,
          36.6894706
        ]
      }
    },
    {
      "type": "Feature",
      "properties": {
        "P35_001": 36.814906,
        "P35_002": 137.041623,
        "P35_003": "富山県",
        "P35_004": "高岡市",
        "P35_005": "16202",
        "P35_006": "雨晴"
      },
      "geometry": {
        "type": "Point",
        "coordinates": [
          137.041623,
          36.814906
        ]
      }
    },
    {
      "type": "Feature",
      "properties": {
        "P35_001": 37.424166,
        "P35_002": 136.997631,
        "P35_003": "石川県",
        "P35_004": "輪島市",
        "P35_005": "17204",
        "P35_006": "千枚田ポケットパーク"
      },
      "geometry": {
        "type": "Point",
        "coordinates": [
          136.997631,
          37.424166
        ]
      }
    },
    {
      "type": "Feature",
      "properties": {
        "P35_001": 36.786301,
        "P35_002": 136.724691,
        "P35_003": "石川県",
        "P35_004": "かほく市",
        "P35_005": "17209",
        "P35_006": "高松"
      },
      "geometry": {
        "type": "Point",
        "coordinates": [
          136.724691,
          36.786301
        ]
      }
    },
    {
      "type": "Feature",
      "properties": {
        "P35_001": 37.0288253,
        "P35_002": 137.0465297,
        "P35_003": "石川県",
        "P35_004": "七尾市",
        "P35_005": "17202",
        "P35_006": "いおり"
      },
      "geometry": {
        "type": "Point",
        "coordinates": [
          137.0465297,
          37.0288253
        ]
      }
    },
    {
      "type": "Feature",
      "properties": {
        "P35_001": 37.3313915,
        "P35_002": 137.0112551,
        "P35_003": "石川県",
        "P35_004": "鳳珠郡能登町",
        "P35_005": "17463",
        "P35_006": "桜峠"
      },
      "geometry": {
        "type": "Point",
        "coordinates": [
          137.011255099999,
          37.3313915
        ]
      }
    },
    {
      "type": "Feature",
      "properties": {
        "P35_001": 36.436858,
        "P35_002": 136.630473,
        "P35_003": "石川県",
        "P35_004": "能美市",
        "P35_005": "17211",
        "P35_006": "しらやまさん"
      },
      "geometry": {
        "type": "Point",
        "coordinates": [
          136.630473,
          36.436858
        ]
      }
    },
    {
      "type": "Feature",
      "properties": {
        "P35_001": 37.130547,
        "P35_002": 136.863246,
        "P35_003": "石川県",
        "P35_004": "七尾市",
        "P35_005": "17202",
        "P35_006": "なかじまロマン峠"
      },
      "geometry": {
        "type": "Point",
        "coordinates": [
          136.863246,
          37.130547
        ]
      }
    },
    {
      "type": "Feature",
      "properties": {
        "P35_001": 37.2482394,
        "P35_002": 136.7094471,
        "P35_003": "石川県",
        "P35_004": "輪島市",
        "P35_005": "17204",
        "P35_006": "赤神"
      },
      "geometry": {
        "type": "Point",
        "coordinates": [
          136.7094471,
          37.2482394
        ]
      }
    },
    {
      "type": "Feature",
      "properties": {
        "P35_001": 37.140177,
        "P35_002": 136.724883,
        "P35_003": "石川県",
        "P35_004": "羽咋郡志賀町",
        "P35_005": "17384",
        "P35_006": "とぎ海街道"
      },
      "geometry": {
        "type": "Point",
        "coordinates": [
          136.724883,
          37.140177
        ]
      }
    },
    {
      "type": "Feature",
      "properties": {
        "P35_001": 37.388618,
        "P35_002": 136.905971,
        "P35_003": "石川県",
        "P35_004": "輪島市",
        "P35_005": "17204",
        "P35_006": "輪島"
      },
      "geometry": {
        "type": "Point",
        "coordinates": [
          136.905971,
          37.388618
        ]
      }
    },
    {
      "type": "Feature",
      "properties": {
        "P35_001": 37.0068731,
        "P35_002": 136.780021,
        "P35_003": "石川県",
        "P35_004": "羽咋郡志賀町",
        "P35_005": "17384",
        "P35_006": "ころ柿の里しか"
      },
      "geometry": {
        "type": "Point",
        "coordinates": [
          136.780021,
          37.0068731
        ]
      }
    },
    {
      "type": "Feature",
      "properties": {
        "P35_001": 36.2881213,
        "P35_002": 136.6493869,
        "P35_003": "石川県",
        "P35_004": "白山市",
        "P35_005": "17210",
        "P35_006": "瀬女"
      },
      "geometry": {
        "type": "Point",
        "coordinates": [
          136.649386899999,
          36.2881213
        ]
      }
    },
    {
      "type": "Feature",
      "properties": {
        "P35_001": 36.3604418,
        "P35_002": 136.5990833,
        "P35_003": "石川県",
        "P35_004": "白山市",
        "P35_005": "17210",
        "P35_006": "一向一揆の里"
      },
      "geometry": {
        "type": "Point",
        "coordinates": [
          136.599083299999,
          36.3604418
        ]
      }
    },
    {
      "type": "Feature",
      "properties": {
        "P35_001": 37.2950414,
        "P35_002": 136.9571283,
        "P35_003": "石川県",
        "P35_004": "輪島市",
        "P35_005": "17204",
        "P35_006": "のと里山空港"
      },
      "geometry": {
        "type": "Point",
        "coordinates": [
          136.9571283,
          37.2950414
        ]
      }
    },
    {
      "type": "Feature",
      "properties": {
        "P35_001": 36.662745,
        "P35_002": 136.768516,
        "P35_003": "石川県",
        "P35_004": "河北郡津幡町",
        "P35_005": "17361",
        "P35_006": "倶利伽羅 源平の郷"
      },
      "geometry": {
        "type": "Point",
        "coordinates": [
          136.768516,
          36.662745
        ]
      }
    },
    {
      "type": "Feature",
      "properties": {
        "P35_001": 36.2377003,
        "P35_002": 136.3675157,
        "P35_003": "石川県",
        "P35_004": "加賀市",
        "P35_005": "17206",
        "P35_006": "山中温泉 ゆけむり健康村"
      },
      "geometry": {
        "type": "Point",
        "coordinates": [
          136.3675157,
          36.2377003
        ]
      }
    },
    {
      "type": "Feature",
      "properties": {
        "P35_001": 37.1373588,
        "P35_002": 136.9982406,
        "P35_003": "石川県",
        "P35_004": "七尾市",
        "P35_005": "17202",
        "P35_006": "のとじま"
      },
      "geometry": {
        "type": "Point",
        "coordinates": [
          136.9982406,
          37.1373588
        ]
      }
    },
    {
      "type": "Feature",
      "properties": {
        "P35_001": 37.486335,
        "P35_002": 137.113786,
        "P35_003": "石川県",
        "P35_004": "珠洲市",
        "P35_005": "17205",
        "P35_006": "すず塩田村"
      },
      "geometry": {
        "type": "Point",
        "coordinates": [
          137.113786,
          37.486335
        ]
      }
    },
    {
      "type": "Feature",
      "properties": {
        "P35_001": 36.6591958,
        "P35_002": 136.648897,
        "P35_003": "石川県",
        "P35_004": "河北郡内灘町",
        "P35_005": "17365",
        "P35_006": "内灘サンセットパーク"
      },
      "geometry": {
        "type": "Point",
        "coordinates": [
          136.648897,
          36.6591958
        ]
      }
    },
    {
      "type": "Feature",
      "properties": {
        "P35_001": 37.0489849,
        "P35_002": 136.968984,
        "P35_003": "石川県",
        "P35_004": "七尾市",
        "P35_005": "17202",
        "P35_006": "能登食祭市場"
      },
      "geometry": {
        "type": "Point",
        "coordinates": [
          136.968983999999,
          37.0489849
        ]
      }
    },
    {
      "type": "Feature",
      "properties": {
        "P35_001": 36.3700059,
        "P35_002": 136.4623598,
        "P35_003": "石川県",
        "P35_004": "小松市",
        "P35_005": "17203",
        "P35_006": "こまつ木場潟"
      },
      "geometry": {
        "type": "Point",
        "coordinates": [
          136.4623598,
          36.3700059
        ]
      }
    },
    {
      "type": "Feature",
      "properties": {
        "P35_001": 37.525975,
        "P35_002": 137.324423,
        "P35_003": "石川県",
        "P35_004": "珠洲市",
        "P35_005": "17205",
        "P35_006": "狼煙"
      },
      "geometry": {
        "type": "Point",
        "coordinates": [
          137.324423,
          37.525975
        ]
      }
    },
    {
      "type": "Feature",
      "properties": {
        "P35_001": 37.441561,
        "P35_002": 137.269964,
        "P35_003": "石川県",
        "P35_004": "珠洲市",
        "P35_005": "17205",
        "P35_006": "すずなり"
      },
      "geometry": {
        "type": "Point",
        "coordinates": [
          137.269964,
          37.441561
        ]
      }
    },
    {
      "type": "Feature",
      "properties": {
        "P35_001": 36.969954,
        "P35_002": 136.904789,
        "P35_003": "石川県",
        "P35_004": "鹿島郡中能登町",
        "P35_005": "17407",
        "P35_006": "織姫の里なかのと"
      },
      "geometry": {
        "type": "Point",
        "coordinates": [
          136.904789,
          36.969954
        ]
      }
    },
    {
      "type": "Feature",
      "properties": {
        "P35_001": 37.2283748,
        "P35_002": 136.9056837,
        "P35_003": "石川県",
        "P35_004": "鳳珠郡穴水町",
        "P35_005": "17461",
        "P35_006": "あなみず"
      },
      "geometry": {
        "type": "Point",
        "coordinates": [
          136.9056837,
          37.2283748
        ]
      }
    },
    {
      "type": "Feature",
      "properties": {
        "P35_001": 36.886027,
        "P35_002": 136.768455,
        "P35_003": "石川県",
        "P35_004": "羽咋市",
        "P35_005": "17207",
        "P35_006": "のと千里浜"
      },
      "geometry": {
        "type": "Point",
        "coordinates": [
          136.768455,
          36.886027
        ]
      }
    },
    {
      "type": "Feature",
      "properties": {
        "P35_001": 36.506041,
        "P35_002": 136.553443,
        "P35_003": "石川県",
        "P35_004": "白山市",
        "P35_005": "17210",
        "P35_006": "めぐみ白山"
      },
      "geometry": {
        "type": "Point",
        "coordinates": [
          136.553443,
          36.506041
        ]
      }
    },
    {
      "type": "Feature",
      "properties": {
        "P35_001": 35.796725,
        "P35_002": 136.091944,
        "P35_003": "福井県",
        "P35_004": "南条郡南越前町",
        "P35_005": "18404",
        "P35_006": "河野"
      },
      "geometry": {
        "type": "Point",
        "coordinates": [
          136.091944,
          35.796725
        ]
      }
    },
    {
      "type": "Feature",
      "properties": {
        "P35_001": 35.904237,
        "P35_002": 136.6614651,
        "P35_003": "福井県",
        "P35_004": "大野市",
        "P35_005": "18205",
        "P35_006": "九頭竜"
      },
      "geometry": {
        "type": "Point",
        "coordinates": [
          136.6614651,
          35.904237
        ]
      }
    },
    {
      "type": "Feature",
      "properties": {
        "P35_001": 35.969483,
        "P35_002": 136.119514,
        "P35_003": "福井県",
        "P35_004": "丹生郡越前町",
        "P35_005": "18423",
        "P35_006": "パークイン丹生ヶ丘"
      },
      "geometry": {
        "type": "Point",
        "coordinates": [
          136.119514,
          35.969483
        ]
      }
    },
    {
      "type": "Feature",
      "properties": {
        "P35_001": 35.3946307,
        "P35_002": 135.5842232,
        "P35_003": "福井県",
        "P35_004": "大飯郡おおい町",
        "P35_005": "18483",
        "P35_006": "名田庄"
      },
      "geometry": {
        "type": "Point",
        "coordinates": [
          135.5842232,
          35.3946307
        ]
      }
    },
    {
      "type": "Feature",
      "properties": {
        "P35_001": 36.1895672,
        "P35_002": 136.1390707,
        "P35_003": "福井県",
        "P35_004": "坂井市",
        "P35_005": "18210",
        "P35_006": "みくに"
      },
      "geometry": {
        "type": "Point",
        "coordinates": [
          136.1390707,
          36.1895672
        ]
      }
    },
    {
      "type": "Feature",
      "properties": {
        "P35_001": 35.440696,
        "P35_002": 135.906077,
        "P35_003": "福井県",
        "P35_004": "三方上中郡若狭町",
        "P35_005": "18501",
        "P35_006": "若狭熊川宿"
      },
      "geometry": {
        "type": "Point",
        "coordinates": [
          135.906077,
          35.440696
        ]
      }
    },
    {
      "type": "Feature",
      "properties": {
        "P35_001": 36.1709701565,
        "P35_002": 136.22097197,
        "P35_003": "福井県",
        "P35_004": "坂井市",
        "P35_005": "18210",
        "P35_006": "さかい"
      },
      "geometry": {
        "type": "Point",
        "coordinates": [
          136.22097197012133,
          36.17097015647466
        ]
      }
    },
    {
      "type": "Feature",
      "properties": {
        "P35_001": 35.4890515715,
        "P35_002": 135.595496429,
        "P35_003": "福井県",
        "P35_004": "大飯郡高浜町",
        "P35_005": "18481",
        "P35_006": "シーサイド高浜"
      },
      "geometry": {
        "type": "Point",
        "coordinates": [
          135.595496429361,
          35.4890515714959
        ]
      }
    },
    {
      "type": "Feature",
      "properties": {
        "P35_001": 35.4919688,
        "P35_002": 135.7630954,
        "P35_003": "福井県",
        "P35_004": "小浜市",
        "P35_005": "18204",
        "P35_006": "若狭おばま"
      },
      "geometry": {
        "type": "Point",
        "coordinates": [
          135.7630954,
          35.4919688
        ]
      }
    },
    {
      "type": "Feature",
      "properties": {
        "P35_001": 35.4812687,
        "P35_002": 135.6299804,
        "P35_003": "福井県",
        "P35_004": "大飯郡おおい町",
        "P35_005": "18483",
        "P35_006": "うみんぴあ大飯"
      },
      "geometry": {
        "type": "Point",
        "coordinates": [
          135.6299804,
          35.4812687
        ]
      }
    },
    {
      "type": "Feature",
      "properties": {
        "P35_001": 35.9486607158,
        "P35_002": 136.180677319,
        "P35_003": "福井県",
        "P35_004": "鯖江市",
        "P35_005": "18207",
        "P35_006": "西山公園"
      },
      "geometry": {
        "type": "Point",
        "coordinates": [
          136.180677318771,
          35.9486607158321
        ]
      }
    },
    {
      "type": "Feature",
      "properties": {
        "P35_001": 35.91988,
        "P35_002": 135.997047,
        "P35_003": "福井県",
        "P35_004": "丹生郡越前町",
        "P35_005": "18423",
        "P35_006": "越前"
      },
      "geometry": {
        "type": "Point",
        "coordinates": [
          135.997047,
          35.91988
        ]
      }
    },
    {
      "type": "Feature",
      "properties": {
        "P35_001": 35.56019,
        "P35_002": 135.894361,
        "P35_003": "福井県",
        "P35_004": "三方上中郡若狭町",
        "P35_005": "18501",
        "P35_006": "三方五湖"
      },
      "geometry": {
        "type": "Point",
        "coordinates": [
          135.894361,
          35.56019
        ]
      }
    },
    {
      "type": "Feature",
      "properties": {
        "P35_001": 36.020564,
        "P35_002": 136.29458,
        "P35_003": "福井県",
        "P35_004": "福井市",
        "P35_005": "18201",
        "P35_006": "一乗谷あさくら水の駅"
      },
      "geometry": {
        "type": "Point",
        "coordinates": [
          136.29458,
          36.020564
        ]
      }
    },
    {
      "type": "Feature",
      "properties": {
        "P35_001": 36.0800489,
        "P35_002": 136.3986545,
        "P35_003": "福井県",
        "P35_004": "吉田郡永平寺町",
        "P35_005": "18322",
        "P35_006": "禅の里"
      },
      "geometry": {
        "type": "Point",
        "coordinates": [
          136.3986545,
          36.0800489
        ]
      }
    },
    {
      "type": "Feature",
      "properties": {
        "P35_001": 35.2417855,
        "P35_002": 138.4850509,
        "P35_003": "山梨県",
        "P35_004": "南巨摩郡南部町",
        "P35_005": "19366",
        "P35_006": "とみざわ"
      },
      "geometry": {
        "type": "Point",
        "coordinates": [
          138.4850509,
          35.2417855
        ]
      }
    },
    {
      "type": "Feature",
      "properties": {
        "P35_001": 35.6359342,
        "P35_002": 138.7927141,
        "P35_003": "山梨県",
        "P35_004": "甲州市",
        "P35_005": "19213",
        "P35_006": "甲斐大和"
      },
      "geometry": {
        "type": "Point",
        "coordinates": [
          138.7927141,
          35.6359342
        ]
      }
    },
    {
      "type": "Feature",
      "properties": {
        "P35_001": 35.480152,
        "P35_002": 138.698504,
        "P35_003": "山梨県",
        "P35_004": "南都留郡鳴沢村",
        "P35_005": "19429",
        "P35_006": "なるさわ"
      },
      "geometry": {
        "type": "Point",
        "coordinates": [
          138.698504,
          35.480152
        ]
      }
    },
    {
      "type": "Feature",
      "properties": {
        "P35_001": 35.8625522,
        "P35_002": 138.7552499,
        "P35_003": "山梨県",
        "P35_004": "山梨市",
        "P35_005": "19205",
        "P35_006": "みとみ"
      },
      "geometry": {
        "type": "Point",
        "coordinates": [
          138.755249899999,
          35.8625522
        ]
      }
    },
    {
      "type": "Feature",
      "properties": {
        "P35_001": 35.469985,
        "P35_002": 138.512894,
        "P35_003": "山梨県",
        "P35_004": "南巨摩郡身延町",
        "P35_005": "19365",
        "P35_006": "しもべ"
      },
      "geometry": {
        "type": "Point",
        "coordinates": [
          138.512894,
          35.469985
        ]
      }
    },
    {
      "type": "Feature",
      "properties": {
        "P35_001": 35.5849397,
        "P35_002": 138.5452121,
        "P35_003": "山梨県",
        "P35_004": "中央市",
        "P35_005": "19214",
        "P35_006": "とよとみ"
      },
      "geometry": {
        "type": "Point",
        "coordinates": [
          138.545212099999,
          35.5849397
        ]
      }
    },
    {
      "type": "Feature",
      "properties": {
        "P35_001": 35.7484117,
        "P35_002": 138.4385896,
        "P35_003": "山梨県",
        "P35_004": "韮崎市",
        "P35_005": "19207",
        "P35_006": "にらさき"
      },
      "geometry": {
        "type": "Point",
        "coordinates": [
          138.4385896,
          35.7484117
        ]
      }
    },
    {
      "type": "Feature",
      "properties": {
        "P35_001": 35.503387,
        "P35_002": 138.989848,
        "P35_003": "山梨県",
        "P35_004": "南都留郡道志村",
        "P35_005": "19422",
        "P35_006": "どうし"
      },
      "geometry": {
        "type": "Point",
        "coordinates": [
          138.989848,
          35.503387
        ]
      }
    },
    {
      "type": "Feature",
      "properties": {
        "P35_001": 35.5043462,
        "P35_002": 138.7343049,
        "P35_003": "山梨県",
        "P35_004": "南都留郡富士河口湖町",
        "P35_005": "19430",
        "P35_006": "かつやま"
      },
      "geometry": {
        "type": "Point",
        "coordinates": [
          138.734304899999,
          35.5043462
        ]
      }
    },
    {
      "type": "Feature",
      "properties": {
        "P35_001": 35.7544617,
        "P35_002": 138.7183679,
        "P35_003": "山梨県",
        "P35_004": "山梨市",
        "P35_005": "19205",
        "P35_006": "花かげの郷まきおか"
      },
      "geometry": {
        "type": "Point",
        "coordinates": [
          138.718367899999,
          35.7544617
        ]
      }
    },
    {
      "type": "Feature",
      "properties": {
        "P35_001": 35.8103246,
        "P35_002": 138.3306551,
        "P35_003": "山梨県",
        "P35_004": "北杜市",
        "P35_005": "19209",
        "P35_006": "はくしゅう"
      },
      "geometry": {
        "type": "Point",
        "coordinates": [
          138.3306551,
          35.8103246
        ]
      }
    },
    {
      "type": "Feature",
      "properties": {
        "P35_001": 35.4591861,
        "P35_002": 138.8019802,
        "P35_003": "山梨県",
        "P35_004": "富士吉田市",
        "P35_005": "19202",
        "P35_006": "富士吉田"
      },
      "geometry": {
        "type": "Point",
        "coordinates": [
          138.8019802,
          35.4591861
        ]
      }
    },
    {
      "type": "Feature",
      "properties": {
        "P35_001": 35.8657383,
        "P35_002": 138.4277858,
        "P35_003": "山梨県",
        "P35_004": "北杜市",
        "P35_005": "19209",
        "P35_006": "南きよさと"
      },
      "geometry": {
        "type": "Point",
        "coordinates": [
          138.4277858,
          35.8657383
        ]
      }
    },
    {
      "type": "Feature",
      "properties": {
        "P35_001": 35.6380315,
        "P35_002": 138.471159,
        "P35_003": "山梨県",
        "P35_004": "南アルプス市",
        "P35_005": "19208",
        "P35_006": "しらね"
      },
      "geometry": {
        "type": "Point",
        "coordinates": [
          138.471158999999,
          35.6380315
        ]
      }
    },
    {
      "type": "Feature",
      "properties": {
        "P35_001": 35.8789005,
        "P35_002": 138.3167144,
        "P35_003": "山梨県",
        "P35_004": "北杜市",
        "P35_005": "19209",
        "P35_006": "こぶちさわ"
      },
      "geometry": {
        "type": "Point",
        "coordinates": [
          138.3167144,
          35.8789005
        ]
      }
    },
    {
      "type": "Feature",
      "properties": {
        "P35_001": 35.418592,
        "P35_002": 138.437249,
        "P35_003": "山梨県",
        "P35_004": "南巨摩郡身延町",
        "P35_005": "19365",
        "P35_006": "みのぶ・富士川観光センター"
      },
      "geometry": {
        "type": "Point",
        "coordinates": [
          138.437249,
          35.418592
        ]
      }
    },
    {
      "type": "Feature",
      "properties": {
        "P35_001": 35.78926,
        "P35_002": 138.923819,
        "P35_003": "山梨県",
        "P35_004": "北都留郡丹波山村",
        "P35_005": "19443",
        "P35_006": "たばやま"
      },
      "geometry": {
        "type": "Point",
        "coordinates": [
          138.923819,
          35.78926
        ]
      }
    },
    {
      "type": "Feature",
      "properties": {
        "P35_001": 35.557015,
        "P35_002": 138.472064,
        "P35_003": "山梨県",
        "P35_004": "南巨摩郡富士川町",
        "P35_005": "19368",
        "P35_006": "富士川"
      },
      "geometry": {
        "type": "Point",
        "coordinates": [
          138.472064,
          35.557015
        ]
      }
    },
    {
      "type": "Feature",
      "properties": {
        "P35_001": 35.75396,
        "P35_002": 138.949946,
        "P35_003": "山梨県",
        "P35_004": "北都留郡小菅村",
        "P35_005": "19442",
        "P35_006": "こすげ"
      },
      "geometry": {
        "type": "Point",
        "coordinates": [
          138.949946,
          35.75396
        ]
      }
    },
    {
      "type": "Feature",
      "properties": {
        "P35_001": 35.582917,
        "P35_002": 138.931227,
        "P35_003": "山梨県",
        "P35_004": "都留市",
        "P35_005": "19204",
        "P35_006": "つる"
      },
      "geometry": {
        "type": "Point",
        "coordinates": [
          138.931227,
          35.582917
        ]
      }
    },
    {
      "type": "Feature",
      "properties": {
        "P35_001": 35.306755,
        "P35_002": 138.446941,
        "P35_003": "山梨県",
        "P35_004": "南巨摩郡南部町",
        "P35_005": "19366",
        "P35_006": "なんぶ"
      },
      "geometry": {
        "type": "Point",
        "coordinates": [
          138.446941,
          35.306755
        ]
      }
    },
    {
      "type": "Feature",
      "properties": {
        "P35_001": 36.585417,
        "P35_002": 138.052742,
        "P35_003": "長野県",
        "P35_004": "長野市",
        "P35_005": "20201",
        "P35_006": "信州新町"
      },
      "geometry": {
        "type": "Point",
        "coordinates": [
          138.052742,
          36.585417
        ]
      }
    },
    {
      "type": "Feature",
      "properties": {
        "P35_001": 36.5263933,
        "P35_002": 137.9581356,
        "P35_003": "長野県",
        "P35_004": "長野市",
        "P35_005": "20201",
        "P35_006": "長野市大岡特産センター"
      },
      "geometry": {
        "type": "Point",
        "coordinates": [
          137.9581356,
          36.5263933
        ]
      }
    },
    {
      "type": "Feature",
      "properties": {
        "P35_001": 36.9884835,
        "P35_002": 138.5816798,
        "P35_003": "長野県",
        "P35_004": "下水内郡栄村",
        "P35_005": "20602",
        "P35_006": "信越さかえ"
      },
      "geometry": {
        "type": "Point",
        "coordinates": [
          138.581679799999,
          36.9884835
        ]
      }
    },
    {
      "type": "Feature",
      "properties": {
        "P35_001": 36.1063466,
        "P35_002": 137.9881908,
        "P35_003": "長野県",
        "P35_004": "塩尻市",
        "P35_005": "20215",
        "P35_006": "小坂田公園"
      },
      "geometry": {
        "type": "Point",
        "coordinates": [
          137.988190799999,
          36.1063465999999
        ]
      }
    },
    {
      "type": "Feature",
      "properties": {
        "P35_001": 36.3970744,
        "P35_002": 137.8846375,
        "P35_003": "長野県",
        "P35_004": "北安曇郡池田町",
        "P35_005": "20481",
        "P35_006": "池田"
      },
      "geometry": {
        "type": "Point",
        "coordinates": [
          137.8846375,
          36.3970744
        ]
      }
    },
    {
      "type": "Feature",
      "properties": {
        "P35_001": 36.6037997,
        "P35_002": 138.0161699,
        "P35_003": "長野県",
        "P35_004": "長野市",
        "P35_005": "20201",
        "P35_006": "中条"
      },
      "geometry": {
        "type": "Point",
        "coordinates": [
          138.0161699,
          36.6037997
        ]
      }
    },
    {
      "type": "Feature",
      "properties": {
        "P35_001": 36.3347839,
        "P35_002": 138.3595655,
        "P35_003": "長野県",
        "P35_004": "東御市",
        "P35_005": "20219",
        "P35_006": "みまき"
      },
      "geometry": {
        "type": "Point",
        "coordinates": [
          138.3595655,
          36.3347839
        ]
      }
    },
    {
      "type": "Feature",
      "properties": {
        "P35_001": 36.65359,
        "P35_002": 137.8473274,
        "P35_003": "長野県",
        "P35_004": "北安曇郡白馬村",
        "P35_005": "20485",
        "P35_006": "白馬"
      },
      "geometry": {
        "type": "Point",
        "coordinates": [
          137.8473274,
          36.65359
        ]
      }
    },
    {
      "type": "Feature",
      "properties": {
        "P35_001": 36.8005161,
        "P35_002": 138.322324,
        "P35_003": "長野県",
        "P35_004": "中野市",
        "P35_005": "20211",
        "P35_006": "ふるさと豊田"
      },
      "geometry": {
        "type": "Point",
        "coordinates": [
          138.322323999999,
          36.8005161
        ]
      }
    },
    {
      "type": "Feature",
      "properties": {
        "P35_001": 36.2729409,
        "P35_002": 138.2575884,
        "P35_003": "長野県",
        "P35_004": "小県郡長和町",
        "P35_005": "20350",
        "P35_006": "マルメロの駅ながと"
      },
      "geometry": {
        "type": "Point",
        "coordinates": [
          138.2575884,
          36.2729409
        ]
      }
    },
    {
      "type": "Feature",
      "properties": {
        "P35_001": 36.2575102,
        "P35_002": 138.4043068,
        "P35_003": "長野県",
        "P35_004": "佐久市",
        "P35_005": "20217",
        "P35_006": "ほっとぱ〜く・浅科"
      },
      "geometry": {
        "type": "Point",
        "coordinates": [
          138.404306799999,
          36.2575102
        ]
      }
    },
    {
      "type": "Feature",
      "properties": {
        "P35_001": 36.2934956,
        "P35_002": 137.87772,
        "P35_003": "長野県",
        "P35_004": "安曇野市",
        "P35_005": "20220",
        "P35_006": "アルプス安曇野 ほりがねの里"
      },
      "geometry": {
        "type": "Point",
        "coordinates": [
          137.877719999999,
          36.2934956
        ]
      }
    },
    {
      "type": "Feature",
      "properties": {
        "P35_001": 36.396278,
        "P35_002": 137.867643,
        "P35_003": "長野県",
        "P35_004": "北安曇郡松川村",
        "P35_005": "20482",
        "P35_006": "安曇野松川"
      },
      "geometry": {
        "type": "Point",
        "coordinates": [
          137.867643,
          36.396278
        ]
      }
    },
    {
      "type": "Feature",
      "properties": {
        "P35_001": 36.1533265,
        "P35_002": 137.7520972,
        "P35_003": "長野県",
        "P35_004": "松本市",
        "P35_005": "20202",
        "P35_006": "風穴の里"
      },
      "geometry": {
        "type": "Point",
        "coordinates": [
          137.752097199999,
          36.1533265
        ]
      }
    },
    {
      "type": "Feature",
      "properties": {
        "P35_001": 36.7413505,
        "P35_002": 138.4046221,
        "P35_003": "長野県",
        "P35_004": "下高井郡山ノ内町",
        "P35_005": "20561",
        "P35_006": "北信州やまのうち"
      },
      "geometry": {
        "type": "Point",
        "coordinates": [
          138.404622099999,
          36.7413505
        ]
      }
    },
    {
      "type": "Feature",
      "properties": {
        "P35_001": 36.407122,
        "P35_002": 138.205586,
        "P35_003": "長野県",
        "P35_004": "上田市",
        "P35_005": "20203",
        "P35_006": "上田 道と川の駅"
      },
      "geometry": {
        "type": "Point",
        "coordinates": [
          138.205586,
          36.407122
        ]
      }
    },
    {
      "type": "Feature",
      "properties": {
        "P35_001": 35.8632686,
        "P35_002": 138.2769108,
        "P35_003": "長野県",
        "P35_004": "諏訪郡富士見町",
        "P35_005": "20362",
        "P35_006": "信州蔦木宿"
      },
      "geometry": {
        "type": "Point",
        "coordinates": [
          138.2769108,
          35.8632686
        ]
      }
    },
    {
      "type": "Feature",
      "properties": {
        "P35_001": 36.8182909,
        "P35_002": 138.1901619,
        "P35_003": "長野県",
        "P35_004": "上水内郡信濃町",
        "P35_005": "20583",
        "P35_006": "しなの"
      },
      "geometry": {
        "type": "Point",
        "coordinates": [
          138.1901619,
          36.8182909
        ]
      }
    },
    {
      "type": "Feature",
      "properties": {
        "P35_001": 36.8452608,
        "P35_002": 137.9004404,
        "P35_003": "長野県",
        "P35_004": "北安曇郡小谷村",
        "P35_005": "20486",
        "P35_006": "小谷"
      },
      "geometry": {
        "type": "Point",
        "coordinates": [
          137.900440399999,
          36.8452608
        ]
      }
    },
    {
      "type": "Feature",
      "properties": {
        "P35_001": 36.4263776,
        "P35_002": 138.0121237,
        "P35_003": "長野県",
        "P35_004": "東筑摩郡筑北村",
        "P35_005": "20452",
        "P35_006": "さかきた"
      },
      "geometry": {
        "type": "Point",
        "coordinates": [
          138.012123699999,
          36.4263776
        ]
      }
    },
    {
      "type": "Feature",
      "properties": {
        "P35_001": 36.6053378,
        "P35_002": 137.895563,
        "P35_003": "長野県",
        "P35_004": "大町市",
        "P35_005": "20212",
        "P35_006": "ぽかぽかランド美麻"
      },
      "geometry": {
        "type": "Point",
        "coordinates": [
          137.895563,
          36.6053378
        ]
      }
    },
    {
      "type": "Feature",
      "properties": {
        "P35_001": 36.689123,
        "P35_002": 138.2948649,
        "P35_003": "長野県",
        "P35_004": "上高井郡小布施町",
        "P35_005": "20541",
        "P35_006": "オアシスおぶせ"
      },
      "geometry": {
        "type": "Point",
        "coordinates": [
          138.2948649,
          36.689123
        ]
      }
    },
    {
      "type": "Feature",
      "properties": {
        "P35_001": 36.3557148,
        "P35_002": 138.3738973,
        "P35_003": "長野県",
        "P35_004": "東御市",
        "P35_005": "20219",
        "P35_006": "雷電くるみの里"
      },
      "geometry": {
        "type": "Point",
        "coordinates": [
          138.373897299999,
          36.3557148
        ]
      }
    },
    {
      "type": "Feature",
      "properties": {
        "P35_001": 36.8815106,
        "P35_002": 138.3877614,
        "P35_003": "長野県",
        "P35_004": "飯山市",
        "P35_005": "20213",
        "P35_006": "花の駅 千曲川"
      },
      "geometry": {
        "type": "Point",
        "coordinates": [
          138.3877614,
          36.8815106
        ]
      }
    },
    {
      "type": "Feature",
      "properties": {
        "P35_001": 36.372865,
        "P35_002": 138.140884,
        "P35_003": "長野県",
        "P35_004": "小県郡青木村",
        "P35_005": "20349",
        "P35_006": "あおき"
      },
      "geometry": {
        "type": "Point",
        "coordinates": [
          138.140884,
          36.372865
        ]
      }
    },
    {
      "type": "Feature",
      "properties": {
        "P35_001": 36.6132998,
        "P35_002": 137.9905563,
        "P35_003": "長野県",
        "P35_004": "上水内郡小川村",
        "P35_005": "20588",
        "P35_006": "おがわ"
      },
      "geometry": {
        "type": "Point",
        "coordinates": [
          137.990556299999,
          36.6132998
        ]
      }
    },
    {
      "type": "Feature",
      "properties": {
        "P35_001": 36.2306352,
        "P35_002": 138.1403249,
        "P35_003": "長野県",
        "P35_004": "上田市",
        "P35_005": "20203",
        "P35_006": "美ヶ原高原"
      },
      "geometry": {
        "type": "Point",
        "coordinates": [
          138.1403249,
          36.2306352
        ]
      }
    },
    {
      "type": "Feature",
      "properties": {
        "P35_001": 36.148281,
        "P35_002": 137.9027543,
        "P35_003": "長野県",
        "P35_004": "松本市",
        "P35_005": "20202",
        "P35_006": "今井 恵みの里"
      },
      "geometry": {
        "type": "Point",
        "coordinates": [
          137.902754299999,
          36.148281
        ]
      }
    },
    {
      "type": "Feature",
      "properties": {
        "P35_001": 35.8664703,
        "P35_002": 137.7400334,
        "P35_003": "長野県",
        "P35_004": "木曽郡木曽町",
        "P35_005": "20432",
        "P35_006": "日義木曽駒高原"
      },
      "geometry": {
        "type": "Point",
        "coordinates": [
          137.7400334,
          35.8664703
        ]
      }
    },
    {
      "type": "Feature",
      "properties": {
        "P35_001": 35.6820939,
        "P35_002": 137.653467,
        "P35_003": "長野県",
        "P35_004": "木曽郡大桑村",
        "P35_005": "20430",
        "P35_006": "大桑"
      },
      "geometry": {
        "type": "Point",
        "coordinates": [
          137.653466999999,
          35.6820939
        ]
      }
    },
    {
      "type": "Feature",
      "properties": {
        "P35_001": 35.965946,
        "P35_002": 137.814405,
        "P35_003": "長野県",
        "P35_004": "塩尻市",
        "P35_005": "20215",
        "P35_006": "奈良井木曽の大橋"
      },
      "geometry": {
        "type": "Point",
        "coordinates": [
          137.814405,
          35.965946
        ]
      }
    },
    {
      "type": "Feature",
      "properties": {
        "P35_001": 35.324356,
        "P35_002": 137.631746,
        "P35_003": "長野県",
        "P35_004": "下伊那郡平谷村",
        "P35_005": "20409",
        "P35_006": "信州平谷"
      },
      "geometry": {
        "type": "Point",
        "coordinates": [
          137.631746,
          35.324356
        ]
      }
    },
    {
      "type": "Feature",
      "properties": {
        "P35_001": 35.4171252,
        "P35_002": 137.7942491,
        "P35_003": "長野県",
        "P35_004": "下伊那郡下條村",
        "P35_005": "20411",
        "P35_006": "信濃路下條"
      },
      "geometry": {
        "type": "Point",
        "coordinates": [
          137.7942491,
          35.4171252
        ]
      }
    },
    {
      "type": "Feature",
      "properties": {
        "P35_001": 35.809814,
        "P35_002": 138.0837089,
        "P35_003": "長野県",
        "P35_004": "伊那市",
        "P35_005": "20209",
        "P35_006": "南アルプスむら長谷"
      },
      "geometry": {
        "type": "Point",
        "coordinates": [
          138.0837089,
          35.809814
        ]
      }
    },
    {
      "type": "Feature",
      "properties": {
        "P35_001": 35.9862023,
        "P35_002": 137.8419591,
        "P35_003": "長野県",
        "P35_004": "塩尻市",
        "P35_005": "20215",
        "P35_006": "木曽ならかわ"
      },
      "geometry": {
        "type": "Point",
        "coordinates": [
          137.841959099999,
          35.9862023
        ]
      }
    },
    {
      "type": "Feature",
      "properties": {
        "P35_001": 35.8225594,
        "P35_002": 137.6480735,
        "P35_003": "長野県",
        "P35_004": "木曽郡木曽町",
        "P35_005": "20432",
        "P35_006": "三岳"
      },
      "geometry": {
        "type": "Point",
        "coordinates": [
          137.6480735,
          35.8225594
        ]
      }
    },
    {
      "type": "Feature",
      "properties": {
        "P35_001": 35.257481,
        "P35_002": 137.745387,
        "P35_003": "長野県",
        "P35_004": "下伊那郡阿南町",
        "P35_005": "20404",
        "P35_006": "信州新野千石平"
      },
      "geometry": {
        "type": "Point",
        "coordinates": [
          137.745387,
          35.257481
        ]
      }
    },
    {
      "type": "Feature",
      "properties": {
        "P35_001": 35.6620051,
        "P35_002": 137.9100456,
        "P35_003": "長野県",
        "P35_004": "上伊那郡飯島町",
        "P35_005": "20384",
        "P35_006": "花の里いいじま"
      },
      "geometry": {
        "type": "Point",
        "coordinates": [
          137.9100456,
          35.6620051
        ]
      }
    },
    {
      "type": "Feature",
      "properties": {
        "P35_001": 35.3213462,
        "P35_002": 137.9309442,
        "P35_003": "長野県",
        "P35_004": "飯田市",
        "P35_005": "20205",
        "P35_006": "遠山郷"
      },
      "geometry": {
        "type": "Point",
        "coordinates": [
          137.9309442,
          35.3213462
        ]
      }
    },
    {
      "type": "Feature",
      "properties": {
        "P35_001": 35.8176611,
        "P35_002": 137.6822766,
        "P35_003": "長野県",
        "P35_004": "木曽郡木曽町",
        "P35_005": "20432",
        "P35_006": "木曽福島"
      },
      "geometry": {
        "type": "Point",
        "coordinates": [
          137.6822766,
          35.8176611
        ]
      }
    },
    {
      "type": "Feature",
      "properties": {
        "P35_001": 35.9307238,
        "P35_002": 137.7858292,
        "P35_003": "長野県",
        "P35_004": "木曽郡木祖村",
        "P35_005": "20425",
        "P35_006": "木曽川源流の里 きそむら"
      },
      "geometry": {
        "type": "Point",
        "coordinates": [
          137.785829199999,
          35.9307238
        ]
      }
    },
    {
      "type": "Feature",
      "properties": {
        "P35_001": 36.8521479,
        "P35_002": 138.388223,
        "P35_003": "長野県",
        "P35_004": "下高井郡木島平村",
        "P35_005": "20562",
        "P35_006": "FARMUS 木島平"
      },
      "geometry": {
        "type": "Point",
        "coordinates": [
          138.388223,
          36.8521479
        ]
      }
    },
    {
      "type": "Feature",
      "properties": {
        "P35_001": 35.691023,
        "P35_002": 137.939944,
        "P35_003": "長野県",
        "P35_004": "上伊那郡飯島町",
        "P35_005": "20384",
        "P35_006": "田切の里"
      },
      "geometry": {
        "type": "Point",
        "coordinates": [
          137.939944,
          35.691023
        ]
      }
    },
    {
      "type": "Feature",
      "properties": {
        "P35_001": 36.236692,
        "P35_002": 138.440822,
        "P35_003": "長野県",
        "P35_004": "佐久市",
        "P35_005": "20217",
        "P35_006": "ヘルシーテラス佐久南"
      },
      "geometry": {
        "type": "Point",
        "coordinates": [
          138.440822,
          36.236692
        ]
      }
    },
    {
      "type": "Feature",
      "properties": {
        "P35_001": 36.276288,
        "P35_002": 138.331675,
        "P35_003": "長野県",
        "P35_004": "北佐久郡立科町",
        "P35_005": "20324",
        "P35_006": "女神の里 たてしな"
      },
      "geometry": {
        "type": "Point",
        "coordinates": [
          138.331675,
          36.276288
        ]
      }
    },
    {
      "type": "Feature",
      "properties": {
        "P35_001": 35.544442,
        "P35_002": 137.891347,
        "P35_003": "長野県",
        "P35_004": "下伊那郡豊丘村",
        "P35_005": "20416",
        "P35_006": "南信州 とよおかマルシェ"
      },
      "geometry": {
        "type": "Point",
        "coordinates": [
          137.891347,
          35.544442
        ]
      }
    },
    {
      "type": "Feature",
      "properties": {
        "P35_001": 35.6092047,
        "P35_002": 136.9431417,
        "P35_003": "岐阜県",
        "P35_004": "郡上市",
        "P35_005": "21219",
        "P35_006": "美並"
      },
      "geometry": {
        "type": "Point",
        "coordinates": [
          136.9431417,
          35.6092047
        ]
      }
    },
    {
      "type": "Feature",
      "properties": {
        "P35_001": 35.9406247,
        "P35_002": 137.0826946,
        "P35_003": "岐阜県",
        "P35_004": "高山市",
        "P35_005": "21203",
        "P35_006": "パスカル清見"
      },
      "geometry": {
        "type": "Point",
        "coordinates": [
          137.082694599999,
          35.9406247
        ]
      }
    },
    {
      "type": "Feature",
      "properties": {
        "P35_001": 35.8447929,
        "P35_002": 137.0284298,
        "P35_003": "岐阜県",
        "P35_004": "郡上市",
        "P35_005": "21219",
        "P35_006": "明宝"
      },
      "geometry": {
        "type": "Point",
        "coordinates": [
          137.0284298,
          35.8447929
        ]
      }
    },
    {
      "type": "Feature",
      "properties": {
        "P35_001": 35.6426846,
        "P35_002": 137.4415533,
        "P35_003": "岐阜県",
        "P35_004": "中津川市",
        "P35_005": "21206",
        "P35_006": "花街道付知"
      },
      "geometry": {
        "type": "Point",
        "coordinates": [
          137.4415533,
          35.6426846
        ]
      }
    },
    {
      "type": "Feature",
      "properties": {
        "P35_001": 35.6040087,
        "P35_002": 137.1738607,
        "P35_003": "岐阜県",
        "P35_004": "加茂郡白川町",
        "P35_005": "21506",
        "P35_006": "美濃白川"
      },
      "geometry": {
        "type": "Point",
        "coordinates": [
          137.173860699999,
          35.6040087
        ]
      }
    },
    {
      "type": "Feature",
      "properties": {
        "P35_001": 35.5963612,
        "P35_002": 136.7982998,
        "P35_003": "岐阜県",
        "P35_004": "関市",
        "P35_005": "21205",
        "P35_006": "ラステンほらど"
      },
      "geometry": {
        "type": "Point",
        "coordinates": [
          136.7982998,
          35.5963612
        ]
      }
    },
    {
      "type": "Feature",
      "properties": {
        "P35_001": 35.9233631,
        "P35_002": 136.8321178,
        "P35_003": "岐阜県",
        "P35_004": "郡上市",
        "P35_005": "21219",
        "P35_006": "白鳥"
      },
      "geometry": {
        "type": "Point",
        "coordinates": [
          136.8321178,
          35.9233631
        ]
      }
    },
    {
      "type": "Feature",
      "properties": {
        "P35_001": 36.249002,
        "P35_002": 137.499654,
        "P35_003": "岐阜県",
        "P35_004": "高山市",
        "P35_005": "21203",
        "P35_006": "奥飛騨温泉郷上宝"
      },
      "geometry": {
        "type": "Point",
        "coordinates": [
          137.499654,
          36.249002
        ]
      }
    },
    {
      "type": "Feature",
      "properties": {
        "P35_001": 35.586112,
        "P35_002": 137.5504388,
        "P35_003": "岐阜県",
        "P35_004": "中津川市",
        "P35_005": "21206",
        "P35_006": "賤母"
      },
      "geometry": {
        "type": "Point",
        "coordinates": [
          137.550438799999,
          35.586112
        ]
      }
    },
    {
      "type": "Feature",
      "properties": {
        "P35_001": 35.533911,
        "P35_002": 137.11445,
        "P35_003": "岐阜県",
        "P35_004": "加茂郡七宗町",
        "P35_005": "21504",
        "P35_006": "ロック・ガーデン ひちそう"
      },
      "geometry": {
        "type": "Point",
        "coordinates": [
          137.11445,
          35.533911
        ]
      }
    },
    {
      "type": "Feature",
      "properties": {
        "P35_001": 35.5774127,
        "P35_002": 136.4629134,
        "P35_003": "岐阜県",
        "P35_004": "揖斐郡揖斐川町",
        "P35_005": "21401",
        "P35_006": "星のふる里 ふじはし"
      },
      "geometry": {
        "type": "Point",
        "coordinates": [
          136.462913399999,
          35.5774127
        ]
      }
    },
    {
      "type": "Feature",
      "properties": {
        "P35_001": 36.2789273,
        "P35_002": 136.9015389,
        "P35_003": "岐阜県",
        "P35_004": "大野郡白川村",
        "P35_005": "21604",
        "P35_006": "白川郷"
      },
      "geometry": {
        "type": "Point",
        "coordinates": [
          136.9015389,
          36.2789273
        ]
      }
    },
    {
      "type": "Feature",
      "properties": {
        "P35_001": 35.552245,
        "P35_002": 136.9972918,
        "P35_003": "岐阜県",
        "P35_004": "関市",
        "P35_005": "21205",
        "P35_006": "平成"
      },
      "geometry": {
        "type": "Point",
        "coordinates": [
          136.997291799999,
          35.552245
        ]
      }
    },
    {
      "type": "Feature",
      "properties": {
        "P35_001": 36.220446,
        "P35_002": 137.192351,
        "P35_003": "岐阜県",
        "P35_004": "飛騨市",
        "P35_005": "21217",
        "P35_006": "アルプ飛騨古川"
      },
      "geometry": {
        "type": "Point",
        "coordinates": [
          137.192351,
          36.220446
        ]
      }
    },
    {
      "type": "Feature",
      "properties": {
        "P35_001": 35.6689112,
        "P35_002": 137.1471787,
        "P35_003": "岐阜県",
        "P35_004": "下呂市",
        "P35_005": "21220",
        "P35_006": "飛騨金山ぬく森の里温泉"
      },
      "geometry": {
        "type": "Point",
        "coordinates": [
          137.1471787,
          35.6689112
        ]
      }
    },
    {
      "type": "Feature",
      "properties": {
        "P35_001": 35.323636,
        "P35_002": 137.471578,
        "P35_003": "岐阜県",
        "P35_004": "恵那市",
        "P35_005": "21210",
        "P35_006": "上矢作ラ・フォーレ福寿の里"
      },
      "geometry": {
        "type": "Point",
        "coordinates": [
          137.471578,
          35.323636
        ]
      }
    },
    {
      "type": "Feature",
      "properties": {
        "P35_001": 36.0618682,
        "P35_002": 137.2256962,
        "P35_003": "岐阜県",
        "P35_004": "高山市",
        "P35_005": "21203",
        "P35_006": "モンデウス飛騨位山"
      },
      "geometry": {
        "type": "Point",
        "coordinates": [
          137.2256962,
          36.0618682
        ]
      }
    },
    {
      "type": "Feature",
      "properties": {
        "P35_001": 35.9314581,
        "P35_002": 137.2943447,
        "P35_003": "岐阜県",
        "P35_004": "下呂市",
        "P35_005": "21220",
        "P35_006": "南飛騨小坂"
      },
      "geometry": {
        "type": "Point",
        "coordinates": [
          137.2943447,
          35.9314581
        ]
      }
    },
    {
      "type": "Feature",
      "properties": {
        "P35_001": 35.5314813,
        "P35_002": 136.5855637,
        "P35_003": "岐阜県",
        "P35_004": "揖斐郡揖斐川町",
        "P35_005": "21401",
        "P35_006": "夢さんさん谷汲"
      },
      "geometry": {
        "type": "Point",
        "coordinates": [
          136.585563699999,
          35.5314813
        ]
      }
    },
    {
      "type": "Feature",
      "properties": {
        "P35_001": 35.336059,
        "P35_002": 137.2231904,
        "P35_003": "岐阜県",
        "P35_004": "土岐市",
        "P35_005": "21212",
        "P35_006": "土岐美濃焼街道"
      },
      "geometry": {
        "type": "Point",
        "coordinates": [
          137.2231904,
          35.336059
        ]
      }
    },
    {
      "type": "Feature",
      "properties": {
        "P35_001": 35.4725539,
        "P35_002": 136.6760471,
        "P35_003": "岐阜県",
        "P35_004": "本巣市",
        "P35_005": "21218",
        "P35_006": "富有柿の里いとぬき"
      },
      "geometry": {
        "type": "Point",
        "coordinates": [
          136.6760471,
          35.4725539
        ]
      }
    },
    {
      "type": "Feature",
      "properties": {
        "P35_001": 36.1339762,
        "P35_002": 137.1662097,
        "P35_003": "岐阜県",
        "P35_004": "高山市",
        "P35_005": "21203",
        "P35_006": "ななもり清見"
      },
      "geometry": {
        "type": "Point",
        "coordinates": [
          137.166209699999,
          36.1339762
        ]
      }
    },
    {
      "type": "Feature",
      "properties": {
        "P35_001": 35.5704301,
        "P35_002": 137.534574,
        "P35_003": "岐阜県",
        "P35_004": "中津川市",
        "P35_005": "21206",
        "P35_006": "きりら坂下"
      },
      "geometry": {
        "type": "Point",
        "coordinates": [
          137.534574,
          35.5704301
        ]
      }
    },
    {
      "type": "Feature",
      "properties": {
        "P35_001": 35.2747147,
        "P35_002": 136.6710571,
        "P35_003": "岐阜県",
        "P35_004": "海津市",
        "P35_005": "21221",
        "P35_006": "クレール平田"
      },
      "geometry": {
        "type": "Point",
        "coordinates": [
          136.671057099999,
          35.2747147
        ]
      }
    },
    {
      "type": "Feature",
      "properties": {
        "P35_001": 35.819913,
        "P35_002": 137.187413,
        "P35_003": "岐阜県",
        "P35_004": "下呂市",
        "P35_005": "21220",
        "P35_006": "馬瀬 美輝の里"
      },
      "geometry": {
        "type": "Point",
        "coordinates": [
          137.187413,
          35.819913
        ]
      }
    },
    {
      "type": "Feature",
      "properties": {
        "P35_001": 36.0068712,
        "P35_002": 137.2916605,
        "P35_003": "岐阜県",
        "P35_004": "高山市",
        "P35_005": "21203",
        "P35_006": "飛騨街道 なぎさ"
      },
      "geometry": {
        "type": "Point",
        "coordinates": [
          137.2916605,
          36.0068712
        ]
      }
    },
    {
      "type": "Feature",
      "properties": {
        "P35_001": 36.0879645,
        "P35_002": 137.3505722,
        "P35_003": "岐阜県",
        "P35_004": "高山市",
        "P35_005": "21203",
        "P35_006": "ひだ朝日村"
      },
      "geometry": {
        "type": "Point",
        "coordinates": [
          137.3505722,
          36.0879645
        ]
      }
    },
    {
      "type": "Feature",
      "properties": {
        "P35_001": 35.4057084,
        "P35_002": 137.3587474,
        "P35_003": "岐阜県",
        "P35_004": "恵那市",
        "P35_005": "21210",
        "P35_006": "そばの郷 らっせぃみさと"
      },
      "geometry": {
        "type": "Point",
        "coordinates": [
          137.358747399999,
          35.4057084
        ]
      }
    },
    {
      "type": "Feature",
      "properties": {
        "P35_001": 35.500115,
        "P35_002": 136.667187,
        "P35_003": "岐阜県",
        "P35_004": "本巣市",
        "P35_005": "21218",
        "P35_006": "織部の里・もとす"
      },
      "geometry": {
        "type": "Point",
        "coordinates": [
          136.667187,
          35.500115
        ]
      }
    },
    {
      "type": "Feature",
      "properties": {
        "P35_001": 36.0464759,
        "P35_002": 137.4407412,
        "P35_003": "岐阜県",
        "P35_004": "高山市",
        "P35_005": "21203",
        "P35_006": "飛騨たかね工房"
      },
      "geometry": {
        "type": "Point",
        "coordinates": [
          137.4407412,
          36.0464759
        ]
      }
    },
    {
      "type": "Feature",
      "properties": {
        "P35_001": 35.9876432,
        "P35_002": 136.8910742,
        "P35_003": "岐阜県",
        "P35_004": "郡上市",
        "P35_005": "21219",
        "P35_006": "大日岳"
      },
      "geometry": {
        "type": "Point",
        "coordinates": [
          136.8910742,
          35.9876432
        ]
      }
    },
    {
      "type": "Feature",
      "properties": {
        "P35_001": 36.0212127,
        "P35_002": 136.9656118,
        "P35_003": "岐阜県",
        "P35_004": "高山市",
        "P35_005": "21203",
        "P35_006": "桜の郷 荘川"
      },
      "geometry": {
        "type": "Point",
        "coordinates": [
          136.9656118,
          36.0212127
        ]
      }
    },
    {
      "type": "Feature",
      "properties": {
        "P35_001": 35.5151834,
        "P35_002": 136.8541224,
        "P35_003": "岐阜県",
        "P35_004": "関市",
        "P35_005": "21205",
        "P35_006": "むげ川"
      },
      "geometry": {
        "type": "Point",
        "coordinates": [
          136.8541224,
          35.5151834
        ]
      }
    },
    {
      "type": "Feature",
      "properties": {
        "P35_001": 35.8160909,
        "P35_002": 136.901735,
        "P35_003": "岐阜県",
        "P35_004": "郡上市",
        "P35_005": "21219",
        "P35_006": "古今伝授の里やまと"
      },
      "geometry": {
        "type": "Point",
        "coordinates": [
          136.901735,
          35.8160909
        ]
      }
    },
    {
      "type": "Feature",
      "properties": {
        "P35_001": 35.4736126,
        "P35_002": 137.0306176,
        "P35_003": "岐阜県",
        "P35_004": "美濃加茂市",
        "P35_005": "21211",
        "P35_006": "日本昭和村"
      },
      "geometry": {
        "type": "Point",
        "coordinates": [
          137.0306176,
          35.4736126
        ]
      }
    },
    {
      "type": "Feature",
      "properties": {
        "P35_001": 35.6677832,
        "P35_002": 137.3524206,
        "P35_003": "岐阜県",
        "P35_004": "加茂郡東白川村",
        "P35_005": "21507",
        "P35_006": "茶の里東白川"
      },
      "geometry": {
        "type": "Point",
        "coordinates": [
          137.352420599999,
          35.6677832
        ]
      }
    },
    {
      "type": "Feature",
      "properties": {
        "P35_001": 35.7425082,
        "P35_002": 137.0677867,
        "P35_003": "岐阜県",
        "P35_004": "郡上市",
        "P35_005": "21219",
        "P35_006": "和良"
      },
      "geometry": {
        "type": "Point",
        "coordinates": [
          137.067786699999,
          35.7425082
        ]
      }
    },
    {
      "type": "Feature",
      "properties": {
        "P35_001": 35.660163,
        "P35_002": 136.589241,
        "P35_003": "岐阜県",
        "P35_004": "本巣市",
        "P35_005": "21218",
        "P35_006": "うすずみ桜の里・ねお"
      },
      "geometry": {
        "type": "Point",
        "coordinates": [
          136.589241,
          35.660163
        ]
      }
    },
    {
      "type": "Feature",
      "properties": {
        "P35_001": 35.3941426,
        "P35_002": 137.1881308,
        "P35_003": "岐阜県",
        "P35_004": "土岐市",
        "P35_005": "21212",
        "P35_006": "志野・織部"
      },
      "geometry": {
        "type": "Point",
        "coordinates": [
          137.188130799999,
          35.3941426
        ]
      }
    },
    {
      "type": "Feature",
      "properties": {
        "P35_001": 35.7087822,
        "P35_002": 137.3747534,
        "P35_003": "岐阜県",
        "P35_004": "中津川市",
        "P35_005": "21206",
        "P35_006": "加子母"
      },
      "geometry": {
        "type": "Point",
        "coordinates": [
          137.3747534,
          35.7087822
        ]
      }
    },
    {
      "type": "Feature",
      "properties": {
        "P35_001": 35.602032,
        "P35_002": 136.413732,
        "P35_003": "岐阜県",
        "P35_004": "揖斐郡揖斐川町",
        "P35_005": "21401",
        "P35_006": "夜叉ヶ池の里さかうち"
      },
      "geometry": {
        "type": "Point",
        "coordinates": [
          136.413732,
          35.602032
        ]
      }
    },
    {
      "type": "Feature",
      "properties": {
        "P35_001": 35.3282547,
        "P35_002": 137.3064444,
        "P35_003": "岐阜県",
        "P35_004": "恵那市",
        "P35_005": "21210",
        "P35_006": "おばあちゃん市・山岡"
      },
      "geometry": {
        "type": "Point",
        "coordinates": [
          137.3064444,
          35.3282547
        ]
      }
    },
    {
      "type": "Feature",
      "properties": {
        "P35_001": 36.213988,
        "P35_002": 137.150621,
        "P35_003": "岐阜県",
        "P35_004": "飛騨市",
        "P35_005": "21217",
        "P35_006": "飛騨古川いぶし"
      },
      "geometry": {
        "type": "Point",
        "coordinates": [
          137.150621,
          36.213988
        ]
      }
    },
    {
      "type": "Feature",
      "properties": {
        "P35_001": 35.215087,
        "P35_002": 136.600691,
        "P35_003": "岐阜県",
        "P35_004": "海津市",
        "P35_005": "21221",
        "P35_006": "月見の里 南濃"
      },
      "geometry": {
        "type": "Point",
        "coordinates": [
          136.600691,
          35.215087
        ]
      }
    },
    {
      "type": "Feature",
      "properties": {
        "P35_001": 35.3700936,
        "P35_002": 136.7313569,
        "P35_003": "岐阜県",
        "P35_004": "岐阜市",
        "P35_005": "21201",
        "P35_006": "柳津"
      },
      "geometry": {
        "type": "Point",
        "coordinates": [
          136.7313569,
          35.3700936
        ]
      }
    },
    {
      "type": "Feature",
      "properties": {
        "P35_001": 35.602352,
        "P35_002": 137.501864,
        "P35_003": "岐阜県",
        "P35_004": "中津川市",
        "P35_005": "21206",
        "P35_006": "五木のやかた・かわうえ"
      },
      "geometry": {
        "type": "Point",
        "coordinates": [
          137.501864,
          35.602352
        ]
      }
    },
    {
      "type": "Feature",
      "properties": {
        "P35_001": 36.3290175,
        "P35_002": 137.3071895,
        "P35_003": "岐阜県",
        "P35_004": "飛騨市",
        "P35_005": "21217",
        "P35_006": "宙ドーム・神岡"
      },
      "geometry": {
        "type": "Point",
        "coordinates": [
          137.3071895,
          36.3290175
        ]
      }
    },
    {
      "type": "Feature",
      "properties": {
        "P35_001": 35.889671,
        "P35_002": 136.891924,
        "P35_003": "岐阜県",
        "P35_004": "郡上市",
        "P35_005": "21219",
        "P35_006": "白尾ふれあいパーク"
      },
      "geometry": {
        "type": "Point",
        "coordinates": [
          136.891924,
          35.889671
        ]
      }
    },
    {
      "type": "Feature",
      "properties": {
        "P35_001": 35.554599,
        "P35_002": 136.913733,
        "P35_003": "岐阜県",
        "P35_004": "美濃市",
        "P35_005": "21207",
        "P35_006": "美濃にわか茶屋"
      },
      "geometry": {
        "type": "Point",
        "coordinates": [
          136.913733,
          35.554599
        ]
      }
    },
    {
      "type": "Feature",
      "properties": {
        "P35_001": 36.17388,
        "P35_002": 136.901648,
        "P35_003": "岐阜県",
        "P35_004": "大野郡白川村",
        "P35_005": "21604",
        "P35_006": "飛騨白山"
      },
      "geometry": {
        "type": "Point",
        "coordinates": [
          136.901648,
          36.17388
        ]
      }
    },
    {
      "type": "Feature",
      "properties": {
        "P35_001": 35.4743201,
        "P35_002": 136.980146,
        "P35_003": "岐阜県",
        "P35_004": "加茂郡富加町",
        "P35_005": "21502",
        "P35_006": "半布里の郷 とみか"
      },
      "geometry": {
        "type": "Point",
        "coordinates": [
          136.980146,
          35.4743201
        ]
      }
    },
    {
      "type": "Feature",
      "properties": {
        "P35_001": 35.430055,
        "P35_002": 137.101163,
        "P35_003": "岐阜県",
        "P35_004": "可児市",
        "P35_005": "21214",
        "P35_006": "可児ッテ「ＣＡＮＩＴＴＥ」"
      },
      "geometry": {
        "type": "Point",
        "coordinates": [
          137.101163,
          35.430055
        ]
      }
    },
    {
      "type": "Feature",
      "properties": {
        "P35_001": 35.419442,
        "P35_002": 136.559814,
        "P35_003": "岐阜県",
        "P35_004": "揖斐郡池田町",
        "P35_005": "21404",
        "P35_006": "池田温泉"
      },
      "geometry": {
        "type": "Point",
        "coordinates": [
          136.559813999999,
          35.419442
        ]
      }
    },
    {
      "type": "Feature",
      "properties": {
        "P35_001": 35.5954472,
        "P35_002": 137.2189831,
        "P35_003": "岐阜県",
        "P35_004": "加茂郡白川町",
        "P35_005": "21506",
        "P35_006": "清流白川 クオーレの里"
      },
      "geometry": {
        "type": "Point",
        "coordinates": [
          137.2189831,
          35.5954472
        ]
      }
    },
    {
      "type": "Feature",
      "properties": {
        "P35_001": 35.881564,
        "P35_002": 136.854767,
        "P35_003": "岐阜県",
        "P35_004": "郡上市",
        "P35_005": "21219",
        "P35_006": "清流の里しろとり"
      },
      "geometry": {
        "type": "Point",
        "coordinates": [
          136.854767,
          35.881564
        ]
      }
    },
    {
      "type": "Feature",
      "properties": {
        "P35_001": 35.431918,
        "P35_002": 136.628084,
        "P35_003": "岐阜県",
        "P35_004": "揖斐郡大野町",
        "P35_005": "21403",
        "P35_006": "パレットピアおおの"
      },
      "geometry": {
        "type": "Point",
        "coordinates": [
          136.628084,
          35.431918
        ]
      }
    },
    {
      "type": "Feature",
      "properties": {
        "P35_001": 35.1334097,
        "P35_002": 138.6470417,
        "P35_003": "静岡県",
        "P35_004": "富士市",
        "P35_005": "22210",
        "P35_006": "富士"
      },
      "geometry": {
        "type": "Point",
        "coordinates": [
          138.6470417,
          35.1334097
        ]
      }
    },
    {
      "type": "Feature",
      "properties": {
        "P35_001": 34.9608241,
        "P35_002": 137.7332279,
        "P35_003": "静岡県",
        "P35_004": "浜松市",
        "P35_005": "22130",
        "P35_006": "くんま水車の里"
      },
      "geometry": {
        "type": "Point",
        "coordinates": [
          137.733227899999,
          34.9608241
        ]
      }
    },
    {
      "type": "Feature",
      "properties": {
        "P35_001": 34.7577828,
        "P35_002": 138.8253994,
        "P35_003": "静岡県",
        "P35_004": "賀茂郡松崎町",
        "P35_005": "22305",
        "P35_006": "花の三聖苑伊豆松崎"
      },
      "geometry": {
        "type": "Point",
        "coordinates": [
          138.8253994,
          34.7577828
        ]
      }
    },
    {
      "type": "Feature",
      "properties": {
        "P35_001": 34.92545,
        "P35_002": 138.300822,
        "P35_003": "静岡県",
        "P35_004": "静岡市駿河区",
        "P35_005": "22102",
        "P35_006": "宇津ノ谷峠"
      },
      "geometry": {
        "type": "Point",
        "coordinates": [
          138.300822,
          34.92545
        ]
      }
    },
    {
      "type": "Feature",
      "properties": {
        "P35_001": 34.9054921,
        "P35_002": 137.8720545,
        "P35_003": "静岡県",
        "P35_004": "浜松市",
        "P35_005": "22130",
        "P35_006": "いっぷく処横川"
      },
      "geometry": {
        "type": "Point",
        "coordinates": [
          137.8720545,
          34.9054921
        ]
      }
    },
    {
      "type": "Feature",
      "properties": {
        "P35_001": 35.0704474,
        "P35_002": 138.1078277,
        "P35_003": "静岡県",
        "P35_004": "榛原郡川根本町",
        "P35_005": "22429",
        "P35_006": "フォーレなかかわね茶茗舘"
      },
      "geometry": {
        "type": "Point",
        "coordinates": [
          138.1078277,
          35.0704474
        ]
      }
    },
    {
      "type": "Feature",
      "properties": {
        "P35_001": 34.8558282,
        "P35_002": 138.921935,
        "P35_003": "静岡県",
        "P35_004": "伊豆市",
        "P35_005": "22222",
        "P35_006": "天城越え"
      },
      "geometry": {
        "type": "Point",
        "coordinates": [
          138.921934999999,
          34.8558282
        ]
      }
    },
    {
      "type": "Feature",
      "properties": {
        "P35_001": 35.1084211208,
        "P35_002": 138.136841686,
        "P35_003": "静岡県",
        "P35_004": "榛原郡川根本町",
        "P35_005": "22429",
        "P35_006": "奥大井音戯の郷"
      },
      "geometry": {
        "type": "Point",
        "coordinates": [
          138.136841685983,
          35.1084211207701
        ]
      }
    },
    {
      "type": "Feature",
      "properties": {
        "P35_001": 35.4133187,
        "P35_002": 138.5912918,
        "P35_003": "静岡県",
        "P35_004": "富士宮市",
        "P35_005": "22207",
        "P35_006": "朝霧高原"
      },
      "geometry": {
        "type": "Point",
        "coordinates": [
          138.5912918,
          35.4133187
        ]
      }
    },
    {
      "type": "Feature",
      "properties": {
        "P35_001": 34.9598856,
        "P35_002": 138.0896911,
        "P35_003": "静岡県",
        "P35_004": "島田市",
        "P35_005": "22209",
        "P35_006": "川根温泉"
      },
      "geometry": {
        "type": "Point",
        "coordinates": [
          138.089691099999,
          34.9598856
        ]
      }
    },
    {
      "type": "Feature",
      "properties": {
        "P35_001": 35.1618278,
        "P35_002": 138.6186186,
        "P35_003": "静岡県",
        "P35_004": "富士市",
        "P35_005": "22210",
        "P35_006": "富士川楽座"
      },
      "geometry": {
        "type": "Point",
        "coordinates": [
          138.6186186,
          35.1618278
        ]
      }
    },
    {
      "type": "Feature",
      "properties": {
        "P35_001": 34.9507285,
        "P35_002": 138.2515579,
        "P35_003": "静岡県",
        "P35_004": "藤枝市",
        "P35_005": "22214",
        "P35_006": "玉露の里"
      },
      "geometry": {
        "type": "Point",
        "coordinates": [
          138.251557899999,
          34.9507285
        ]
      }
    },
    {
      "type": "Feature",
      "properties": {
        "P35_001": 34.911788,
        "P35_002": 137.8150063,
        "P35_003": "静岡県",
        "P35_004": "浜松市",
        "P35_005": "22130",
        "P35_006": "天竜相津 花桃の里"
      },
      "geometry": {
        "type": "Point",
        "coordinates": [
          137.8150063,
          34.911788
        ]
      }
    },
    {
      "type": "Feature",
      "properties": {
        "P35_001": 34.9846432,
        "P35_002": 139.094386,
        "P35_003": "静岡県",
        "P35_004": "伊東市",
        "P35_005": "22208",
        "P35_006": "伊東マリンタウン"
      },
      "geometry": {
        "type": "Point",
        "coordinates": [
          139.094386,
          34.9846432
        ]
      }
    },
    {
      "type": "Feature",
      "properties": {
        "P35_001": 34.6748202,
        "P35_002": 138.9508766,
        "P35_003": "静岡県",
        "P35_004": "下田市",
        "P35_005": "22219",
        "P35_006": "開国下田みなと"
      },
      "geometry": {
        "type": "Point",
        "coordinates": [
          138.9508766,
          34.6748202
        ]
      }
    },
    {
      "type": "Feature",
      "properties": {
        "P35_001": 34.7942015,
        "P35_002": 138.076064,
        "P35_003": "静岡県",
        "P35_004": "掛川市",
        "P35_005": "22213",
        "P35_006": "掛川"
      },
      "geometry": {
        "type": "Point",
        "coordinates": [
          138.076063999999,
          34.7942015
        ]
      }
    },
    {
      "type": "Feature",
      "properties": {
        "P35_001": 35.3444505,
        "P35_002": 138.9500838,
        "P35_003": "静岡県",
        "P35_004": "駿東郡小山町",
        "P35_005": "22344",
        "P35_006": "ふじおやま"
      },
      "geometry": {
        "type": "Point",
        "coordinates": [
          138.9500838,
          35.3444505
        ]
      }
    },
    {
      "type": "Feature",
      "properties": {
        "P35_001": 34.6772824,
        "P35_002": 137.4992268,
        "P35_003": "静岡県",
        "P35_004": "湖西市",
        "P35_005": "22221",
        "P35_006": "潮見坂"
      },
      "geometry": {
        "type": "Point",
        "coordinates": [
          137.499226799999,
          34.6772824
        ]
      }
    },
    {
      "type": "Feature",
      "properties": {
        "P35_001": 35.0117849,
        "P35_002": 138.9410647,
        "P35_003": "静岡県",
        "P35_004": "伊豆の国市",
        "P35_005": "22225",
        "P35_006": "伊豆のへそ"
      },
      "geometry": {
        "type": "Point",
        "coordinates": [
          138.941064699999,
          35.0117848999999
        ]
      }
    },
    {
      "type": "Feature",
      "properties": {
        "P35_001": 34.6497101,
        "P35_002": 138.8665798,
        "P35_003": "静岡県",
        "P35_004": "賀茂郡南伊豆町",
        "P35_005": "22304",
        "P35_006": "下賀茂温泉 湯の花"
      },
      "geometry": {
        "type": "Point",
        "coordinates": [
          138.866579799999,
          34.6497101
        ]
      }
    },
    {
      "type": "Feature",
      "properties": {
        "P35_001": 35.3627022,
        "P35_002": 138.8587673,
        "P35_003": "静岡県",
        "P35_004": "駿東郡小山町",
        "P35_005": "22344",
        "P35_006": "すばしり"
      },
      "geometry": {
        "type": "Point",
        "coordinates": [
          138.858767299999,
          35.3627022
        ]
      }
    },
    {
      "type": "Feature",
      "properties": {
        "P35_001": 34.640677,
        "P35_002": 138.110751,
        "P35_003": "静岡県",
        "P35_004": "御前崎市",
        "P35_005": "22223",
        "P35_006": "風のマルシェ 御前崎"
      },
      "geometry": {
        "type": "Point",
        "coordinates": [
          138.110751,
          34.640677
        ]
      }
    },
    {
      "type": "Feature",
      "properties": {
        "P35_001": 34.9713,
        "P35_002": 138.7868,
        "P35_003": "静岡県",
        "P35_004": "沼津市",
        "P35_005": "22203",
        "P35_006": "くるら戸田"
      },
      "geometry": {
        "type": "Point",
        "coordinates": [
          138.7868,
          34.9713
        ]
      }
    },
    {
      "type": "Feature",
      "properties": {
        "P35_001": 35.075604,
        "P35_002": 138.926014,
        "P35_003": "静岡県",
        "P35_004": "田方郡函南町",
        "P35_005": "22325",
        "P35_006": "伊豆ゲートウェイ函南"
      },
      "geometry": {
        "type": "Point",
        "coordinates": [
          138.926014,
          35.075604
        ]
      }
    },
    {
      "type": "Feature",
      "properties": {
        "P35_001": 35.1791637,
        "P35_002": 137.6826773,
        "P35_003": "愛知県",
        "P35_004": "北設楽郡豊根村",
        "P35_005": "23563",
        "P35_006": "豊根グリーンポート宮嶋"
      },
      "geometry": {
        "type": "Point",
        "coordinates": [
          137.6826773,
          35.1791637
        ]
      }
    },
    {
      "type": "Feature",
      "properties": {
        "P35_001": 34.9025911,
        "P35_002": 137.6133931,
        "P35_003": "愛知県",
        "P35_004": "新城市",
        "P35_005": "23221",
        "P35_006": "鳳来三河三石"
      },
      "geometry": {
        "type": "Point",
        "coordinates": [
          137.613393099999,
          34.9025911
        ]
      }
    },
    {
      "type": "Feature",
      "properties": {
        "P35_001": 34.6613618,
        "P35_002": 137.272428,
        "P35_003": "愛知県",
        "P35_004": "田原市",
        "P35_005": "23231",
        "P35_006": "田原めっくんはうす"
      },
      "geometry": {
        "type": "Point",
        "coordinates": [
          137.272428,
          34.6613618
        ]
      }
    },
    {
      "type": "Feature",
      "properties": {
        "P35_001": 34.5836256978,
        "P35_002": 137.020198234,
        "P35_003": "愛知県",
        "P35_004": "田原市",
        "P35_005": "23231",
        "P35_006": "伊良湖クリスタルポルト"
      },
      "geometry": {
        "type": "Point",
        "coordinates": [
          137.020198234393,
          34.5836256978391
        ]
      }
    },
    {
      "type": "Feature",
      "properties": {
        "P35_001": 35.1975534,
        "P35_002": 137.6091672,
        "P35_003": "愛知県",
        "P35_004": "北設楽郡設楽町",
        "P35_005": "23561",
        "P35_006": "つぐ高原グリーンパーク"
      },
      "geometry": {
        "type": "Point",
        "coordinates": [
          137.6091672,
          35.1975534
        ]
      }
    },
    {
      "type": "Feature",
      "properties": {
        "P35_001": 35.2139047729,
        "P35_002": 137.503069358,
        "P35_003": "愛知県",
        "P35_004": "豊田市",
        "P35_005": "23211",
        "P35_006": "どんぐりの里 いなぶ"
      },
      "geometry": {
        "type": "Point",
        "coordinates": [
          137.503069357672,
          35.2139047729337
        ]
      }
    },
    {
      "type": "Feature",
      "properties": {
        "P35_001": 35.1729675,
        "P35_002": 137.5347209,
        "P35_003": "愛知県",
        "P35_004": "北設楽郡設楽町",
        "P35_005": "23561",
        "P35_006": "アグリステーションなぐら"
      },
      "geometry": {
        "type": "Point",
        "coordinates": [
          137.5347209,
          35.1729675
        ]
      }
    },
    {
      "type": "Feature",
      "properties": {
        "P35_001": 34.9305143344,
        "P35_002": 137.05818645,
        "P35_003": "愛知県",
        "P35_004": "安城市",
        "P35_005": "23212",
        "P35_006": "デンパーク安城"
      },
      "geometry": {
        "type": "Point",
        "coordinates": [
          137.058186449845,
          34.9305143344235
        ]
      }
    },
    {
      "type": "Feature",
      "properties": {
        "P35_001": 34.9631966,
        "P35_002": 137.420692,
        "P35_003": "愛知県",
        "P35_004": "新城市",
        "P35_005": "23221",
        "P35_006": "つくで手作り村"
      },
      "geometry": {
        "type": "Point",
        "coordinates": [
          137.420692,
          34.9631966
        ]
      }
    },
    {
      "type": "Feature",
      "properties": {
        "P35_001": 35.1442911,
        "P35_002": 136.6949567,
        "P35_003": "愛知県",
        "P35_004": "愛西市",
        "P35_005": "23232",
        "P35_006": "立田ふれあいの里"
      },
      "geometry": {
        "type": "Point",
        "coordinates": [
          136.6949567,
          35.1442911
        ]
      }
    },
    {
      "type": "Feature",
      "properties": {
        "P35_001": 34.6077776,
        "P35_002": 137.1893809,
        "P35_003": "愛知県",
        "P35_004": "田原市",
        "P35_005": "23231",
        "P35_006": "あかばねロコステーション"
      },
      "geometry": {
        "type": "Point",
        "coordinates": [
          137.1893809,
          34.6077776
        ]
      }
    },
    {
      "type": "Feature",
      "properties": {
        "P35_001": 34.8485237,
        "P35_002": 137.138304,
        "P35_003": "愛知県",
        "P35_004": "額田郡幸田町",
        "P35_005": "23501",
        "P35_006": "筆柿の里・幸田"
      },
      "geometry": {
        "type": "Point",
        "coordinates": [
          137.138304,
          34.8485237
        ]
      }
    },
    {
      "type": "Feature",
      "properties": {
        "P35_001": 34.8767959,
        "P35_002": 137.0831113,
        "P35_003": "愛知県",
        "P35_004": "西尾市",
        "P35_005": "23213",
        "P35_006": "にしお岡ノ山"
      },
      "geometry": {
        "type": "Point",
        "coordinates": [
          137.0831113,
          34.8767959
        ]
      }
    },
    {
      "type": "Feature",
      "properties": {
        "P35_001": 35.2423483,
        "P35_002": 137.1150818,
        "P35_003": "愛知県",
        "P35_004": "瀬戸市",
        "P35_005": "23204",
        "P35_006": "瀬戸しなの"
      },
      "geometry": {
        "type": "Point",
        "coordinates": [
          137.115081799999,
          35.2423483
        ]
      }
    },
    {
      "type": "Feature",
      "properties": {
        "P35_001": 34.9142483,
        "P35_002": 137.2168536,
        "P35_003": "愛知県",
        "P35_004": "岡崎市",
        "P35_005": "23202",
        "P35_006": "藤川宿"
      },
      "geometry": {
        "type": "Point",
        "coordinates": [
          137.2168536,
          34.9142483
        ]
      }
    },
    {
      "type": "Feature",
      "properties": {
        "P35_001": 34.91757,
        "P35_002": 137.5337,
        "P35_003": "愛知県",
        "P35_004": "新城市",
        "P35_005": "23221",
        "P35_006": "もっくる新城"
      },
      "geometry": {
        "type": "Point",
        "coordinates": [
          137.5337,
          34.91757
        ]
      }
    },
    {
      "type": "Feature",
      "properties": {
        "P35_001": 34.4275673,
        "P35_002": 136.3319507,
        "P35_003": "三重県",
        "P35_004": "松阪市",
        "P35_005": "24204",
        "P35_006": "飯高駅"
      },
      "geometry": {
        "type": "Point",
        "coordinates": [
          136.3319507,
          34.4275673
        ]
      }
    },
    {
      "type": "Feature",
      "properties": {
        "P35_001": 35.013663,
        "P35_002": 136.5030552,
        "P35_003": "三重県",
        "P35_004": "三重郡菰野町",
        "P35_005": "24341",
        "P35_006": "菰野"
      },
      "geometry": {
        "type": "Point",
        "coordinates": [
          136.5030552,
          35.013663
        ]
      }
    },
    {
      "type": "Feature",
      "properties": {
        "P35_001": 33.7698186,
        "P35_002": 136.0284344,
        "P35_003": "三重県",
        "P35_004": "南牟婁郡紀宝町",
        "P35_005": "24562",
        "P35_006": "紀宝町ウミガメ公園"
      },
      "geometry": {
        "type": "Point",
        "coordinates": [
          136.0284344,
          33.7698186
        ]
      }
    },
    {
      "type": "Feature",
      "properties": {
        "P35_001": 33.8035647,
        "P35_002": 136.0431051,
        "P35_003": "三重県",
        "P35_004": "南牟婁郡御浜町",
        "P35_005": "24561",
        "P35_006": "パーク七里御浜"
      },
      "geometry": {
        "type": "Point",
        "coordinates": [
          136.0431051,
          33.8035647
        ]
      }
    },
    {
      "type": "Feature",
      "properties": {
        "P35_001": 34.102363,
        "P35_002": 136.214084,
        "P35_003": "三重県",
        "P35_004": "北牟婁郡紀北町",
        "P35_005": "24543",
        "P35_006": "海山"
      },
      "geometry": {
        "type": "Point",
        "coordinates": [
          136.214084,
          34.102363
        ]
      }
    },
    {
      "type": "Feature",
      "properties": {
        "P35_001": 34.3675907,
        "P35_002": 136.4188773,
        "P35_003": "三重県",
        "P35_004": "度会郡大紀町",
        "P35_005": "24471",
        "P35_006": "奥伊勢木つつ木館"
      },
      "geometry": {
        "type": "Point",
        "coordinates": [
          136.418877299999,
          34.3675907
        ]
      }
    },
    {
      "type": "Feature",
      "properties": {
        "P35_001": 33.959915,
        "P35_002": 136.1042538,
        "P35_003": "三重県",
        "P35_004": "熊野市",
        "P35_005": "24212",
        "P35_006": "熊野きのくに"
      },
      "geometry": {
        "type": "Point",
        "coordinates": [
          136.1042538,
          33.959915
        ]
      }
    },
    {
      "type": "Feature",
      "properties": {
        "P35_001": 34.4603762,
        "P35_002": 136.3982131,
        "P35_003": "三重県",
        "P35_004": "松阪市",
        "P35_005": "24204",
        "P35_006": "茶倉駅"
      },
      "geometry": {
        "type": "Point",
        "coordinates": [
          136.3982131,
          34.4603762
        ]
      }
    },
    {
      "type": "Feature",
      "properties": {
        "P35_001": 34.3938706,
        "P35_002": 136.4085972,
        "P35_003": "三重県",
        "P35_004": "多気郡大台町",
        "P35_005": "24443",
        "P35_006": "奥伊勢おおだい"
      },
      "geometry": {
        "type": "Point",
        "coordinates": [
          136.4085972,
          34.3938706
        ]
      }
    },
    {
      "type": "Feature",
      "properties": {
        "P35_001": 34.5116756,
        "P35_002": 136.3068072,
        "P35_003": "三重県",
        "P35_004": "津市",
        "P35_005": "24201",
        "P35_006": "美杉"
      },
      "geometry": {
        "type": "Point",
        "coordinates": [
          136.306807199999,
          34.5116756
        ]
      }
    },
    {
      "type": "Feature",
      "properties": {
        "P35_001": 34.849508,
        "P35_002": 136.3926996,
        "P35_003": "三重県",
        "P35_004": "亀山市",
        "P35_005": "24210",
        "P35_006": "関宿"
      },
      "geometry": {
        "type": "Point",
        "coordinates": [
          136.3926996,
          34.849508
        ]
      }
    },
    {
      "type": "Feature",
      "properties": {
        "P35_001": 34.3594609,
        "P35_002": 136.7989126,
        "P35_003": "三重県",
        "P35_004": "志摩市",
        "P35_005": "24215",
        "P35_006": "伊勢志摩"
      },
      "geometry": {
        "type": "Point",
        "coordinates": [
          136.7989126,
          34.3594609
        ]
      }
    },
    {
      "type": "Feature",
      "properties": {
        "P35_001": 34.2172444,
        "P35_002": 136.3466595,
        "P35_003": "三重県",
        "P35_004": "北牟婁郡紀北町",
        "P35_005": "24543",
        "P35_006": "紀伊長島マンボウ"
      },
      "geometry": {
        "type": "Point",
        "coordinates": [
          136.3466595,
          34.2172444
        ]
      }
    },
    {
      "type": "Feature",
      "properties": {
        "P35_001": 34.8445672,
        "P35_002": 136.1709955,
        "P35_003": "三重県",
        "P35_004": "伊賀市",
        "P35_005": "24216",
        "P35_006": "あやま"
      },
      "geometry": {
        "type": "Point",
        "coordinates": [
          136.1709955,
          34.8445672
        ]
      }
    },
    {
      "type": "Feature",
      "properties": {
        "P35_001": 34.8371363,
        "P35_002": 136.2534017,
        "P35_003": "三重県",
        "P35_004": "伊賀市",
        "P35_005": "24216",
        "P35_006": "いが"
      },
      "geometry": {
        "type": "Point",
        "coordinates": [
          136.2534017,
          34.8371363
        ]
      }
    },
    {
      "type": "Feature",
      "properties": {
        "P35_001": 34.7967069,
        "P35_002": 136.5179906,
        "P35_003": "三重県",
        "P35_004": "津市",
        "P35_005": "24201",
        "P35_006": "津かわげ"
      },
      "geometry": {
        "type": "Point",
        "coordinates": [
          136.5179906,
          34.7967069
        ]
      }
    },
    {
      "type": "Feature",
      "properties": {
        "P35_001": 33.878939,
        "P35_002": 136.092541,
        "P35_003": "三重県",
        "P35_004": "熊野市",
        "P35_005": "24212",
        "P35_006": "熊野・花の窟"
      },
      "geometry": {
        "type": "Point",
        "coordinates": [
          136.092541,
          33.878939
        ]
      }
    },
    {
      "type": "Feature",
      "properties": {
        "P35_001": 33.876518,
        "P35_002": 135.915236,
        "P35_003": "三重県",
        "P35_004": "熊野市",
        "P35_005": "24212",
        "P35_006": "熊野・板屋 九郎兵衛の里"
      },
      "geometry": {
        "type": "Point",
        "coordinates": [
          135.915236,
          33.876518
        ]
      }
    },
    {
      "type": "Feature",
      "properties": {
        "P35_001": 34.9277903,
        "P35_002": 136.2956751,
        "P35_003": "滋賀県",
        "P35_004": "甲賀市",
        "P35_005": "25209",
        "P35_006": "あいの土山"
      },
      "geometry": {
        "type": "Point",
        "coordinates": [
          136.2956751,
          34.9277903
        ]
      }
    },
    {
      "type": "Feature",
      "properties": {
        "P35_001": 35.3510891,
        "P35_002": 135.9156479,
        "P35_003": "滋賀県",
        "P35_004": "高島市",
        "P35_005": "25212",
        "P35_006": "くつき新本陣"
      },
      "geometry": {
        "type": "Point",
        "coordinates": [
          135.9156479,
          35.3510891
        ]
      }
    },
    {
      "type": "Feature",
      "properties": {
        "P35_001": 35.3504496,
        "P35_002": 136.0670325,
        "P35_003": "滋賀県",
        "P35_004": "高島市",
        "P35_005": "25212",
        "P35_006": "しんあさひ風車村"
      },
      "geometry": {
        "type": "Point",
        "coordinates": [
          136.0670325,
          35.3504496
        ]
      }
    },
    {
      "type": "Feature",
      "properties": {
        "P35_001": 35.1097186,
        "P35_002": 136.2587666,
        "P35_003": "滋賀県",
        "P35_004": "東近江市",
        "P35_005": "25213",
        "P35_006": "東近江市あいとうマーガレットステーション"
      },
      "geometry": {
        "type": "Point",
        "coordinates": [
          136.2587666,
          35.1097186
        ]
      }
    },
    {
      "type": "Feature",
      "properties": {
        "P35_001": 35.1246283,
        "P35_002": 135.9281834,
        "P35_003": "滋賀県",
        "P35_004": "大津市",
        "P35_005": "25201",
        "P35_006": "びわ湖大橋米プラザ"
      },
      "geometry": {
        "type": "Point",
        "coordinates": [
          135.9281834,
          35.1246283
        ]
      }
    },
    {
      "type": "Feature",
      "properties": {
        "P35_001": 35.3432724,
        "P35_002": 136.2777302,
        "P35_003": "滋賀県",
        "P35_004": "米原市",
        "P35_005": "25214",
        "P35_006": "近江母の郷"
      },
      "geometry": {
        "type": "Point",
        "coordinates": [
          136.2777302,
          35.3432724
        ]
      }
    },
    {
      "type": "Feature",
      "properties": {
        "P35_001": 34.9683823,
        "P35_002": 136.0391198,
        "P35_003": "滋賀県",
        "P35_004": "栗東市",
        "P35_005": "25208",
        "P35_006": "こんぜの里りっとう"
      },
      "geometry": {
        "type": "Point",
        "coordinates": [
          136.0391198,
          34.9683823
        ]
      }
    },
    {
      "type": "Feature",
      "properties": {
        "P35_001": 35.4450126,
        "P35_002": 136.190765,
        "P35_003": "滋賀県",
        "P35_004": "長浜市",
        "P35_005": "25203",
        "P35_006": "湖北みずどりステーション"
      },
      "geometry": {
        "type": "Point",
        "coordinates": [
          136.190765,
          35.4450126
        ]
      }
    },
    {
      "type": "Feature",
      "properties": {
        "P35_001": 35.0700321,
        "P35_002": 135.9392505,
        "P35_003": "滋賀県",
        "P35_004": "草津市",
        "P35_005": "25206",
        "P35_006": "草津"
      },
      "geometry": {
        "type": "Point",
        "coordinates": [
          135.9392505,
          35.0700321
        ]
      }
    },
    {
      "type": "Feature",
      "properties": {
        "P35_001": 35.085777,
        "P35_002": 136.079297,
        "P35_003": "滋賀県",
        "P35_004": "蒲生郡竜王町",
        "P35_005": "25384",
        "P35_006": "竜王かがみの里"
      },
      "geometry": {
        "type": "Point",
        "coordinates": [
          136.079297,
          35.085777
        ]
      }
    },
    {
      "type": "Feature",
      "properties": {
        "P35_001": 35.0387341,
        "P35_002": 136.0015367,
        "P35_003": "滋賀県",
        "P35_004": "栗東市",
        "P35_005": "25208",
        "P35_006": "アグリの郷栗東"
      },
      "geometry": {
        "type": "Point",
        "coordinates": [
          136.0015367,
          35.0387341
        ]
      }
    },
    {
      "type": "Feature",
      "properties": {
        "P35_001": 35.481102,
        "P35_002": 136.0830386,
        "P35_003": "滋賀県",
        "P35_004": "高島市",
        "P35_005": "25212",
        "P35_006": "マキノ追坂峠"
      },
      "geometry": {
        "type": "Point",
        "coordinates": [
          136.0830386,
          35.481102
        ]
      }
    },
    {
      "type": "Feature",
      "properties": {
        "P35_001": 35.3261987,
        "P35_002": 136.0300086,
        "P35_003": "滋賀県",
        "P35_004": "高島市",
        "P35_005": "25212",
        "P35_006": "藤樹の里あどがわ"
      },
      "geometry": {
        "type": "Point",
        "coordinates": [
          136.0300086,
          35.3261987
        ]
      }
    },
    {
      "type": "Feature",
      "properties": {
        "P35_001": 35.3968414,
        "P35_002": 136.3709852,
        "P35_003": "滋賀県",
        "P35_004": "米原市",
        "P35_005": "25214",
        "P35_006": "伊吹の里"
      },
      "geometry": {
        "type": "Point",
        "coordinates": [
          136.3709852,
          35.3968414
        ]
      }
    },
    {
      "type": "Feature",
      "properties": {
        "P35_001": 35.5205935,
        "P35_002": 136.162805,
        "P35_003": "滋賀県",
        "P35_004": "長浜市",
        "P35_005": "25203",
        "P35_006": "塩津海道あぢかまの里"
      },
      "geometry": {
        "type": "Point",
        "coordinates": [
          136.162805,
          35.5205935
        ]
      }
    },
    {
      "type": "Feature",
      "properties": {
        "P35_001": 35.2018443,
        "P35_002": 136.2755566,
        "P35_003": "滋賀県",
        "P35_004": "犬上郡甲良町",
        "P35_005": "25442",
        "P35_006": "せせらぎの里こうら"
      },
      "geometry": {
        "type": "Point",
        "coordinates": [
          136.2755566,
          35.2018443
        ]
      }
    },
    {
      "type": "Feature",
      "properties": {
        "P35_001": 35.1598017,
        "P35_002": 135.9015502,
        "P35_003": "滋賀県",
        "P35_004": "大津市",
        "P35_005": "25201",
        "P35_006": "妹子の郷"
      },
      "geometry": {
        "type": "Point",
        "coordinates": [
          135.9015502,
          35.1598017
        ]
      }
    },
    {
      "type": "Feature",
      "properties": {
        "P35_001": 35.105711,
        "P35_002": 136.371792,
        "P35_003": "滋賀県",
        "P35_004": "東近江市",
        "P35_005": "25213",
        "P35_006": "奥永源寺渓流の里"
      },
      "geometry": {
        "type": "Point",
        "coordinates": [
          136.371792,
          35.105711
        ]
      }
    },
    {
      "type": "Feature",
      "properties": {
        "P35_001": 35.0436549,
        "P35_002": 136.1452664,
        "P35_003": "滋賀県",
        "P35_004": "蒲生郡竜王町",
        "P35_005": "25384",
        "P35_006": "アグリパーク竜王"
      },
      "geometry": {
        "type": "Point",
        "coordinates": [
          136.1452664,
          35.0436549
        ]
      }
    },
    {
      "type": "Feature",
      "properties": {
        "P35_001": 35.4300512,
        "P35_002": 136.3054291,
        "P35_003": "滋賀県",
        "P35_004": "長浜市",
        "P35_005": "25203",
        "P35_006": "浅井三姉妹の郷"
      },
      "geometry": {
        "type": "Point",
        "coordinates": [
          136.3054291,
          35.4300512
        ]
      }
    },
    {
      "type": "Feature",
      "properties": {
        "P35_001": 35.6746353,
        "P35_002": 135.2910882,
        "P35_003": "京都府",
        "P35_004": "与謝郡伊根町",
        "P35_005": "26463",
        "P35_006": "舟屋の里伊根"
      },
      "geometry": {
        "type": "Point",
        "coordinates": [
          135.2910882,
          35.6746353
        ]
      }
    },
    {
      "type": "Feature",
      "properties": {
        "P35_001": 35.4815585,
        "P35_002": 135.0936255,
        "P35_003": "京都府",
        "P35_004": "与謝郡与謝野町",
        "P35_005": "26465",
        "P35_006": "シルクのまち かや"
      },
      "geometry": {
        "type": "Point",
        "coordinates": [
          135.0936255,
          35.4815585
        ]
      }
    },
    {
      "type": "Feature",
      "properties": {
        "P35_001": 35.7390035,
        "P35_002": 135.1052393,
        "P35_003": "京都府",
        "P35_004": "京丹後市",
        "P35_005": "26212",
        "P35_006": "てんきてんき丹後"
      },
      "geometry": {
        "type": "Point",
        "coordinates": [
          135.1052393,
          35.7390035
        ]
      }
    },
    {
      "type": "Feature",
      "properties": {
        "P35_001": 35.2702495,
        "P35_002": 135.3975594,
        "P35_003": "京都府",
        "P35_004": "船井郡京丹波町",
        "P35_005": "26407",
        "P35_006": "和"
      },
      "geometry": {
        "type": "Point",
        "coordinates": [
          135.3975594,
          35.2702495
        ]
      }
    },
    {
      "type": "Feature",
      "properties": {
        "P35_001": 35.0145442,
        "P35_002": 135.566682,
        "P35_003": "京都府",
        "P35_004": "亀岡市",
        "P35_005": "26206",
        "P35_006": "ガレリアかめおか"
      },
      "geometry": {
        "type": "Point",
        "coordinates": [
          135.566682,
          35.0145442
        ]
      }
    },
    {
      "type": "Feature",
      "properties": {
        "P35_001": 35.154813,
        "P35_002": 135.4287046,
        "P35_003": "京都府",
        "P35_004": "船井郡京丹波町",
        "P35_005": "26407",
        "P35_006": "丹波マーケス"
      },
      "geometry": {
        "type": "Point",
        "coordinates": [
          135.4287046,
          35.154813
        ]
      }
    },
    {
      "type": "Feature",
      "properties": {
        "P35_001": 35.1672997,
        "P35_002": 135.3613852,
        "P35_003": "京都府",
        "P35_004": "船井郡京丹波町",
        "P35_005": "26407",
        "P35_006": "瑞穂の里・さらびき"
      },
      "geometry": {
        "type": "Point",
        "coordinates": [
          135.3613852,
          35.1672997
        ]
      }
    },
    {
      "type": "Feature",
      "properties": {
        "P35_001": 35.3383704,
        "P35_002": 134.929796,
        "P35_003": "京都府",
        "P35_004": "福知山市",
        "P35_005": "26201",
        "P35_006": "農匠の郷やくの"
      },
      "geometry": {
        "type": "Point",
        "coordinates": [
          134.929796,
          35.3383704
        ]
      }
    },
    {
      "type": "Feature",
      "properties": {
        "P35_001": 35.450349,
        "P35_002": 135.3145072,
        "P35_003": "京都府",
        "P35_004": "舞鶴市",
        "P35_005": "26202",
        "P35_006": "舞鶴港とれとれセンター"
      },
      "geometry": {
        "type": "Point",
        "coordinates": [
          135.3145072,
          35.450349
        ]
      }
    },
    {
      "type": "Feature",
      "properties": {
        "P35_001": 35.123886,
        "P35_002": 135.482213,
        "P35_003": "京都府",
        "P35_004": "南丹市",
        "P35_005": "26213",
        "P35_006": "京都新光悦村"
      },
      "geometry": {
        "type": "Point",
        "coordinates": [
          135.482213,
          35.123886
        ]
      }
    },
    {
      "type": "Feature",
      "properties": {
        "P35_001": 35.6746549,
        "P35_002": 135.0681027,
        "P35_003": "京都府",
        "P35_004": "京丹後市",
        "P35_005": "26212",
        "P35_006": "丹後王国「食のみやこ」"
      },
      "geometry": {
        "type": "Point",
        "coordinates": [
          135.0681027,
          35.6746549
        ]
      }
    },
    {
      "type": "Feature",
      "properties": {
        "P35_001": 35.277121,
        "P35_002": 135.588035,
        "P35_003": "京都府",
        "P35_004": "南丹市",
        "P35_005": "26213",
        "P35_006": "美山ふれあい広場"
      },
      "geometry": {
        "type": "Point",
        "coordinates": [
          135.588035,
          35.277121
        ]
      }
    },
    {
      "type": "Feature",
      "properties": {
        "P35_001": 35.1558354,
        "P35_002": 135.633108,
        "P35_003": "京都府",
        "P35_004": "京都市",
        "P35_005": "26100",
        "P35_006": "ウッディー京北"
      },
      "geometry": {
        "type": "Point",
        "coordinates": [
          135.633108,
          35.1558354
        ]
      }
    },
    {
      "type": "Feature",
      "properties": {
        "P35_001": 35.6304672,
        "P35_002": 134.9319473,
        "P35_003": "京都府",
        "P35_004": "京丹後市",
        "P35_005": "26212",
        "P35_006": "くみはまSANKAIKAN"
      },
      "geometry": {
        "type": "Point",
        "coordinates": [
          134.9319473,
          35.6304672
        ]
      }
    },
    {
      "type": "Feature",
      "properties": {
        "P35_001": 35.1524243823,
        "P35_002": 135.517810225,
        "P35_003": "京都府",
        "P35_004": "南丹市",
        "P35_005": "26213",
        "P35_006": "スプリングスひよし"
      },
      "geometry": {
        "type": "Point",
        "coordinates": [
          135.517810225409,
          35.1524243822895
        ]
      }
    },
    {
      "type": "Feature",
      "properties": {
        "P35_001": 35.149554,
        "P35_002": 135.426755,
        "P35_003": "京都府",
        "P35_004": "船井郡京丹波町",
        "P35_005": "26407",
        "P35_006": "京丹波 味夢の里"
      },
      "geometry": {
        "type": "Point",
        "coordinates": [
          135.426755,
          35.149554
        ]
      }
    },
    {
      "type": "Feature",
      "properties": {
        "P35_001": 35.5383355,
        "P35_002": 135.1939786,
        "P35_003": "京都府",
        "P35_004": "宮津市",
        "P35_005": "26205",
        "P35_006": "海の京都 宮津"
      },
      "geometry": {
        "type": "Point",
        "coordinates": [
          135.1939786,
          35.5383355
        ]
      }
    },
    {
      "type": "Feature",
      "properties": {
        "P35_001": 34.765472,
        "P35_002": 136.024007,
        "P35_003": "京都府",
        "P35_004": "相楽郡南山城村",
        "P35_005": "26367",
        "P35_006": "お茶の京都 みなみやましろ村"
      },
      "geometry": {
        "type": "Point",
        "coordinates": [
          136.024007,
          34.765472
        ]
      }
    },
    {
      "type": "Feature",
      "properties": {
        "P35_001": 34.4642761555,
        "P35_002": 135.625936428,
        "P35_003": "大阪府",
        "P35_004": "南河内郡千早赤阪村",
        "P35_005": "27383",
        "P35_006": "ちはやあかさか"
      },
      "geometry": {
        "type": "Point",
        "coordinates": [
          135.625936427755,
          34.4642761554969
        ]
      }
    },
    {
      "type": "Feature",
      "properties": {
        "P35_001": 34.5167874,
        "P35_002": 135.6584047,
        "P35_003": "大阪府",
        "P35_004": "南河内郡太子町",
        "P35_005": "27381",
        "P35_006": "近つ飛鳥の里太子"
      },
      "geometry": {
        "type": "Point",
        "coordinates": [
          135.6584047,
          34.5167874
        ]
      }
    },
    {
      "type": "Feature",
      "properties": {
        "P35_001": 34.9566571,
        "P35_002": 135.4009924,
        "P35_003": "大阪府",
        "P35_004": "豊能郡能勢町",
        "P35_005": "27322",
        "P35_006": "能勢（くりの郷）"
      },
      "geometry": {
        "type": "Point",
        "coordinates": [
          135.4009924,
          34.9566571
        ]
      }
    },
    {
      "type": "Feature",
      "properties": {
        "P35_001": 34.478438,
        "P35_002": 135.617062,
        "P35_003": "大阪府",
        "P35_004": "南河内郡河南町",
        "P35_005": "27382",
        "P35_006": "かなん"
      },
      "geometry": {
        "type": "Point",
        "coordinates": [
          135.617062,
          34.478438
        ]
      }
    },
    {
      "type": "Feature",
      "properties": {
        "P35_001": 34.533043,
        "P35_002": 135.587747,
        "P35_003": "大阪府",
        "P35_004": "羽曳野市",
        "P35_005": "27222",
        "P35_006": "しらとりの郷・羽曳野"
      },
      "geometry": {
        "type": "Point",
        "coordinates": [
          135.587747,
          34.533043
        ]
      }
    },
    {
      "type": "Feature",
      "properties": {
        "P35_001": 34.423154,
        "P35_002": 135.4830003,
        "P35_003": "大阪府",
        "P35_004": "和泉市",
        "P35_005": "27219",
        "P35_006": "いずみ山愛の里"
      },
      "geometry": {
        "type": "Point",
        "coordinates": [
          135.4830003,
          34.423154
        ]
      }
    },
    {
      "type": "Feature",
      "properties": {
        "P35_001": 34.3151101,
        "P35_002": 135.0999192,
        "P35_003": "大阪府",
        "P35_004": "泉南郡岬町",
        "P35_005": "27366",
        "P35_006": "とっとパーク小島"
      },
      "geometry": {
        "type": "Point",
        "coordinates": [
          135.0999192,
          34.3151101
        ]
      }
    },
    {
      "type": "Feature",
      "properties": {
        "P35_001": 34.4225565,
        "P35_002": 135.42543,
        "P35_003": "大阪府",
        "P35_004": "岸和田市",
        "P35_005": "27202",
        "P35_006": "愛彩ランド"
      },
      "geometry": {
        "type": "Point",
        "coordinates": [
          135.42543,
          34.4225565
        ]
      }
    },
    {
      "type": "Feature",
      "properties": {
        "P35_001": 34.325936,
        "P35_002": 135.17379,
        "P35_003": "大阪府",
        "P35_004": "泉南郡岬町",
        "P35_005": "27366",
        "P35_006": "みさき"
      },
      "geometry": {
        "type": "Point",
        "coordinates": [
          135.17379,
          34.325936
        ]
      }
    },
    {
      "type": "Feature",
      "properties": {
        "P35_001": 34.435966,
        "P35_002": 135.551096,
        "P35_003": "大阪府",
        "P35_004": "河内長野市",
        "P35_005": "27216",
        "P35_006": "奥河内くろまろの郷"
      },
      "geometry": {
        "type": "Point",
        "coordinates": [
          135.551096,
          34.435966
        ]
      }
    },
    {
      "type": "Feature",
      "properties": {
        "P35_001": 35.2016226779,
        "P35_002": 134.522187649,
        "P35_003": "兵庫県",
        "P35_004": "宍粟市",
        "P35_005": "28227",
        "P35_006": "はが"
      },
      "geometry": {
        "type": "Point",
        "coordinates": [
          134.52218764909145,
          35.20162267787064
        ]
      }
    },
    {
      "type": "Feature",
      "properties": {
        "P35_001": 35.247009,
        "P35_002": 134.803884,
        "P35_003": "兵庫県",
        "P35_004": "朝来市",
        "P35_005": "28225",
        "P35_006": "あさご"
      },
      "geometry": {
        "type": "Point",
        "coordinates": [
          134.803884,
          35.247009
        ]
      }
    },
    {
      "type": "Feature",
      "properties": {
        "P35_001": 35.1079584,
        "P35_002": 134.4418745,
        "P35_003": "兵庫県",
        "P35_004": "宍粟市",
        "P35_005": "28227",
        "P35_006": "ちくさ"
      },
      "geometry": {
        "type": "Point",
        "coordinates": [
          134.4418745,
          35.1079584
        ]
      }
    },
    {
      "type": "Feature",
      "properties": {
        "P35_001": 35.4989999,
        "P35_002": 134.6750817,
        "P35_003": "兵庫県",
        "P35_004": "豊岡市",
        "P35_005": "28209",
        "P35_006": "神鍋高原"
      },
      "geometry": {
        "type": "Point",
        "coordinates": [
          134.6750817,
          35.4989999
        ]
      }
    },
    {
      "type": "Feature",
      "properties": {
        "P35_001": 35.4618426,
        "P35_002": 134.6029025,
        "P35_003": "兵庫県",
        "P35_004": "美方郡香美町",
        "P35_005": "28585",
        "P35_006": "村岡ファームガーデン"
      },
      "geometry": {
        "type": "Point",
        "coordinates": [
          134.6029025,
          35.4618426
        ]
      }
    },
    {
      "type": "Feature",
      "properties": {
        "P35_001": 35.3824214,
        "P35_002": 134.8159142,
        "P35_003": "兵庫県",
        "P35_004": "養父市",
        "P35_005": "28222",
        "P35_006": "やぶ"
      },
      "geometry": {
        "type": "Point",
        "coordinates": [
          134.8159142,
          35.3824214
        ]
      }
    },
    {
      "type": "Feature",
      "properties": {
        "P35_001": 35.3793183,
        "P35_002": 134.7839118,
        "P35_003": "兵庫県",
        "P35_004": "養父市",
        "P35_005": "28222",
        "P35_006": "但馬楽座"
      },
      "geometry": {
        "type": "Point",
        "coordinates": [
          134.7839118,
          35.3793183
        ]
      }
    },
    {
      "type": "Feature",
      "properties": {
        "P35_001": 35.1483048,
        "P35_002": 134.5398216,
        "P35_003": "兵庫県",
        "P35_004": "宍粟市",
        "P35_005": "28227",
        "P35_006": "みなみ波賀"
      },
      "geometry": {
        "type": "Point",
        "coordinates": [
          134.5398216,
          35.1483048
        ]
      }
    },
    {
      "type": "Feature",
      "properties": {
        "P35_001": 34.9221217,
        "P35_002": 134.5370837,
        "P35_003": "兵庫県",
        "P35_004": "たつの市",
        "P35_005": "28229",
        "P35_006": "しんぐう"
      },
      "geometry": {
        "type": "Point",
        "coordinates": [
          134.5370837,
          34.9221217
        ]
      }
    },
    {
      "type": "Feature",
      "properties": {
        "P35_001": 35.1889597,
        "P35_002": 134.930123,
        "P35_003": "兵庫県",
        "P35_004": "多可郡多可町",
        "P35_005": "28365",
        "P35_006": "杉原紙の里・多可"
      },
      "geometry": {
        "type": "Point",
        "coordinates": [
          134.930123,
          35.1889597
        ]
      }
    },
    {
      "type": "Feature",
      "properties": {
        "P35_001": 35.241267,
        "P35_002": 135.0098438,
        "P35_003": "兵庫県",
        "P35_004": "丹波市",
        "P35_005": "28223",
        "P35_006": "あおがき"
      },
      "geometry": {
        "type": "Point",
        "coordinates": [
          135.0098438,
          35.241267
        ]
      }
    },
    {
      "type": "Feature",
      "properties": {
        "P35_001": 35.411442,
        "P35_002": 134.5998095,
        "P35_003": "兵庫県",
        "P35_004": "美方郡香美町",
        "P35_005": "28585",
        "P35_006": "ハチ北"
      },
      "geometry": {
        "type": "Point",
        "coordinates": [
          134.5998095,
          35.411442
        ]
      }
    },
    {
      "type": "Feature",
      "properties": {
        "P35_001": 34.6013544,
        "P35_002": 135.0094203,
        "P35_003": "兵庫県",
        "P35_004": "淡路市",
        "P35_005": "28226",
        "P35_006": "あわじ"
      },
      "geometry": {
        "type": "Point",
        "coordinates": [
          135.0094203,
          34.6013544
        ]
      }
    },
    {
      "type": "Feature",
      "properties": {
        "P35_001": 34.7873424932,
        "P35_002": 134.977205271,
        "P35_003": "兵庫県",
        "P35_004": "三木市",
        "P35_005": "28215",
        "P35_006": "みき"
      },
      "geometry": {
        "type": "Point",
        "coordinates": [
          134.977205271411,
          34.7873424932336
        ]
      }
    },
    {
      "type": "Feature",
      "properties": {
        "P35_001": 34.2420275,
        "P35_002": 134.6597796,
        "P35_003": "兵庫県",
        "P35_004": "南あわじ市",
        "P35_005": "28224",
        "P35_006": "うずしお"
      },
      "geometry": {
        "type": "Point",
        "coordinates": [
          134.6597796,
          34.2420275
        ]
      }
    },
    {
      "type": "Feature",
      "properties": {
        "P35_001": 35.0885182,
        "P35_002": 134.5882082,
        "P35_003": "兵庫県",
        "P35_004": "宍粟市",
        "P35_005": "28227",
        "P35_006": "播磨いちのみや"
      },
      "geometry": {
        "type": "Point",
        "coordinates": [
          134.5882082,
          35.0885182
        ]
      }
    },
    {
      "type": "Feature",
      "properties": {
        "P35_001": 35.2126699,
        "P35_002": 134.7945519,
        "P35_003": "兵庫県",
        "P35_004": "朝来市",
        "P35_005": "28225",
        "P35_006": "フレッシュあさご"
      },
      "geometry": {
        "type": "Point",
        "coordinates": [
          134.7945519,
          35.2126699
        ]
      }
    },
    {
      "type": "Feature",
      "properties": {
        "P35_001": 35.0447889,
        "P35_002": 134.3694431,
        "P35_003": "兵庫県",
        "P35_004": "佐用郡佐用町",
        "P35_005": "28501",
        "P35_006": "宿場町ひらふく"
      },
      "geometry": {
        "type": "Point",
        "coordinates": [
          134.3694431,
          35.0447889
        ]
      }
    },
    {
      "type": "Feature",
      "properties": {
        "P35_001": 35.5565686,
        "P35_002": 134.5706767,
        "P35_003": "兵庫県",
        "P35_004": "美方郡香美町",
        "P35_005": "28585",
        "P35_006": "あゆの里矢田川"
      },
      "geometry": {
        "type": "Point",
        "coordinates": [
          134.5706767,
          35.5565686
        ]
      }
    },
    {
      "type": "Feature",
      "properties": {
        "P35_001": 34.8940786,
        "P35_002": 135.0756464,
        "P35_003": "兵庫県",
        "P35_004": "加東市",
        "P35_005": "28228",
        "P35_006": "とうじょう"
      },
      "geometry": {
        "type": "Point",
        "coordinates": [
          135.0756464,
          34.8940786
        ]
      }
    },
    {
      "type": "Feature",
      "properties": {
        "P35_001": 34.9193434,
        "P35_002": 135.3517588,
        "P35_003": "兵庫県",
        "P35_004": "川辺郡猪名川町",
        "P35_005": "28301",
        "P35_006": "いながわ"
      },
      "geometry": {
        "type": "Point",
        "coordinates": [
          135.3517588,
          34.9193434
        ]
      }
    },
    {
      "type": "Feature",
      "properties": {
        "P35_001": 34.5374471,
        "P35_002": 134.9923784,
        "P35_003": "兵庫県",
        "P35_004": "淡路市",
        "P35_005": "28226",
        "P35_006": "東浦ターミナルパーク"
      },
      "geometry": {
        "type": "Point",
        "coordinates": [
          134.9923784,
          34.5374471
        ]
      }
    },
    {
      "type": "Feature",
      "properties": {
        "P35_001": 35.007794,
        "P35_002": 134.987129,
        "P35_003": "兵庫県",
        "P35_004": "西脇市",
        "P35_005": "28213",
        "P35_006": "北はりまエコミュージアム"
      },
      "geometry": {
        "type": "Point",
        "coordinates": [
          134.987129,
          35.007794
        ]
      }
    },
    {
      "type": "Feature",
      "properties": {
        "P35_001": 34.804286,
        "P35_002": 134.461841,
        "P35_003": "兵庫県",
        "P35_004": "相生市",
        "P35_005": "28208",
        "P35_006": "あいおい白龍城"
      },
      "geometry": {
        "type": "Point",
        "coordinates": [
          134.461841,
          34.804286
        ]
      }
    },
    {
      "type": "Feature",
      "properties": {
        "P35_001": 34.813904,
        "P35_002": 135.097418,
        "P35_003": "兵庫県",
        "P35_004": "神戸市",
        "P35_005": "28100",
        "P35_006": "淡河"
      },
      "geometry": {
        "type": "Point",
        "coordinates": [
          135.097418,
          34.813904
        ]
      }
    },
    {
      "type": "Feature",
      "properties": {
        "P35_001": 35.1663913,
        "P35_002": 135.1167249,
        "P35_003": "兵庫県",
        "P35_004": "丹波市",
        "P35_005": "28223",
        "P35_006": "丹波おばあちゃんの里"
      },
      "geometry": {
        "type": "Point",
        "coordinates": [
          135.1167249,
          35.1663913
        ]
      }
    },
    {
      "type": "Feature",
      "properties": {
        "P35_001": 35.3113027,
        "P35_002": 134.8701078,
        "P35_003": "兵庫県",
        "P35_004": "朝来市",
        "P35_005": "28225",
        "P35_006": "但馬のまほろば"
      },
      "geometry": {
        "type": "Point",
        "coordinates": [
          134.8701078,
          35.3113027
        ]
      }
    },
    {
      "type": "Feature",
      "properties": {
        "P35_001": 35.393994,
        "P35_002": 134.742487,
        "P35_003": "兵庫県",
        "P35_004": "養父市",
        "P35_005": "28222",
        "P35_006": "ようか但馬蔵"
      },
      "geometry": {
        "type": "Point",
        "coordinates": [
          134.742487,
          35.393994
        ]
      }
    },
    {
      "type": "Feature",
      "properties": {
        "P35_001": 34.7798988,
        "P35_002": 134.5232452,
        "P35_003": "兵庫県",
        "P35_004": "たつの市",
        "P35_005": "28229",
        "P35_006": "みつ"
      },
      "geometry": {
        "type": "Point",
        "coordinates": [
          134.5232452,
          34.7798988
        ]
      }
    },
    {
      "type": "Feature",
      "properties": {
        "P35_001": 35.6491191,
        "P35_002": 134.5601201,
        "P35_003": "兵庫県",
        "P35_004": "美方郡香美町",
        "P35_005": "28585",
        "P35_006": "あまるべ"
      },
      "geometry": {
        "type": "Point",
        "coordinates": [
          134.5601201,
          35.6491191
        ]
      }
    },
    {
      "type": "Feature",
      "properties": {
        "P35_001": 34.25564,
        "P35_002": 134.719256,
        "P35_003": "兵庫県",
        "P35_004": "南あわじ市",
        "P35_005": "28224",
        "P35_006": "福良"
      },
      "geometry": {
        "type": "Point",
        "coordinates": [
          134.719256,
          34.25564
        ]
      }
    },
    {
      "type": "Feature",
      "properties": {
        "P35_001": 35.0590116,
        "P35_002": 134.9187617,
        "P35_003": "兵庫県",
        "P35_004": "多可郡多可町",
        "P35_005": "28365",
        "P35_006": "山田錦発祥のまち・多可"
      },
      "geometry": {
        "type": "Point",
        "coordinates": [
          134.9187617,
          35.0590116
        ]
      }
    },
    {
      "type": "Feature",
      "properties": {
        "P35_001": 34.850249,
        "P35_002": 135.190522,
        "P35_003": "兵庫県",
        "P35_004": "神戸市",
        "P35_005": "28100",
        "P35_006": "神戸フルーツ・フラワーパーク 大沢"
      },
      "geometry": {
        "type": "Point",
        "coordinates": [
          135.190522,
          34.850249
        ]
      }
    },
    {
      "type": "Feature",
      "properties": {
        "P35_001": 35.610649,
        "P35_002": 134.469807,
        "P35_003": "兵庫県",
        "P35_004": "美方郡新温泉町",
        "P35_005": "28586",
        "P35_006": "山陰海岸ジオパーク浜坂の郷"
      },
      "geometry": {
        "type": "Point",
        "coordinates": [
          134.469807,
          35.610649
        ]
      }
    },
    {
      "type": "Feature",
      "properties": {
        "P35_001": 35.091049,
        "P35_002": 134.77821,
        "P35_003": "兵庫県",
        "P35_004": "神崎郡神河町",
        "P35_005": "28446",
        "P35_006": "銀の馬車道・神河"
      },
      "geometry": {
        "type": "Point",
        "coordinates": [
          134.77821,
          35.091049
        ]
      }
    },
    {
      "type": "Feature",
      "properties": {
        "P35_001": 34.2142491,
        "P35_002": 135.7329027,
        "P35_003": "奈良県",
        "P35_004": "五條市",
        "P35_005": "29207",
        "P35_006": "吉野路 大塔"
      },
      "geometry": {
        "type": "Point",
        "coordinates": [
          135.7329027,
          34.2142491
        ]
      }
    },
    {
      "type": "Feature",
      "properties": {
        "P35_001": 34.139756,
        "P35_002": 136.000117,
        "P35_003": "奈良県",
        "P35_004": "吉野郡上北山村",
        "P35_005": "29451",
        "P35_006": "吉野路 上北山"
      },
      "geometry": {
        "type": "Point",
        "coordinates": [
          136.000117,
          34.139756
        ]
      }
    },
    {
      "type": "Feature",
      "properties": {
        "P35_001": 34.3370408,
        "P35_002": 135.9548858,
        "P35_003": "奈良県",
        "P35_004": "吉野郡川上村",
        "P35_005": "29452",
        "P35_006": "杉の湯 川上"
      },
      "geometry": {
        "type": "Point",
        "coordinates": [
          135.9548858,
          34.3370408
        ]
      }
    },
    {
      "type": "Feature",
      "properties": {
        "P35_001": 34.3059869,
        "P35_002": 135.8228857,
        "P35_003": "奈良県",
        "P35_004": "吉野郡黒滝村",
        "P35_005": "29444",
        "P35_006": "吉野路 黒滝"
      },
      "geometry": {
        "type": "Point",
        "coordinates": [
          135.8228857,
          34.3059869
        ]
      }
    },
    {
      "type": "Feature",
      "properties": {
        "P35_001": 34.5265079,
        "P35_002": 135.6932765,
        "P35_003": "奈良県",
        "P35_004": "葛城市",
        "P35_005": "29211",
        "P35_006": "ふたかみパーク當麻"
      },
      "geometry": {
        "type": "Point",
        "coordinates": [
          135.6932765,
          34.5265079
        ]
      }
    },
    {
      "type": "Feature",
      "properties": {
        "P35_001": 34.4760734,
        "P35_002": 135.9321879,
        "P35_003": "奈良県",
        "P35_004": "宇陀市",
        "P35_005": "29212",
        "P35_006": "宇陀路大宇陀"
      },
      "geometry": {
        "type": "Point",
        "coordinates": [
          135.9321879,
          34.4760734
        ]
      }
    },
    {
      "type": "Feature",
      "properties": {
        "P35_001": 33.9882842,
        "P35_002": 135.7931678,
        "P35_003": "奈良県",
        "P35_004": "吉野郡十津川村",
        "P35_005": "29449",
        "P35_006": "十津川郷"
      },
      "geometry": {
        "type": "Point",
        "coordinates": [
          135.7931678,
          33.9882842
        ]
      }
    },
    {
      "type": "Feature",
      "properties": {
        "P35_001": 34.5765439,
        "P35_002": 136.0342371,
        "P35_003": "奈良県",
        "P35_004": "宇陀市",
        "P35_005": "29212",
        "P35_006": "宇陀路室生"
      },
      "geometry": {
        "type": "Point",
        "coordinates": [
          136.0342371,
          34.5765439
        ]
      }
    },
    {
      "type": "Feature",
      "properties": {
        "P35_001": 34.610429,
        "P35_002": 135.963208,
        "P35_003": "奈良県",
        "P35_004": "奈良市",
        "P35_005": "29201",
        "P35_006": "針Ｔ・Ｒ・Ｓ"
      },
      "geometry": {
        "type": "Point",
        "coordinates": [
          135.963208,
          34.610429
        ]
      }
    },
    {
      "type": "Feature",
      "properties": {
        "P35_001": 34.6235384,
        "P35_002": 135.7062481,
        "P35_003": "奈良県",
        "P35_004": "生駒郡平群町",
        "P35_005": "29342",
        "P35_006": "大和路へぐり"
      },
      "geometry": {
        "type": "Point",
        "coordinates": [
          135.7062481,
          34.6235384
        ]
      }
    },
    {
      "type": "Feature",
      "properties": {
        "P35_001": 34.4122094,
        "P35_002": 135.7969172,
        "P35_003": "奈良県",
        "P35_004": "吉野郡大淀町",
        "P35_005": "29442",
        "P35_006": "吉野路 大淀ｉセンター"
      },
      "geometry": {
        "type": "Point",
        "coordinates": [
          135.7969172,
          34.4122094
        ]
      }
    },
    {
      "type": "Feature",
      "properties": {
        "P35_001": 34.5154032,
        "P35_002": 136.2000809,
        "P35_003": "奈良県",
        "P35_004": "宇陀郡御杖村",
        "P35_005": "29386",
        "P35_006": "伊勢本街道 御杖"
      },
      "geometry": {
        "type": "Point",
        "coordinates": [
          136.2000809,
          34.5154032
        ]
      }
    },
    {
      "type": "Feature",
      "properties": {
        "P35_001": 34.495401,
        "P35_002": 135.704788,
        "P35_003": "奈良県",
        "P35_004": "葛城市",
        "P35_005": "29211",
        "P35_006": "かつらぎ"
      },
      "geometry": {
        "type": "Point",
        "coordinates": [
          135.704788,
          34.495401
        ]
      }
    },
    {
      "type": "Feature",
      "properties": {
        "P35_001": 34.571407,
        "P35_002": 135.797418,
        "P35_003": "奈良県",
        "P35_004": "磯城郡田原本町",
        "P35_005": "29363",
        "P35_006": "レスティ 唐古・鍵"
      },
      "geometry": {
        "type": "Point",
        "coordinates": [
          135.797418,
          34.571407
        ]
      }
    },
    {
      "type": "Feature",
      "properties": {
        "P35_001": 34.0882447,
        "P35_002": 135.4432703,
        "P35_003": "和歌山県",
        "P35_004": "有田郡有田川町",
        "P35_005": "30366",
        "P35_006": "しみず"
      },
      "geometry": {
        "type": "Point",
        "coordinates": [
          135.4432703,
          34.0882447
        ]
      }
    },
    {
      "type": "Feature",
      "properties": {
        "P35_001": 33.950318,
        "P35_002": 135.2633365,
        "P35_003": "和歌山県",
        "P35_004": "日高郡日高川町",
        "P35_005": "30392",
        "P35_006": "San Pin 中津"
      },
      "geometry": {
        "type": "Point",
        "coordinates": [
          135.2633365,
          33.950318
        ]
      }
    },
    {
      "type": "Feature",
      "properties": {
        "P35_001": 33.7427886,
        "P35_002": 135.5018536,
        "P35_003": "和歌山県",
        "P35_004": "田辺市",
        "P35_005": "30206",
        "P35_006": "ふるさとセンター大塔"
      },
      "geometry": {
        "type": "Point",
        "coordinates": [
          135.5018536,
          33.7427886
        ]
      }
    },
    {
      "type": "Feature",
      "properties": {
        "P35_001": 33.9654598,
        "P35_002": 135.5648354,
        "P35_003": "和歌山県",
        "P35_004": "田辺市",
        "P35_005": "30206",
        "P35_006": "龍神"
      },
      "geometry": {
        "type": "Point",
        "coordinates": [
          135.5648354,
          33.9654598
        ]
      }
    },
    {
      "type": "Feature",
      "properties": {
        "P35_001": 33.519882,
        "P35_002": 135.545723,
        "P35_003": "和歌山県",
        "P35_004": "西牟婁郡すさみ町",
        "P35_005": "30406",
        "P35_006": "イノブータンランド・すさみ"
      },
      "geometry": {
        "type": "Point",
        "coordinates": [
          135.545723,
          33.519882
        ]
      }
    },
    {
      "type": "Feature",
      "properties": {
        "P35_001": 33.5704506,
        "P35_002": 135.4314215,
        "P35_003": "和歌山県",
        "P35_004": "西牟婁郡白浜町",
        "P35_005": "30401",
        "P35_006": "志原海岸"
      },
      "geometry": {
        "type": "Point",
        "coordinates": [
          135.4314215,
          33.5704506
        ]
      }
    },
    {
      "type": "Feature",
      "properties": {
        "P35_001": 33.8120801,
        "P35_002": 135.5949713,
        "P35_003": "和歌山県",
        "P35_004": "田辺市",
        "P35_005": "30206",
        "P35_006": "熊野古道中辺路"
      },
      "geometry": {
        "type": "Point",
        "coordinates": [
          135.5949713,
          33.8120801
        ]
      }
    },
    {
      "type": "Feature",
      "properties": {
        "P35_001": 34.0150722,
        "P35_002": 135.3344646,
        "P35_003": "和歌山県",
        "P35_004": "有田郡有田川町",
        "P35_005": "30366",
        "P35_006": "しらまの里"
      },
      "geometry": {
        "type": "Point",
        "coordinates": [
          135.3344646,
          34.0150722
        ]
      }
    },
    {
      "type": "Feature",
      "properties": {
        "P35_001": 33.7906972,
        "P35_002": 135.3270776,
        "P35_003": "和歌山県",
        "P35_004": "日高郡みなべ町",
        "P35_005": "30391",
        "P35_006": "みなべうめ振興館"
      },
      "geometry": {
        "type": "Point",
        "coordinates": [
          135.3270776,
          33.7906972
        ]
      }
    },
    {
      "type": "Feature",
      "properties": {
        "P35_001": 33.803251,
        "P35_002": 135.427282,
        "P35_003": "和歌山県",
        "P35_004": "田辺市",
        "P35_005": "30206",
        "P35_006": "紀州備長炭記念公園"
      },
      "geometry": {
        "type": "Point",
        "coordinates": [
          135.427282,
          33.803251
        ]
      }
    },
    {
      "type": "Feature",
      "properties": {
        "P35_001": 33.791406,
        "P35_002": 135.897097,
        "P35_003": "和歌山県",
        "P35_004": "新宮市",
        "P35_005": "30207",
        "P35_006": "瀞峡街道熊野川"
      },
      "geometry": {
        "type": "Point",
        "coordinates": [
          135.897097,
          33.791406
        ]
      }
    },
    {
      "type": "Feature",
      "properties": {
        "P35_001": 34.28451,
        "P35_002": 135.464531,
        "P35_003": "和歌山県",
        "P35_004": "伊都郡かつらぎ町",
        "P35_005": "30341",
        "P35_006": "紀の川万葉の里"
      },
      "geometry": {
        "type": "Point",
        "coordinates": [
          135.464531,
          34.28451
        ]
      }
    },
    {
      "type": "Feature",
      "properties": {
        "P35_001": 33.8652408,
        "P35_002": 135.761985,
        "P35_003": "和歌山県",
        "P35_004": "田辺市",
        "P35_005": "30206",
        "P35_006": "奥熊野古道ほんぐう"
      },
      "geometry": {
        "type": "Point",
        "coordinates": [
          135.761985,
          33.8652408
        ]
      }
    },
    {
      "type": "Feature",
      "properties": {
        "P35_001": 33.939828,
        "P35_002": 135.946428,
        "P35_003": "和歌山県",
        "P35_004": "東牟婁郡北山村",
        "P35_005": "30427",
        "P35_006": "おくとろ"
      },
      "geometry": {
        "type": "Point",
        "coordinates": [
          135.946428,
          33.939828
        ]
      }
    },
    {
      "type": "Feature",
      "properties": {
        "P35_001": 33.895542,
        "P35_002": 135.4393106,
        "P35_003": "和歌山県",
        "P35_004": "田辺市",
        "P35_005": "30206",
        "P35_006": "水の郷日高川 龍游"
      },
      "geometry": {
        "type": "Point",
        "coordinates": [
          135.4393106,
          33.895542
        ]
      }
    },
    {
      "type": "Feature",
      "properties": {
        "P35_001": 34.0540787,
        "P35_002": 135.2628951,
        "P35_003": "和歌山県",
        "P35_004": "有田郡有田川町",
        "P35_005": "30366",
        "P35_006": "明恵ふるさと館"
      },
      "geometry": {
        "type": "Point",
        "coordinates": [
          135.2628951,
          34.0540787
        ]
      }
    },
    {
      "type": "Feature",
      "properties": {
        "P35_001": 34.3118642,
        "P35_002": 135.3069985,
        "P35_003": "和歌山県",
        "P35_004": "岩出市",
        "P35_005": "30209",
        "P35_006": "根来さくらの里"
      },
      "geometry": {
        "type": "Point",
        "coordinates": [
          135.3069985,
          34.3118642
        ]
      }
    },
    {
      "type": "Feature",
      "properties": {
        "P35_001": 34.0930462,
        "P35_002": 135.4128144,
        "P35_003": "和歌山県",
        "P35_004": "有田郡有田川町",
        "P35_005": "30366",
        "P35_006": "あらぎの里"
      },
      "geometry": {
        "type": "Point",
        "coordinates": [
          135.4128144,
          34.0930462
        ]
      }
    },
    {
      "type": "Feature",
      "properties": {
        "P35_001": 33.5459472,
        "P35_002": 135.7201178,
        "P35_003": "和歌山県",
        "P35_004": "東牟婁郡古座川町",
        "P35_005": "30424",
        "P35_006": "一枚岩"
      },
      "geometry": {
        "type": "Point",
        "coordinates": [
          135.7201178,
          33.5459472
        ]
      }
    },
    {
      "type": "Feature",
      "properties": {
        "P35_001": 33.9773454,
        "P35_002": 135.0697275,
        "P35_003": "和歌山県",
        "P35_004": "日高郡由良町",
        "P35_005": "30383",
        "P35_006": "白崎海洋公園"
      },
      "geometry": {
        "type": "Point",
        "coordinates": [
          135.0697275,
          33.9773454
        ]
      }
    },
    {
      "type": "Feature",
      "properties": {
        "P35_001": 33.6032763,
        "P35_002": 135.3917584,
        "P35_003": "和歌山県",
        "P35_004": "西牟婁郡白浜町",
        "P35_005": "30401",
        "P35_006": "椿はなの湯"
      },
      "geometry": {
        "type": "Point",
        "coordinates": [
          135.3917584,
          33.6032763
        ]
      }
    },
    {
      "type": "Feature",
      "properties": {
        "P35_001": 33.6443666,
        "P35_002": 135.9366721,
        "P35_003": "和歌山県",
        "P35_004": "東牟婁郡那智勝浦町",
        "P35_005": "30421",
        "P35_006": "なち"
      },
      "geometry": {
        "type": "Point",
        "coordinates": [
          135.9366721,
          33.6443666
        ]
      }
    },
    {
      "type": "Feature",
      "properties": {
        "P35_001": 33.601578,
        "P35_002": 135.765646,
        "P35_003": "和歌山県",
        "P35_004": "東牟婁郡古座川町",
        "P35_005": "30424",
        "P35_006": "瀧之拝太郎"
      },
      "geometry": {
        "type": "Point",
        "coordinates": [
          135.765646,
          33.601578
        ]
      }
    },
    {
      "type": "Feature",
      "properties": {
        "P35_001": 34.0611272,
        "P35_002": 135.5643407,
        "P35_003": "和歌山県",
        "P35_004": "田辺市",
        "P35_005": "30206",
        "P35_006": "田辺市龍神ごまさんスカイタワー"
      },
      "geometry": {
        "type": "Point",
        "coordinates": [
          135.5643407,
          34.0611272
        ]
      }
    },
    {
      "type": "Feature",
      "properties": {
        "P35_001": 33.488152,
        "P35_002": 135.7944057,
        "P35_003": "和歌山県",
        "P35_004": "東牟婁郡串本町",
        "P35_005": "30428",
        "P35_006": "くしもと橋杭岩"
      },
      "geometry": {
        "type": "Point",
        "coordinates": [
          135.7944057,
          33.488152
        ]
      }
    },
    {
      "type": "Feature",
      "properties": {
        "P35_001": 34.2932,
        "P35_002": 135.555557,
        "P35_003": "和歌山県",
        "P35_004": "伊都郡九度山町",
        "P35_005": "30343",
        "P35_006": "柿の郷くどやま"
      },
      "geometry": {
        "type": "Point",
        "coordinates": [
          135.555557,
          34.2932
        ]
      }
    },
    {
      "type": "Feature",
      "properties": {
        "P35_001": 33.539756,
        "P35_002": 135.826121,
        "P35_003": "和歌山県",
        "P35_004": "東牟婁郡古座川町",
        "P35_005": "30424",
        "P35_006": "虫喰岩"
      },
      "geometry": {
        "type": "Point",
        "coordinates": [
          135.826121,
          33.539756
        ]
      }
    },
    {
      "type": "Feature",
      "properties": {
        "P35_001": 33.69142499,
        "P35_002": 135.4145694,
        "P35_003": "和歌山県",
        "P35_004": "西牟婁郡上富田町",
        "P35_005": "30404",
        "P35_006": "くちくまの"
      },
      "geometry": {
        "type": "Point",
        "coordinates": [
          135.4145694,
          33.69142499
        ]
      }
    },
    {
      "type": "Feature",
      "properties": {
        "P35_001": 33.50583784,
        "P35_002": 135.599887,
        "P35_003": "和歌山県",
        "P35_004": "西牟婁郡すさみ町",
        "P35_005": "30406",
        "P35_006": "すさみ"
      },
      "geometry": {
        "type": "Point",
        "coordinates": [
          135.599887,
          33.50583784
        ]
      }
    },
    {
      "type": "Feature",
      "properties": {
        "P35_001": 34.2977409,
        "P35_002": 135.4738277,
        "P35_003": "和歌山県",
        "P35_004": "伊都郡かつらぎ町",
        "P35_005": "30341",
        "P35_006": "かつらぎ西"
      },
      "geometry": {
        "type": "Point",
        "coordinates": [
          135.4738277,
          34.2977409
        ]
      }
    },
    {
      "type": "Feature",
      "properties": {
        "P35_001": 33.5923615,
        "P35_002": 135.9337127,
        "P35_003": "和歌山県",
        "P35_004": "東牟婁郡太地町",
        "P35_005": "30422",
        "P35_006": "たいじ"
      },
      "geometry": {
        "type": "Point",
        "coordinates": [
          135.9337127,
          33.5923615
        ]
      }
    },
    {
      "type": "Feature",
      "properties": {
        "P35_001": 34.2807411,
        "P35_002": 135.4417553,
        "P35_003": "和歌山県",
        "P35_004": "紀の川市",
        "P35_005": "30208",
        "P35_006": "青洲の里"
      },
      "geometry": {
        "type": "Point",
        "coordinates": [
          135.4417553,
          34.2807411
        ]
      }
    },
    {
      "type": "Feature",
      "properties": {
        "P35_001": 34.31829,
        "P35_002": 135.477346,
        "P35_003": "和歌山県",
        "P35_004": "伊都郡かつらぎ町",
        "P35_005": "30341",
        "P35_006": "くしがきの里"
      },
      "geometry": {
        "type": "Point",
        "coordinates": [
          135.477346,
          34.31829
        ]
      }
    },
    {
      "type": "Feature",
      "properties": {
        "P35_001": 34.286813,
        "P35_002": 135.311361,
        "P35_003": "和歌山県",
        "P35_004": "岩出市",
        "P35_005": "30209",
        "P35_006": "ねごろ歴史の丘"
      },
      "geometry": {
        "type": "Point",
        "coordinates": [
          135.311361,
          34.286813
        ]
      }
    },
    {
      "type": "Feature",
      "properties": {
        "P35_001": 35.4987404,
        "P35_002": 133.7617796,
        "P35_003": "鳥取県",
        "P35_004": "東伯郡北栄町",
        "P35_005": "31372",
        "P35_006": "大栄"
      },
      "geometry": {
        "type": "Point",
        "coordinates": [
          133.7617796,
          35.4987404
        ]
      }
    },
    {
      "type": "Feature",
      "properties": {
        "P35_001": 35.3663211,
        "P35_002": 133.8503077,
        "P35_003": "鳥取県",
        "P35_004": "東伯郡三朝町",
        "P35_005": "31364",
        "P35_006": "三朝・楽市楽座"
      },
      "geometry": {
        "type": "Point",
        "coordinates": [
          133.8503077,
          35.3663211
        ]
      }
    },
    {
      "type": "Feature",
      "properties": {
        "P35_001": 35.4981997,
        "P35_002": 133.8199605,
        "P35_003": "鳥取県",
        "P35_004": "東伯郡北栄町",
        "P35_005": "31372",
        "P35_006": "北条公園"
      },
      "geometry": {
        "type": "Point",
        "coordinates": [
          133.8199605,
          35.4981997
        ]
      }
    },
    {
      "type": "Feature",
      "properties": {
        "P35_001": 35.507059,
        "P35_002": 133.6624616,
        "P35_003": "鳥取県",
        "P35_004": "東伯郡琴浦町",
        "P35_005": "31371",
        "P35_006": "ポート赤碕"
      },
      "geometry": {
        "type": "Point",
        "coordinates": [
          133.6624616,
          35.507059
        ]
      }
    },
    {
      "type": "Feature",
      "properties": {
        "P35_001": 35.3665335,
        "P35_002": 134.3395629,
        "P35_003": "鳥取県",
        "P35_004": "八頭郡八頭町",
        "P35_005": "31329",
        "P35_006": "はっとう"
      },
      "geometry": {
        "type": "Point",
        "coordinates": [
          134.3395629,
          35.3665335
        ]
      }
    },
    {
      "type": "Feature",
      "properties": {
        "P35_001": 35.3293041,
        "P35_002": 133.7560998,
        "P35_003": "鳥取県",
        "P35_004": "倉吉市",
        "P35_005": "31203",
        "P35_006": "犬挟"
      },
      "geometry": {
        "type": "Point",
        "coordinates": [
          133.7560998,
          35.3293041
        ]
      }
    },
    {
      "type": "Feature",
      "properties": {
        "P35_001": 35.4942979,
        "P35_002": 133.8904755,
        "P35_003": "鳥取県",
        "P35_004": "東伯郡湯梨浜町",
        "P35_005": "31370",
        "P35_006": "はわい"
      },
      "geometry": {
        "type": "Point",
        "coordinates": [
          133.8904755,
          35.4942979
        ]
      }
    },
    {
      "type": "Feature",
      "properties": {
        "P35_001": 35.5255359,
        "P35_002": 134.1143157,
        "P35_003": "鳥取県",
        "P35_004": "鳥取市",
        "P35_005": "31201",
        "P35_006": "神話の里 白うさぎ"
      },
      "geometry": {
        "type": "Point",
        "coordinates": [
          134.1143157,
          35.5255359
        ]
      }
    },
    {
      "type": "Feature",
      "properties": {
        "P35_001": 35.3931217,
        "P35_002": 134.2029535,
        "P35_003": "鳥取県",
        "P35_004": "鳥取市",
        "P35_005": "31201",
        "P35_006": "清流茶屋 かわはら"
      },
      "geometry": {
        "type": "Point",
        "coordinates": [
          134.2029535,
          35.3931217
        ]
      }
    },
    {
      "type": "Feature",
      "properties": {
        "P35_001": 35.343886,
        "P35_002": 134.400272,
        "P35_003": "鳥取県",
        "P35_004": "八頭郡若桜町",
        "P35_005": "31325",
        "P35_006": "若桜"
      },
      "geometry": {
        "type": "Point",
        "coordinates": [
          134.400272,
          35.343886
        ]
      }
    },
    {
      "type": "Feature",
      "properties": {
        "P35_001": 35.5046627,
        "P35_002": 133.5020808,
        "P35_003": "鳥取県",
        "P35_004": "西伯郡大山町",
        "P35_005": "31386",
        "P35_006": "大山恵みの里"
      },
      "geometry": {
        "type": "Point",
        "coordinates": [
          133.5020808,
          35.5046627
        ]
      }
    },
    {
      "type": "Feature",
      "properties": {
        "P35_001": 35.4646909,
        "P35_002": 133.8926402,
        "P35_003": "鳥取県",
        "P35_004": "東伯郡湯梨浜町",
        "P35_005": "31370",
        "P35_006": "燕趙園"
      },
      "geometry": {
        "type": "Point",
        "coordinates": [
          133.8926402,
          35.4646909
        ]
      }
    },
    {
      "type": "Feature",
      "properties": {
        "P35_001": 35.56741079,
        "P35_002": 134.3259855,
        "P35_003": "鳥取県",
        "P35_004": "岩美郡岩美町",
        "P35_005": "31302",
        "P35_006": "きなんせ岩美"
      },
      "geometry": {
        "type": "Point",
        "coordinates": [
          134.3259855,
          35.56741079
        ]
      }
    },
    {
      "type": "Feature",
      "properties": {
        "P35_001": 35.2961102,
        "P35_002": 133.4740758,
        "P35_003": "鳥取県",
        "P35_004": "日野郡江府町",
        "P35_005": "31403",
        "P35_006": "奥大山"
      },
      "geometry": {
        "type": "Point",
        "coordinates": [
          133.4740758,
          35.2961102
        ]
      }
    },
    {
      "type": "Feature",
      "properties": {
        "P35_001": 35.1706825,
        "P35_002": 133.3109329,
        "P35_003": "鳥取県",
        "P35_004": "日野郡日南町",
        "P35_005": "31401",
        "P35_006": "にちなん日野川の郷"
      },
      "geometry": {
        "type": "Point",
        "coordinates": [
          133.3109329,
          35.1706825
        ]
      }
    },
    {
      "type": "Feature",
      "properties": {
        "P35_001": 35.502427,
        "P35_002": 133.6585,
        "P35_003": "鳥取県",
        "P35_004": "東伯郡琴浦町",
        "P35_005": "31371",
        "P35_006": "琴の浦"
      },
      "geometry": {
        "type": "Point",
        "coordinates": [
          133.6585,
          35.502427
        ]
      }
    },
    {
      "type": "Feature",
      "properties": {
        "P35_001": 35.2109317,
        "P35_002": 132.817038,
        "P35_003": "島根県",
        "P35_004": "雲南市",
        "P35_005": "32209",
        "P35_006": "掛合の里"
      },
      "geometry": {
        "type": "Point",
        "coordinates": [
          132.817038,
          35.2109317
        ]
      }
    },
    {
      "type": "Feature",
      "properties": {
        "P35_001": 35.0897856,
        "P35_002": 132.7856173,
        "P35_003": "島根県",
        "P35_004": "飯石郡飯南町",
        "P35_005": "32386",
        "P35_006": "頓原"
      },
      "geometry": {
        "type": "Point",
        "coordinates": [
          132.7856173,
          35.0897856
        ]
      }
    },
    {
      "type": "Feature",
      "properties": {
        "P35_001": 34.8890254,
        "P35_002": 132.0712455,
        "P35_003": "島根県",
        "P35_004": "浜田市",
        "P35_005": "32202",
        "P35_006": "ゆうひパーク浜田"
      },
      "geometry": {
        "type": "Point",
        "coordinates": [
          132.0712455,
          34.8890254
        ]
      }
    },
    {
      "type": "Feature",
      "properties": {
        "P35_001": 34.8203532,
        "P35_002": 131.9768367,
        "P35_003": "島根県",
        "P35_004": "浜田市",
        "P35_005": "32202",
        "P35_006": "ゆうひパーク三隅"
      },
      "geometry": {
        "type": "Point",
        "coordinates": [
          131.9768367,
          34.8203532
        ]
      }
    },
    {
      "type": "Feature",
      "properties": {
        "P35_001": 34.854446,
        "P35_002": 132.51885,
        "P35_003": "島根県",
        "P35_004": "邑智郡邑南町",
        "P35_005": "32449",
        "P35_006": "瑞穂"
      },
      "geometry": {
        "type": "Point",
        "coordinates": [
          132.51885,
          34.854446
        ]
      }
    },
    {
      "type": "Feature",
      "properties": {
        "P35_001": 34.9675792,
        "P35_002": 132.6417383,
        "P35_003": "島根県",
        "P35_004": "邑智郡美郷町",
        "P35_005": "32448",
        "P35_006": "グリーンロード大和"
      },
      "geometry": {
        "type": "Point",
        "coordinates": [
          132.6417383,
          34.9675792
        ]
      }
    },
    {
      "type": "Feature",
      "properties": {
        "P35_001": 35.3892258,
        "P35_002": 132.686398,
        "P35_003": "島根県",
        "P35_004": "出雲市",
        "P35_005": "32203",
        "P35_006": "大社ご縁広場"
      },
      "geometry": {
        "type": "Point",
        "coordinates": [
          132.686398,
          35.3892258
        ]
      }
    },
    {
      "type": "Feature",
      "properties": {
        "P35_001": 34.6877695,
        "P35_002": 132.0221317,
        "P35_003": "島根県",
        "P35_004": "益田市",
        "P35_005": "32204",
        "P35_006": "サンエイト美都"
      },
      "geometry": {
        "type": "Point",
        "coordinates": [
          132.0221317,
          34.6877695
        ]
      }
    },
    {
      "type": "Feature",
      "properties": {
        "P35_001": 35.0959542,
        "P35_002": 133.1278312,
        "P35_003": "島根県",
        "P35_004": "仁多郡奥出雲町",
        "P35_005": "32343",
        "P35_006": "奥出雲おろちループ"
      },
      "geometry": {
        "type": "Point",
        "coordinates": [
          133.1278312,
          35.0959542
        ]
      }
    },
    {
      "type": "Feature",
      "properties": {
        "P35_001": 35.3683383,
        "P35_002": 133.1806139,
        "P35_003": "島根県",
        "P35_004": "安来市",
        "P35_005": "32206",
        "P35_006": "広瀬・富田城"
      },
      "geometry": {
        "type": "Point",
        "coordinates": [
          133.1806139,
          35.3683383
        ]
      }
    },
    {
      "type": "Feature",
      "properties": {
        "P35_001": 34.9990459,
        "P35_002": 132.7138075,
        "P35_003": "島根県",
        "P35_004": "飯石郡飯南町",
        "P35_005": "32386",
        "P35_006": "赤来高原"
      },
      "geometry": {
        "type": "Point",
        "coordinates": [
          132.7138075,
          34.9990459
        ]
      }
    },
    {
      "type": "Feature",
      "properties": {
        "P35_001": 34.4422853,
        "P35_002": 131.8677416,
        "P35_003": "島根県",
        "P35_004": "鹿足郡吉賀町",
        "P35_005": "32505",
        "P35_006": "かきのきむら"
      },
      "geometry": {
        "type": "Point",
        "coordinates": [
          131.8677416,
          34.4422853
        ]
      }
    },
    {
      "type": "Feature",
      "properties": {
        "P35_001": 35.2907257,
        "P35_002": 132.6324284,
        "P35_003": "島根県",
        "P35_004": "出雲市",
        "P35_005": "32203",
        "P35_006": "キララ多伎"
      },
      "geometry": {
        "type": "Point",
        "coordinates": [
          132.6324284,
          35.2907257
        ]
      }
    },
    {
      "type": "Feature",
      "properties": {
        "P35_001": 35.3956721,
        "P35_002": 132.8692971,
        "P35_003": "島根県",
        "P35_004": "出雲市",
        "P35_005": "32203",
        "P35_006": "湯の川"
      },
      "geometry": {
        "type": "Point",
        "coordinates": [
          132.8692971,
          35.3956721
        ]
      }
    },
    {
      "type": "Feature",
      "properties": {
        "P35_001": 34.553541,
        "P35_002": 131.8080661,
        "P35_003": "島根県",
        "P35_004": "鹿足郡津和野町",
        "P35_005": "32501",
        "P35_006": "シルクウェイにちはら"
      },
      "geometry": {
        "type": "Point",
        "coordinates": [
          131.8080661,
          34.553541
        ]
      }
    },
    {
      "type": "Feature",
      "properties": {
        "P35_001": 35.4745447,
        "P35_002": 132.9507238,
        "P35_003": "島根県",
        "P35_004": "松江市",
        "P35_005": "32201",
        "P35_006": "秋鹿なぎさ公園"
      },
      "geometry": {
        "type": "Point",
        "coordinates": [
          132.9507238,
          35.4745447
        ]
      }
    },
    {
      "type": "Feature",
      "properties": {
        "P35_001": 34.4501785,
        "P35_002": 131.760771,
        "P35_003": "島根県",
        "P35_004": "鹿足郡津和野町",
        "P35_005": "32501",
        "P35_006": "津和野温泉なごみの里"
      },
      "geometry": {
        "type": "Point",
        "coordinates": [
          131.760771,
          34.4501785
        ]
      }
    },
    {
      "type": "Feature",
      "properties": {
        "P35_001": 35.318905,
        "P35_002": 132.912142,
        "P35_003": "島根県",
        "P35_004": "雲南市",
        "P35_005": "32209",
        "P35_006": "さくらの里きすき"
      },
      "geometry": {
        "type": "Point",
        "coordinates": [
          132.912142,
          35.318905
        ]
      }
    },
    {
      "type": "Feature",
      "properties": {
        "P35_001": 35.518244,
        "P35_002": 133.1365866,
        "P35_003": "島根県",
        "P35_004": "松江市",
        "P35_005": "32201",
        "P35_006": "本庄"
      },
      "geometry": {
        "type": "Point",
        "coordinates": [
          133.1365866,
          35.518244
        ]
      }
    },
    {
      "type": "Feature",
      "properties": {
        "P35_001": 34.6434408363,
        "P35_002": 132.091414708,
        "P35_003": "島根県",
        "P35_004": "益田市",
        "P35_005": "32204",
        "P35_006": "匹見峡"
      },
      "geometry": {
        "type": "Point",
        "coordinates": [
          132.091414707934,
          34.6434408362994
        ]
      }
    },
    {
      "type": "Feature",
      "properties": {
        "P35_001": 35.2272046,
        "P35_002": 133.0867723,
        "P35_003": "島根県",
        "P35_004": "仁多郡奥出雲町",
        "P35_005": "32343",
        "P35_006": "酒蔵奥出雲交流館"
      },
      "geometry": {
        "type": "Point",
        "coordinates": [
          133.0867723,
          35.2272046
        ]
      }
    },
    {
      "type": "Feature",
      "properties": {
        "P35_001": 34.9660004,
        "P35_002": 132.4729896,
        "P35_003": "島根県",
        "P35_004": "邑智郡川本町",
        "P35_005": "32441",
        "P35_006": "インフォメーションセンターかわもと"
      },
      "geometry": {
        "type": "Point",
        "coordinates": [
          132.4729896,
          34.9660004
        ]
      }
    },
    {
      "type": "Feature",
      "properties": {
        "P35_001": 34.3529102,
        "P35_002": 131.9438432,
        "P35_003": "島根県",
        "P35_004": "鹿足郡吉賀町",
        "P35_005": "32505",
        "P35_006": "むいかいち温泉"
      },
      "geometry": {
        "type": "Point",
        "coordinates": [
          131.9438432,
          34.3529102
        ]
      }
    },
    {
      "type": "Feature",
      "properties": {
        "P35_001": 35.2220534,
        "P35_002": 132.5140109,
        "P35_003": "島根県",
        "P35_004": "大田市",
        "P35_005": "32205",
        "P35_006": "ロード銀山"
      },
      "geometry": {
        "type": "Point",
        "coordinates": [
          132.5140109,
          35.2220534
        ]
      }
    },
    {
      "type": "Feature",
      "properties": {
        "P35_001": 35.0451252,
        "P35_002": 132.29894,
        "P35_003": "島根県",
        "P35_004": "江津市",
        "P35_005": "32207",
        "P35_006": "サンピコごうつ"
      },
      "geometry": {
        "type": "Point",
        "coordinates": [
          132.29894,
          35.0451252
        ]
      }
    },
    {
      "type": "Feature",
      "properties": {
        "P35_001": 35.2203028,
        "P35_002": 132.9620748,
        "P35_003": "島根県",
        "P35_004": "雲南市",
        "P35_005": "32209",
        "P35_006": "おろちの里"
      },
      "geometry": {
        "type": "Point",
        "coordinates": [
          132.9620748,
          35.2203028
        ]
      }
    },
    {
      "type": "Feature",
      "properties": {
        "P35_001": 35.4095485,
        "P35_002": 133.3124056,
        "P35_003": "島根県",
        "P35_004": "安来市",
        "P35_005": "32206",
        "P35_006": "あらエッサ"
      },
      "geometry": {
        "type": "Point",
        "coordinates": [
          133.3124056,
          35.4095485
        ]
      }
    },
    {
      "type": "Feature",
      "properties": {
        "P35_001": 35.167018,
        "P35_002": 132.8302795,
        "P35_003": "島根県",
        "P35_004": "雲南市",
        "P35_005": "32209",
        "P35_006": "たたらば壱番地"
      },
      "geometry": {
        "type": "Point",
        "coordinates": [
          132.8302795,
          35.167018
        ]
      }
    },
    {
      "type": "Feature",
      "properties": {
        "P35_001": 34.8922864,
        "P35_002": 133.8139708,
        "P35_003": "岡山県",
        "P35_004": "加賀郡吉備中央町",
        "P35_005": "33681",
        "P35_006": "かもがわ円城"
      },
      "geometry": {
        "type": "Point",
        "coordinates": [
          133.8139708,
          34.8922864
        ]
      }
    },
    {
      "type": "Feature",
      "properties": {
        "P35_001": 35.175467,
        "P35_002": 133.571876,
        "P35_003": "岡山県",
        "P35_004": "真庭郡新庄村",
        "P35_005": "33586",
        "P35_006": "メルヘンの里新庄"
      },
      "geometry": {
        "type": "Point",
        "coordinates": [
          133.571876,
          35.175467
        ]
      }
    },
    {
      "type": "Feature",
      "properties": {
        "P35_001": 35.1801962,
        "P35_002": 134.3352197,
        "P35_003": "岡山県",
        "P35_004": "英田郡西粟倉村",
        "P35_005": "33643",
        "P35_006": "あわくらんど"
      },
      "geometry": {
        "type": "Point",
        "coordinates": [
          134.3352197,
          35.1801962
        ]
      }
    },
    {
      "type": "Feature",
      "properties": {
        "P35_001": 34.91226658,
        "P35_002": 133.947028,
        "P35_003": "岡山県",
        "P35_004": "久米郡久米南町",
        "P35_005": "33663",
        "P35_006": "くめなん"
      },
      "geometry": {
        "type": "Point",
        "coordinates": [
          133.947028,
          34.91226658
        ]
      }
    },
    {
      "type": "Feature",
      "properties": {
        "P35_001": 34.520201,
        "P35_002": 133.926904,
        "P35_003": "岡山県",
        "P35_004": "玉野市",
        "P35_005": "33204",
        "P35_006": "みやま公園"
      },
      "geometry": {
        "type": "Point",
        "coordinates": [
          133.926904,
          34.520201
        ]
      }
    },
    {
      "type": "Feature",
      "properties": {
        "P35_001": 34.65635976,
        "P35_002": 134.1657126,
        "P35_003": "岡山県",
        "P35_004": "瀬戸内市",
        "P35_005": "33212",
        "P35_006": "一本松展望園"
      },
      "geometry": {
        "type": "Point",
        "coordinates": [
          134.1657126,
          34.65635976
        ]
      }
    },
    {
      "type": "Feature",
      "properties": {
        "P35_001": 34.6935595,
        "P35_002": 134.2053097,
        "P35_003": "岡山県",
        "P35_004": "瀬戸内市",
        "P35_005": "33212",
        "P35_006": "黒井山グリーンパーク"
      },
      "geometry": {
        "type": "Point",
        "coordinates": [
          134.2053097,
          34.6935595
        ]
      }
    },
    {
      "type": "Feature",
      "properties": {
        "P35_001": 34.9320499,
        "P35_002": 133.3317222,
        "P35_003": "岡山県",
        "P35_004": "新見市",
        "P35_005": "33210",
        "P35_006": "鯉が窪"
      },
      "geometry": {
        "type": "Point",
        "coordinates": [
          133.3317222,
          34.9320499
        ]
      }
    },
    {
      "type": "Feature",
      "properties": {
        "P35_001": 35.2949044551,
        "P35_002": 133.667559857,
        "P35_003": "岡山県",
        "P35_004": "真庭市",
        "P35_005": "33214",
        "P35_006": "蒜山高原"
      },
      "geometry": {
        "type": "Point",
        "coordinates": [
          133.667559857008,
          35.2949044550575
        ]
      }
    },
    {
      "type": "Feature",
      "properties": {
        "P35_001": 35.2768308,
        "P35_002": 133.6239421,
        "P35_003": "岡山県",
        "P35_004": "真庭市",
        "P35_005": "33214",
        "P35_006": "風の家"
      },
      "geometry": {
        "type": "Point",
        "coordinates": [
          133.6239421,
          35.2768308
        ]
      }
    },
    {
      "type": "Feature",
      "properties": {
        "P35_001": 35.014721,
        "P35_002": 134.1508967,
        "P35_003": "岡山県",
        "P35_004": "美作市",
        "P35_005": "33215",
        "P35_006": "彩菜茶屋"
      },
      "geometry": {
        "type": "Point",
        "coordinates": [
          134.1508967,
          35.014721
        ]
      }
    },
    {
      "type": "Feature",
      "properties": {
        "P35_001": 35.2233861,
        "P35_002": 133.9228551,
        "P35_003": "岡山県",
        "P35_004": "苫田郡鏡野町",
        "P35_005": "33606",
        "P35_006": "奥津温泉"
      },
      "geometry": {
        "type": "Point",
        "coordinates": [
          133.9228551,
          35.2233861
        ]
      }
    },
    {
      "type": "Feature",
      "properties": {
        "P35_001": 35.0560424,
        "P35_002": 133.9228946,
        "P35_003": "岡山県",
        "P35_004": "津山市",
        "P35_005": "33203",
        "P35_006": "久米の里"
      },
      "geometry": {
        "type": "Point",
        "coordinates": [
          133.9228946,
          35.0560424
        ]
      }
    },
    {
      "type": "Feature",
      "properties": {
        "P35_001": 34.9910404,
        "P35_002": 133.7255327,
        "P35_003": "岡山県",
        "P35_004": "真庭市",
        "P35_005": "33214",
        "P35_006": "醍醐の里"
      },
      "geometry": {
        "type": "Point",
        "coordinates": [
          133.7255327,
          34.9910404
        ]
      }
    },
    {
      "type": "Feature",
      "properties": {
        "P35_001": 34.8164407,
        "P35_002": 133.7053268,
        "P35_003": "岡山県",
        "P35_004": "加賀郡吉備中央町",
        "P35_005": "33681",
        "P35_006": "かよう"
      },
      "geometry": {
        "type": "Point",
        "coordinates": [
          133.7053268,
          34.8164407
        ]
      }
    },
    {
      "type": "Feature",
      "properties": {
        "P35_001": 34.473317,
        "P35_002": 133.500244,
        "P35_003": "岡山県",
        "P35_004": "笠岡市",
        "P35_005": "33205",
        "P35_006": "笠岡ベイファーム"
      },
      "geometry": {
        "type": "Point",
        "coordinates": [
          133.500244,
          34.473317
        ]
      }
    },
    {
      "type": "Feature",
      "properties": {
        "P35_001": 34.784591,
        "P35_002": 133.0713142,
        "P35_003": "広島県",
        "P35_004": "庄原市",
        "P35_005": "34210",
        "P35_006": "リストアステーション"
      },
      "geometry": {
        "type": "Point",
        "coordinates": [
          133.0713142,
          34.784591
        ]
      }
    },
    {
      "type": "Feature",
      "properties": {
        "P35_001": 34.88967,
        "P35_002": 133.2757124,
        "P35_003": "広島県",
        "P35_004": "庄原市",
        "P35_005": "34210",
        "P35_006": "遊YOUさろん東城"
      },
      "geometry": {
        "type": "Point",
        "coordinates": [
          133.2757124,
          34.88967
        ]
      }
    },
    {
      "type": "Feature",
      "properties": {
        "P35_001": 34.6734859,
        "P35_002": 133.2998686,
        "P35_003": "広島県",
        "P35_004": "神石郡神石高原町",
        "P35_005": "34545",
        "P35_006": "さんわ182ステーション"
      },
      "geometry": {
        "type": "Point",
        "coordinates": [
          133.2998686,
          34.6734859
        ]
      }
    },
    {
      "type": "Feature",
      "properties": {
        "P35_001": 34.6468579,
        "P35_002": 132.4446982,
        "P35_003": "広島県",
        "P35_004": "山県郡北広島町",
        "P35_005": "34369",
        "P35_006": "豊平どんぐり村"
      },
      "geometry": {
        "type": "Point",
        "coordinates": [
          132.4446982,
          34.6468579
        ]
      }
    },
    {
      "type": "Feature",
      "properties": {
        "P35_001": 34.5744153,
        "P35_002": 132.2698295,
        "P35_003": "広島県",
        "P35_004": "山県郡安芸太田町",
        "P35_005": "34368",
        "P35_006": "来夢とごうち"
      },
      "geometry": {
        "type": "Point",
        "coordinates": [
          132.2698295,
          34.5744153
        ]
      }
    },
    {
      "type": "Feature",
      "properties": {
        "P35_001": 34.5064709,
        "P35_002": 132.913945,
        "P35_003": "広島県",
        "P35_004": "三原市",
        "P35_005": "34204",
        "P35_006": "よがんす白竜"
      },
      "geometry": {
        "type": "Point",
        "coordinates": [
          132.913945,
          34.5064709
        ]
      }
    },
    {
      "type": "Feature",
      "properties": {
        "P35_001": 34.394684,
        "P35_002": 133.3173083,
        "P35_003": "広島県",
        "P35_004": "福山市",
        "P35_005": "34207",
        "P35_006": "アリストぬまくま"
      },
      "geometry": {
        "type": "Point",
        "coordinates": [
          133.3173083,
          34.394684
        ]
      }
    },
    {
      "type": "Feature",
      "properties": {
        "P35_001": 34.389119,
        "P35_002": 132.1042513,
        "P35_003": "広島県",
        "P35_004": "廿日市市",
        "P35_005": "34213",
        "P35_006": "スパ羅漢"
      },
      "geometry": {
        "type": "Point",
        "coordinates": [
          132.1042513,
          34.389119
        ]
      }
    },
    {
      "type": "Feature",
      "properties": {
        "P35_001": 34.8557897,
        "P35_002": 132.7970555,
        "P35_003": "広島県",
        "P35_004": "三次市",
        "P35_005": "34209",
        "P35_006": "ゆめランド布野"
      },
      "geometry": {
        "type": "Point",
        "coordinates": [
          132.7970555,
          34.8557897
        ]
      }
    },
    {
      "type": "Feature",
      "properties": {
        "P35_001": 34.8990665,
        "P35_002": 132.8494852,
        "P35_003": "広島県",
        "P35_004": "三次市",
        "P35_005": "34209",
        "P35_006": "ふぉレスト君田"
      },
      "geometry": {
        "type": "Point",
        "coordinates": [
          132.8494852,
          34.8990665
        ]
      }
    },
    {
      "type": "Feature",
      "properties": {
        "P35_001": 34.5115157,
        "P35_002": 133.1446622,
        "P35_003": "広島県",
        "P35_004": "尾道市",
        "P35_005": "34205",
        "P35_006": "クロスロードみつぎ"
      },
      "geometry": {
        "type": "Point",
        "coordinates": [
          133.1446622,
          34.5115157
        ]
      }
    },
    {
      "type": "Feature",
      "properties": {
        "P35_001": 34.6745412,
        "P35_002": 132.5412326,
        "P35_003": "広島県",
        "P35_004": "山県郡北広島町",
        "P35_005": "34369",
        "P35_006": "舞ロードIC千代田"
      },
      "geometry": {
        "type": "Point",
        "coordinates": [
          132.5412326,
          34.6745412
        ]
      }
    },
    {
      "type": "Feature",
      "properties": {
        "P35_001": 34.7210499,
        "P35_002": 132.6810513,
        "P35_003": "広島県",
        "P35_004": "安芸高田市",
        "P35_005": "34214",
        "P35_006": "北の関宿安芸高田"
      },
      "geometry": {
        "type": "Point",
        "coordinates": [
          132.6810513,
          34.7210499
        ]
      }
    },
    {
      "type": "Feature",
      "properties": {
        "P35_001": 34.5322334,
        "P35_002": 132.7759856,
        "P35_003": "広島県",
        "P35_004": "東広島市",
        "P35_005": "34212",
        "P35_006": "湖畔の里福富"
      },
      "geometry": {
        "type": "Point",
        "coordinates": [
          132.7759856,
          34.5322334
        ]
      }
    },
    {
      "type": "Feature",
      "properties": {
        "P35_001": 34.3439384,
        "P35_002": 132.9121681,
        "P35_003": "広島県",
        "P35_004": "竹原市",
        "P35_005": "34203",
        "P35_006": "たけはら"
      },
      "geometry": {
        "type": "Point",
        "coordinates": [
          132.9121681,
          34.3439384
        ]
      }
    },
    {
      "type": "Feature",
      "properties": {
        "P35_001": 34.3968282,
        "P35_002": 133.1038862,
        "P35_003": "広島県",
        "P35_004": "三原市",
        "P35_005": "34204",
        "P35_006": "みはら神明の里"
      },
      "geometry": {
        "type": "Point",
        "coordinates": [
          133.1038862,
          34.3968282
        ]
      }
    },
    {
      "type": "Feature",
      "properties": {
        "P35_001": 35.024058,
        "P35_002": 132.8815981,
        "P35_003": "広島県",
        "P35_004": "庄原市",
        "P35_005": "34210",
        "P35_006": "たかの"
      },
      "geometry": {
        "type": "Point",
        "coordinates": [
          132.8815981,
          35.024058
        ]
      }
    },
    {
      "type": "Feature",
      "properties": {
        "P35_001": 34.59638,
        "P35_002": 133.0841,
        "P35_003": "広島県",
        "P35_004": "世羅郡世羅町",
        "P35_005": "34462",
        "P35_006": "世羅"
      },
      "geometry": {
        "type": "Point",
        "coordinates": [
          133.0841,
          34.59638
        ]
      }
    },
    {
      "type": "Feature",
      "properties": {
        "P35_001": 34.56977,
        "P35_002": 133.235633,
        "P35_003": "広島県",
        "P35_004": "府中市",
        "P35_005": "34208",
        "P35_006": "びんご府中"
      },
      "geometry": {
        "type": "Point",
        "coordinates": [
          133.235633,
          34.56977
        ]
      }
    },
    {
      "type": "Feature",
      "properties": {
        "P35_001": 34.4971187,
        "P35_002": 131.4680689,
        "P35_003": "山口県",
        "P35_004": "阿武郡阿武町",
        "P35_005": "35502",
        "P35_006": "阿武町"
      },
      "geometry": {
        "type": "Point",
        "coordinates": [
          131.4680689,
          34.4971187
        ]
      }
    },
    {
      "type": "Feature",
      "properties": {
        "P35_001": 34.36952669,
        "P35_002": 131.4130646,
        "P35_003": "山口県",
        "P35_004": "萩市",
        "P35_005": "35204",
        "P35_006": "萩往還"
      },
      "geometry": {
        "type": "Point",
        "coordinates": [
          131.4130646,
          34.36952669
        ]
      }
    },
    {
      "type": "Feature",
      "properties": {
        "P35_001": 34.286296,
        "P35_002": 131.4595121,
        "P35_003": "山口県",
        "P35_004": "萩市",
        "P35_005": "35204",
        "P35_006": "あさひ"
      },
      "geometry": {
        "type": "Point",
        "coordinates": [
          131.4595121,
          34.286296
        ]
      }
    },
    {
      "type": "Feature",
      "properties": {
        "P35_001": 34.0288046,
        "P35_002": 131.4572464,
        "P35_003": "山口県",
        "P35_004": "山口市",
        "P35_005": "35203",
        "P35_006": "あいお"
      },
      "geometry": {
        "type": "Point",
        "coordinates": [
          131.4572464,
          34.0288046
        ]
      }
    },
    {
      "type": "Feature",
      "properties": {
        "P35_001": 34.6485043,
        "P35_002": 131.6650353,
        "P35_003": "山口県",
        "P35_004": "萩市",
        "P35_005": "35204",
        "P35_006": "ゆとりパークたまがわ"
      },
      "geometry": {
        "type": "Point",
        "coordinates": [
          131.6650353,
          34.6485043
        ]
      }
    },
    {
      "type": "Feature",
      "properties": {
        "P35_001": 33.9041614,
        "P35_002": 132.3417151,
        "P35_003": "山口県",
        "P35_004": "大島郡周防大島町",
        "P35_005": "35305",
        "P35_006": "サザンセトとうわ"
      },
      "geometry": {
        "type": "Point",
        "coordinates": [
          132.3417151,
          33.9041614
        ]
      }
    },
    {
      "type": "Feature",
      "properties": {
        "P35_001": 34.1262472,
        "P35_002": 131.0316891,
        "P35_003": "山口県",
        "P35_004": "下関市",
        "P35_005": "35201",
        "P35_006": "きくがわ"
      },
      "geometry": {
        "type": "Point",
        "coordinates": [
          131.0316891,
          34.1262472
        ]
      }
    },
    {
      "type": "Feature",
      "properties": {
        "P35_001": 34.4339084,
        "P35_002": 131.4826402,
        "P35_003": "山口県",
        "P35_004": "萩市",
        "P35_005": "35204",
        "P35_006": "ハピネスふくえ"
      },
      "geometry": {
        "type": "Point",
        "coordinates": [
          131.4826402,
          34.4339084
        ]
      }
    },
    {
      "type": "Feature",
      "properties": {
        "P35_001": 34.3031352,
        "P35_002": 131.5762756,
        "P35_003": "山口県",
        "P35_004": "山口市",
        "P35_005": "35203",
        "P35_006": "長門峡"
      },
      "geometry": {
        "type": "Point",
        "coordinates": [
          131.5762756,
          34.3031352
        ]
      }
    },
    {
      "type": "Feature",
      "properties": {
        "P35_001": 34.2783956,
        "P35_002": 131.9695374,
        "P35_003": "山口県",
        "P35_004": "岩国市",
        "P35_005": "35208",
        "P35_006": "ピュアラインにしき"
      },
      "geometry": {
        "type": "Point",
        "coordinates": [
          131.9695374,
          34.2783956
        ]
      }
    },
    {
      "type": "Feature",
      "properties": {
        "P35_001": 34.23794705,
        "P35_002": 131.2084956,
        "P35_003": "山口県",
        "P35_004": "美祢市",
        "P35_005": "35213",
        "P35_006": "おふく"
      },
      "geometry": {
        "type": "Point",
        "coordinates": [
          131.2084956,
          34.23794705
        ]
      }
    },
    {
      "type": "Feature",
      "properties": {
        "P35_001": 34.21818272,
        "P35_002": 131.3439343,
        "P35_003": "山口県",
        "P35_004": "美祢市",
        "P35_005": "35213",
        "P35_006": "みとう"
      },
      "geometry": {
        "type": "Point",
        "coordinates": [
          131.3439343,
          34.21818272
        ]
      }
    },
    {
      "type": "Feature",
      "properties": {
        "P35_001": 34.2109098,
        "P35_002": 131.5593634,
        "P35_003": "山口県",
        "P35_004": "山口市",
        "P35_005": "35203",
        "P35_006": "仁保の郷"
      },
      "geometry": {
        "type": "Point",
        "coordinates": [
          131.5593634,
          34.2109098
        ]
      }
    },
    {
      "type": "Feature",
      "properties": {
        "P35_001": 34.42624582,
        "P35_002": 131.4146209,
        "P35_003": "山口県",
        "P35_004": "萩市",
        "P35_005": "35204",
        "P35_006": "萩しーまーと"
      },
      "geometry": {
        "type": "Point",
        "coordinates": [
          131.4146209,
          34.42624582
        ]
      }
    },
    {
      "type": "Feature",
      "properties": {
        "P35_001": 34.4344327,
        "P35_002": 131.7705123,
        "P35_003": "山口県",
        "P35_004": "山口市",
        "P35_005": "35203",
        "P35_006": "願成就温泉"
      },
      "geometry": {
        "type": "Point",
        "coordinates": [
          131.7705123,
          34.4344327
        ]
      }
    },
    {
      "type": "Feature",
      "properties": {
        "P35_001": 34.4832259,
        "P35_002": 131.6322742,
        "P35_003": "山口県",
        "P35_004": "萩市",
        "P35_005": "35204",
        "P35_006": "うり坊の郷katamata"
      },
      "geometry": {
        "type": "Point",
        "coordinates": [
          131.6322742,
          34.4832259
        ]
      }
    },
    {
      "type": "Feature",
      "properties": {
        "P35_001": 34.1983964,
        "P35_002": 131.0767314,
        "P35_003": "山口県",
        "P35_004": "下関市",
        "P35_005": "35201",
        "P35_006": "蛍街道西ノ市"
      },
      "geometry": {
        "type": "Point",
        "coordinates": [
          131.0767314,
          34.1983964
        ]
      }
    },
    {
      "type": "Feature",
      "properties": {
        "P35_001": 34.0128549,
        "P35_002": 131.3695613,
        "P35_003": "山口県",
        "P35_004": "山口市",
        "P35_005": "35203",
        "P35_006": "きらら あじす"
      },
      "geometry": {
        "type": "Point",
        "coordinates": [
          131.3695613,
          34.0128549
        ]
      }
    },
    {
      "type": "Feature",
      "properties": {
        "P35_001": 34.3889298,
        "P35_002": 131.3219684,
        "P35_003": "山口県",
        "P35_004": "萩市",
        "P35_005": "35204",
        "P35_006": "萩・さんさん三見"
      },
      "geometry": {
        "type": "Point",
        "coordinates": [
          131.3219684,
          34.3889298
        ]
      }
    },
    {
      "type": "Feature",
      "properties": {
        "P35_001": 34.3103986,
        "P35_002": 130.8886701,
        "P35_003": "山口県",
        "P35_004": "下関市",
        "P35_005": "35201",
        "P35_006": "北浦街道 豊北"
      },
      "geometry": {
        "type": "Point",
        "coordinates": [
          130.8886701,
          34.3103986
        ]
      }
    },
    {
      "type": "Feature",
      "properties": {
        "P35_001": 34.07489931,
        "P35_002": 131.6882042,
        "P35_003": "山口県",
        "P35_004": "周南市",
        "P35_005": "35215",
        "P35_006": "ソレーネ周南"
      },
      "geometry": {
        "type": "Point",
        "coordinates": [
          131.6882042,
          34.07489931
        ]
      }
    },
    {
      "type": "Feature",
      "properties": {
        "P35_001": 33.8330038,
        "P35_002": 132.1165198,
        "P35_003": "山口県",
        "P35_004": "熊毛郡上関町",
        "P35_005": "35341",
        "P35_006": "上関海峡"
      },
      "geometry": {
        "type": "Point",
        "coordinates": [
          132.1165198,
          33.8330038
        ]
      }
    },
    {
      "type": "Feature",
      "properties": {
        "P35_001": 34.0380706,
        "P35_002": 131.5976786,
        "P35_003": "山口県",
        "P35_004": "防府市",
        "P35_005": "35206",
        "P35_006": "潮彩市場防府"
      },
      "geometry": {
        "type": "Point",
        "coordinates": [
          131.5976786,
          34.0380706
        ]
      }
    },
    {
      "type": "Feature",
      "properties": {
        "P35_001": 34.388466,
        "P35_002": 131.202713,
        "P35_003": "山口県",
        "P35_004": "長門市",
        "P35_005": "35211",
        "P35_006": "センザキッチン"
      },
      "geometry": {
        "type": "Point",
        "coordinates": [
          131.202713,
          34.388466
        ]
      }
    },
    {
      "type": "Feature",
      "properties": {
        "P35_001": 34.042626,
        "P35_002": 134.0600296,
        "P35_003": "徳島県",
        "P35_004": "美馬郡つるぎ町",
        "P35_005": "36468",
        "P35_006": "貞光ゆうゆう館"
      },
      "geometry": {
        "type": "Point",
        "coordinates": [
          134.0600296,
          34.042626
        ]
      }
    },
    {
      "type": "Feature",
      "properties": {
        "P35_001": 33.86319896,
        "P35_002": 134.5022843,
        "P35_003": "徳島県",
        "P35_004": "那賀郡那賀町",
        "P35_005": "36368",
        "P35_006": "鷲の里"
      },
      "geometry": {
        "type": "Point",
        "coordinates": [
          134.5022843,
          33.86319896
        ]
      }
    },
    {
      "type": "Feature",
      "properties": {
        "P35_001": 33.56906339,
        "P35_002": 134.3072826,
        "P35_003": "徳島県",
        "P35_004": "海部郡海陽町",
        "P35_005": "36388",
        "P35_006": "宍喰温泉"
      },
      "geometry": {
        "type": "Point",
        "coordinates": [
          134.3072826,
          33.56906339
        ]
      }
    },
    {
      "type": "Feature",
      "properties": {
        "P35_001": 34.150942,
        "P35_002": 134.3524444,
        "P35_003": "徳島県",
        "P35_004": "阿波市",
        "P35_005": "36206",
        "P35_006": "どなり"
      },
      "geometry": {
        "type": "Point",
        "coordinates": [
          134.3524444,
          34.150942
        ]
      }
    },
    {
      "type": "Feature",
      "properties": {
        "P35_001": 33.8891692,
        "P35_002": 133.811312,
        "P35_003": "徳島県",
        "P35_004": "三好市",
        "P35_005": "36208",
        "P35_006": "にしいや"
      },
      "geometry": {
        "type": "Point",
        "coordinates": [
          133.811312,
          33.8891692
        ]
      }
    },
    {
      "type": "Feature",
      "properties": {
        "P35_001": 33.8690075,
        "P35_002": 134.5546957,
        "P35_003": "徳島県",
        "P35_004": "那賀郡那賀町",
        "P35_005": "36368",
        "P35_006": "わじき"
      },
      "geometry": {
        "type": "Point",
        "coordinates": [
          134.5546957,
          33.8690075
        ]
      }
    },
    {
      "type": "Feature",
      "properties": {
        "P35_001": 33.9529323,
        "P35_002": 134.6678143,
        "P35_003": "徳島県",
        "P35_004": "阿南市",
        "P35_005": "36204",
        "P35_006": "公方の郷なかがわ"
      },
      "geometry": {
        "type": "Point",
        "coordinates": [
          134.6678143,
          33.9529323
        ]
      }
    },
    {
      "type": "Feature",
      "properties": {
        "P35_001": 33.7976977,
        "P35_002": 134.4462171,
        "P35_003": "徳島県",
        "P35_004": "那賀郡那賀町",
        "P35_005": "36368",
        "P35_006": "もみじ川温泉"
      },
      "geometry": {
        "type": "Point",
        "coordinates": [
          134.4462171,
          33.7976977
        ]
      }
    },
    {
      "type": "Feature",
      "properties": {
        "P35_001": 33.9735681,
        "P35_002": 134.3676836,
        "P35_003": "徳島県",
        "P35_004": "名西郡神山町",
        "P35_005": "36342",
        "P35_006": "温泉の里神山"
      },
      "geometry": {
        "type": "Point",
        "coordinates": [
          134.3676836,
          33.9735681
        ]
      }
    },
    {
      "type": "Feature",
      "properties": {
        "P35_001": 34.06697457,
        "P35_002": 134.1465136,
        "P35_003": "徳島県",
        "P35_004": "美馬市",
        "P35_005": "36207",
        "P35_006": "藍ランドうだつ"
      },
      "geometry": {
        "type": "Point",
        "coordinates": [
          134.1465136,
          34.06697457
        ]
      }
    },
    {
      "type": "Feature",
      "properties": {
        "P35_001": 34.0504869,
        "P35_002": 133.9324821,
        "P35_003": "徳島県",
        "P35_004": "三好市",
        "P35_005": "36208",
        "P35_006": "三野"
      },
      "geometry": {
        "type": "Point",
        "coordinates": [
          133.9324821,
          34.0504869
        ]
      }
    },
    {
      "type": "Feature",
      "properties": {
        "P35_001": 33.7302896,
        "P35_002": 134.5302471,
        "P35_003": "徳島県",
        "P35_004": "海部郡美波町",
        "P35_005": "36387",
        "P35_006": "日和佐"
      },
      "geometry": {
        "type": "Point",
        "coordinates": [
          134.5302471,
          33.7302896
        ]
      }
    },
    {
      "type": "Feature",
      "properties": {
        "P35_001": 34.1638897,
        "P35_002": 134.4988142,
        "P35_003": "徳島県",
        "P35_004": "鳴門市",
        "P35_005": "36202",
        "P35_006": "第九の里"
      },
      "geometry": {
        "type": "Point",
        "coordinates": [
          134.4988142,
          34.1638897
        ]
      }
    },
    {
      "type": "Feature",
      "properties": {
        "P35_001": 33.881363,
        "P35_002": 133.7600397,
        "P35_003": "徳島県",
        "P35_004": "三好市",
        "P35_005": "36208",
        "P35_006": "大歩危"
      },
      "geometry": {
        "type": "Point",
        "coordinates": [
          133.7600397,
          33.881363
        ]
      }
    },
    {
      "type": "Feature",
      "properties": {
        "P35_001": 33.93219181,
        "P35_002": 134.5228323,
        "P35_003": "徳島県",
        "P35_004": "勝浦郡勝浦町",
        "P35_005": "36301",
        "P35_006": "ひなの里かつうら"
      },
      "geometry": {
        "type": "Point",
        "coordinates": [
          134.5228323,
          33.93219181
        ]
      }
    },
    {
      "type": "Feature",
      "properties": {
        "P35_001": 34.3526893,
        "P35_002": 133.8261282,
        "P35_003": "香川県",
        "P35_004": "坂出市",
        "P35_005": "37203",
        "P35_006": "瀬戸大橋記念公園"
      },
      "geometry": {
        "type": "Point",
        "coordinates": [
          133.8261282,
          34.3526893
        ]
      }
    },
    {
      "type": "Feature",
      "properties": {
        "P35_001": 34.2852705,
        "P35_002": 134.2532485,
        "P35_003": "香川県",
        "P35_004": "さぬき市",
        "P35_005": "37206",
        "P35_006": "津田の松原"
      },
      "geometry": {
        "type": "Point",
        "coordinates": [
          134.2532485,
          34.2852705
        ]
      }
    },
    {
      "type": "Feature",
      "properties": {
        "P35_001": 34.1305993,
        "P35_002": 133.6437157,
        "P35_003": "香川県",
        "P35_004": "観音寺市",
        "P35_005": "37205",
        "P35_006": "ことひき"
      },
      "geometry": {
        "type": "Point",
        "coordinates": [
          133.6437157,
          34.1305993
        ]
      }
    },
    {
      "type": "Feature",
      "properties": {
        "P35_001": 34.2263483,
        "P35_002": 133.7228554,
        "P35_003": "香川県",
        "P35_004": "三豊市",
        "P35_005": "37208",
        "P35_006": "ふれあいパークみの"
      },
      "geometry": {
        "type": "Point",
        "coordinates": [
          133.7228554,
          34.2263483
        ]
      }
    },
    {
      "type": "Feature",
      "properties": {
        "P35_001": 34.47284808,
        "P35_002": 134.2736405,
        "P35_003": "香川県",
        "P35_004": "小豆郡小豆島町",
        "P35_005": "37324",
        "P35_006": "小豆島オリーブ公園"
      },
      "geometry": {
        "type": "Point",
        "coordinates": [
          134.2736405,
          34.47284808
        ]
      }
    },
    {
      "type": "Feature",
      "properties": {
        "P35_001": 34.47101922,
        "P35_002": 134.2361538,
        "P35_003": "香川県",
        "P35_004": "小豆郡小豆島町",
        "P35_005": "37324",
        "P35_006": "小豆島ふるさと村"
      },
      "geometry": {
        "type": "Point",
        "coordinates": [
          134.2361538,
          34.47101922
        ]
      }
    },
    {
      "type": "Feature",
      "properties": {
        "P35_001": 34.1548496,
        "P35_002": 133.8215512,
        "P35_003": "香川県",
        "P35_004": "仲多度郡まんのう町",
        "P35_005": "37406",
        "P35_006": "空の夢もみの木パーク"
      },
      "geometry": {
        "type": "Point",
        "coordinates": [
          133.8215512,
          34.1548496
        ]
      }
    },
    {
      "type": "Feature",
      "properties": {
        "P35_001": 34.25819,
        "P35_002": 134.2424659,
        "P35_003": "香川県",
        "P35_004": "さぬき市",
        "P35_005": "37206",
        "P35_006": "みろく"
      },
      "geometry": {
        "type": "Point",
        "coordinates": [
          134.2424659,
          34.25819
        ]
      }
    },
    {
      "type": "Feature",
      "properties": {
        "P35_001": 34.17020407,
        "P35_002": 134.0820671,
        "P35_003": "香川県",
        "P35_004": "高松市",
        "P35_005": "37201",
        "P35_006": "しおのえ"
      },
      "geometry": {
        "type": "Point",
        "coordinates": [
          134.0820671,
          34.17020407
        ]
      }
    },
    {
      "type": "Feature",
      "properties": {
        "P35_001": 34.2497767902,
        "P35_002": 133.917359488,
        "P35_003": "香川県",
        "P35_004": "綾歌郡綾川町",
        "P35_005": "37387",
        "P35_006": "滝宮"
      },
      "geometry": {
        "type": "Point",
        "coordinates": [
          133.91735948833,
          34.2497767901761
        ]
      }
    },
    {
      "type": "Feature",
      "properties": {
        "P35_001": 34.0950942,
        "P35_002": 134.007744,
        "P35_003": "香川県",
        "P35_004": "仲多度郡まんのう町",
        "P35_005": "37406",
        "P35_006": "ことなみ"
      },
      "geometry": {
        "type": "Point",
        "coordinates": [
          134.007744,
          34.0950942
        ]
      }
    },
    {
      "type": "Feature",
      "properties": {
        "P35_001": 34.31338818,
        "P35_002": 133.807966,
        "P35_003": "香川県",
        "P35_004": "綾歌郡宇多津町",
        "P35_005": "37386",
        "P35_006": "恋人の聖地 うたづ臨海公園"
      },
      "geometry": {
        "type": "Point",
        "coordinates": [
          133.807966,
          34.31338818
        ]
      }
    },
    {
      "type": "Feature",
      "properties": {
        "P35_001": 34.04276798,
        "P35_002": 133.6013067,
        "P35_003": "香川県",
        "P35_004": "観音寺市",
        "P35_005": "37205",
        "P35_006": "とよはま"
      },
      "geometry": {
        "type": "Point",
        "coordinates": [
          133.6013067,
          34.04276798
        ]
      }
    },
    {
      "type": "Feature",
      "properties": {
        "P35_001": 34.1096518757,
        "P35_002": 133.796699286,
        "P35_003": "香川県",
        "P35_004": "三豊市",
        "P35_005": "37208",
        "P35_006": "たからだの里さいた"
      },
      "geometry": {
        "type": "Point",
        "coordinates": [
          133.796699285705,
          34.1096518756569
        ]
      }
    },
    {
      "type": "Feature",
      "properties": {
        "P35_001": 34.53390705,
        "P35_002": 134.2421851,
        "P35_003": "香川県",
        "P35_004": "小豆郡土庄町",
        "P35_005": "37322",
        "P35_006": "大坂城残石記念公園"
      },
      "geometry": {
        "type": "Point",
        "coordinates": [
          134.2421851,
          34.53390705
        ]
      }
    },
    {
      "type": "Feature",
      "properties": {
        "P35_001": 34.22135991,
        "P35_002": 134.1750001,
        "P35_003": "香川県",
        "P35_004": "さぬき市",
        "P35_005": "37206",
        "P35_006": "ながお"
      },
      "geometry": {
        "type": "Point",
        "coordinates": [
          134.1750001,
          34.22135991
        ]
      }
    },
    {
      "type": "Feature",
      "properties": {
        "P35_001": 34.2394188,
        "P35_002": 134.0072876,
        "P35_003": "香川県",
        "P35_004": "高松市",
        "P35_005": "37201",
        "P35_006": "香南楽湯"
      },
      "geometry": {
        "type": "Point",
        "coordinates": [
          134.0072876,
          34.2394188
        ]
      }
    },
    {
      "type": "Feature",
      "properties": {
        "P35_001": 34.3337252,
        "P35_002": 134.1574969,
        "P35_003": "香川県",
        "P35_004": "高松市",
        "P35_005": "37201",
        "P35_006": "源平の里むれ"
      },
      "geometry": {
        "type": "Point",
        "coordinates": [
          134.1574969,
          34.3337252
        ]
      }
    },
    {
      "type": "Feature",
      "properties": {
        "P35_001": 33.4474558,
        "P35_002": 132.2580887,
        "P35_003": "愛媛県",
        "P35_004": "西宇和郡伊方町",
        "P35_005": "38442",
        "P35_006": "瀬戸農業公園"
      },
      "geometry": {
        "type": "Point",
        "coordinates": [
          132.2580887,
          33.4474558
        ]
      }
    },
    {
      "type": "Feature",
      "properties": {
        "P35_001": 33.9019237,
        "P35_002": 133.3098559,
        "P35_003": "愛媛県",
        "P35_004": "新居浜市",
        "P35_005": "38205",
        "P35_006": "マイントピア別子"
      },
      "geometry": {
        "type": "Point",
        "coordinates": [
          133.3098559,
          33.9019237
        ]
      }
    },
    {
      "type": "Feature",
      "properties": {
        "P35_001": 33.33023396,
        "P35_002": 132.7982451,
        "P35_003": "愛媛県",
        "P35_004": "北宇和郡鬼北町",
        "P35_005": "38488",
        "P35_006": "日吉夢産地"
      },
      "geometry": {
        "type": "Point",
        "coordinates": [
          132.7982451,
          33.33023396
        ]
      }
    },
    {
      "type": "Feature",
      "properties": {
        "P35_001": 33.6403789,
        "P35_002": 132.7998209,
        "P35_003": "愛媛県",
        "P35_004": "伊予郡砥部町",
        "P35_005": "38402",
        "P35_006": "ひろた"
      },
      "geometry": {
        "type": "Point",
        "coordinates": [
          132.7998209,
          33.6403789
        ]
      }
    },
    {
      "type": "Feature",
      "properties": {
        "P35_001": 33.68511817,
        "P35_002": 132.6340324,
        "P35_003": "愛媛県",
        "P35_004": "伊予市",
        "P35_005": "38210",
        "P35_006": "ふたみ"
      },
      "geometry": {
        "type": "Point",
        "coordinates": [
          132.6340324,
          33.68511817
        ]
      }
    },
    {
      "type": "Feature",
      "properties": {
        "P35_001": 33.55490563,
        "P35_002": 132.6582901,
        "P35_003": "愛媛県",
        "P35_004": "喜多郡内子町",
        "P35_005": "38422",
        "P35_006": "内子フレッシュパークからり"
      },
      "geometry": {
        "type": "Point",
        "coordinates": [
          132.6582901,
          33.55490563
        ]
      }
    },
    {
      "type": "Feature",
      "properties": {
        "P35_001": 33.48089422,
        "P35_002": 132.3075462,
        "P35_003": "愛媛県",
        "P35_004": "西宇和郡伊方町",
        "P35_005": "38442",
        "P35_006": "伊方きらら館"
      },
      "geometry": {
        "type": "Point",
        "coordinates": [
          132.3075462,
          33.48089422
        ]
      }
    },
    {
      "type": "Feature",
      "properties": {
        "P35_001": 33.379789,
        "P35_002": 132.7493583,
        "P35_003": "愛媛県",
        "P35_004": "西予市",
        "P35_005": "38214",
        "P35_006": "きなはい屋しろかわ"
      },
      "geometry": {
        "type": "Point",
        "coordinates": [
          132.7493583,
          33.379789
        ]
      }
    },
    {
      "type": "Feature",
      "properties": {
        "P35_001": 32.9587802,
        "P35_002": 132.561599,
        "P35_003": "愛媛県",
        "P35_004": "南宇和郡愛南町",
        "P35_005": "38506",
        "P35_006": "みしょうMIC"
      },
      "geometry": {
        "type": "Point",
        "coordinates": [
          132.561599,
          32.9587802
        ]
      }
    },
    {
      "type": "Feature",
      "properties": {
        "P35_001": 33.99285832,
        "P35_002": 133.0484121,
        "P35_003": "愛媛県",
        "P35_004": "今治市",
        "P35_005": "38202",
        "P35_006": "今治湯ノ浦温泉"
      },
      "geometry": {
        "type": "Point",
        "coordinates": [
          133.0484121,
          33.99285832
        ]
      }
    },
    {
      "type": "Feature",
      "properties": {
        "P35_001": 33.22978492,
        "P35_002": 132.7094931,
        "P35_003": "愛媛県",
        "P35_004": "北宇和郡松野町",
        "P35_005": "38484",
        "P35_006": "虹の森公園まつの"
      },
      "geometry": {
        "type": "Point",
        "coordinates": [
          132.7094931,
          33.22978492
        ]
      }
    },
    {
      "type": "Feature",
      "properties": {
        "P35_001": 33.25385686,
        "P35_002": 132.6871266,
        "P35_003": "愛媛県",
        "P35_004": "北宇和郡鬼北町",
        "P35_005": "38488",
        "P35_006": "広見森の三角ぼうし"
      },
      "geometry": {
        "type": "Point",
        "coordinates": [
          132.6871266,
          33.25385686
        ]
      }
    },
    {
      "type": "Feature",
      "properties": {
        "P35_001": 34.20281321,
        "P35_002": 133.0755153,
        "P35_003": "愛媛県",
        "P35_004": "今治市",
        "P35_005": "38202",
        "P35_006": "伯方S・Cパーク"
      },
      "geometry": {
        "type": "Point",
        "coordinates": [
          133.0755153,
          34.20281321
        ]
      }
    },
    {
      "type": "Feature",
      "properties": {
        "P35_001": 34.2548482,
        "P35_002": 133.0545056,
        "P35_003": "愛媛県",
        "P35_004": "今治市",
        "P35_005": "38202",
        "P35_006": "今治市多々羅しまなみ公園"
      },
      "geometry": {
        "type": "Point",
        "coordinates": [
          133.0545056,
          34.2548482
        ]
      }
    },
    {
      "type": "Feature",
      "properties": {
        "P35_001": 34.2489624,
        "P35_002": 133.0052532,
        "P35_003": "愛媛県",
        "P35_004": "今治市",
        "P35_005": "38202",
        "P35_006": "しまなみの駅御島"
      },
      "geometry": {
        "type": "Point",
        "coordinates": [
          133.0052532,
          34.2489624
        ]
      }
    },
    {
      "type": "Feature",
      "properties": {
        "P35_001": 33.88368862,
        "P35_002": 133.1076222,
        "P35_003": "愛媛県",
        "P35_004": "西条市",
        "P35_005": "38206",
        "P35_006": "小松オアシス"
      },
      "geometry": {
        "type": "Point",
        "coordinates": [
          133.1076222,
          33.88368862
        ]
      }
    },
    {
      "type": "Feature",
      "properties": {
        "P35_001": 33.6145334818,
        "P35_002": 132.969656416,
        "P35_003": "愛媛県",
        "P35_004": "上浮穴郡久万高原町",
        "P35_005": "38386",
        "P35_006": "みかわ"
      },
      "geometry": {
        "type": "Point",
        "coordinates": [
          132.96965641623294,
          33.61453348177243
        ]
      }
    },
    {
      "type": "Feature",
      "properties": {
        "P35_001": 33.46112194,
        "P35_002": 132.6766988,
        "P35_003": "愛媛県",
        "P35_004": "大洲市",
        "P35_005": "38207",
        "P35_006": "清流の里ひじかわ"
      },
      "geometry": {
        "type": "Point",
        "coordinates": [
          132.6766988,
          33.46112194
        ]
      }
    },
    {
      "type": "Feature",
      "properties": {
        "P35_001": 34.1274701,
        "P35_002": 133.0219454,
        "P35_003": "愛媛県",
        "P35_004": "今治市",
        "P35_005": "38202",
        "P35_006": "よしうみいきいき館"
      },
      "geometry": {
        "type": "Point",
        "coordinates": [
          133.0219454,
          34.1274701
        ]
      }
    },
    {
      "type": "Feature",
      "properties": {
        "P35_001": 33.99670576,
        "P35_002": 132.7722822,
        "P35_003": "愛媛県",
        "P35_004": "松山市",
        "P35_005": "38201",
        "P35_006": "風早の郷風和里"
      },
      "geometry": {
        "type": "Point",
        "coordinates": [
          132.7722822,
          33.99670576
        ]
      }
    },
    {
      "type": "Feature",
      "properties": {
        "P35_001": 33.2863482,
        "P35_002": 132.5960143,
        "P35_003": "愛媛県",
        "P35_004": "宇和島市",
        "P35_005": "38203",
        "P35_006": "みま"
      },
      "geometry": {
        "type": "Point",
        "coordinates": [
          132.5960143,
          33.2863482
        ]
      }
    },
    {
      "type": "Feature",
      "properties": {
        "P35_001": 33.5685039,
        "P35_002": 132.8007525,
        "P35_003": "愛媛県",
        "P35_004": "喜多郡内子町",
        "P35_005": "38422",
        "P35_006": "小田の郷せせらぎ"
      },
      "geometry": {
        "type": "Point",
        "coordinates": [
          132.8007525,
          33.5685039
        ]
      }
    },
    {
      "type": "Feature",
      "properties": {
        "P35_001": 33.22242256,
        "P35_002": 132.5582355,
        "P35_003": "愛媛県",
        "P35_004": "宇和島市",
        "P35_005": "38203",
        "P35_006": "うわじま きさいや広場"
      },
      "geometry": {
        "type": "Point",
        "coordinates": [
          132.5582355,
          33.22242256
        ]
      }
    },
    {
      "type": "Feature",
      "properties": {
        "P35_001": 33.92418679,
        "P35_002": 133.6411104,
        "P35_003": "愛媛県",
        "P35_004": "四国中央市",
        "P35_005": "38213",
        "P35_006": "霧の森"
      },
      "geometry": {
        "type": "Point",
        "coordinates": [
          133.6411104,
          33.92418679
        ]
      }
    },
    {
      "type": "Feature",
      "properties": {
        "P35_001": 33.45816264,
        "P35_002": 132.418138,
        "P35_003": "愛媛県",
        "P35_004": "八幡浜市",
        "P35_005": "38204",
        "P35_006": "八幡浜みなっと"
      },
      "geometry": {
        "type": "Point",
        "coordinates": [
          132.418138,
          33.45816264
        ]
      }
    },
    {
      "type": "Feature",
      "properties": {
        "P35_001": 33.139682,
        "P35_002": 132.5203019,
        "P35_003": "愛媛県",
        "P35_004": "宇和島市",
        "P35_005": "38203",
        "P35_006": "津島やすらぎの里"
      },
      "geometry": {
        "type": "Point",
        "coordinates": [
          132.5203019,
          33.139682
        ]
      }
    },
    {
      "type": "Feature",
      "properties": {
        "P35_001": 33.3549772,
        "P35_002": 132.5271357,
        "P35_003": "愛媛県",
        "P35_004": "西予市",
        "P35_005": "38214",
        "P35_006": "どんぶり館"
      },
      "geometry": {
        "type": "Point",
        "coordinates": [
          132.5271357,
          33.3549772
        ]
      }
    },
    {
      "type": "Feature",
      "properties": {
        "P35_001": 33.6611355,
        "P35_002": 132.8987127,
        "P35_003": "愛媛県",
        "P35_004": "上浮穴郡久万高原町",
        "P35_005": "38386",
        "P35_006": "天空の郷さんさん"
      },
      "geometry": {
        "type": "Point",
        "coordinates": [
          132.8987127,
          33.6611355
        ]
      }
    },
    {
      "type": "Feature",
      "properties": {
        "P35_001": 33.750923,
        "P35_002": 133.6634001,
        "P35_003": "高知県",
        "P35_004": "長岡郡大豊町",
        "P35_005": "39344",
        "P35_006": "大杉"
      },
      "geometry": {
        "type": "Point",
        "coordinates": [
          133.6634001,
          33.750923
        ]
      }
    },
    {
      "type": "Feature",
      "properties": {
        "P35_001": 32.91616528,
        "P35_002": 132.7125287,
        "P35_003": "高知県",
        "P35_004": "宿毛市",
        "P35_005": "39208",
        "P35_006": "すくも"
      },
      "geometry": {
        "type": "Point",
        "coordinates": [
          132.7125287,
          32.91616528
        ]
      }
    },
    {
      "type": "Feature",
      "properties": {
        "P35_001": 32.82875238,
        "P35_002": 132.7093139,
        "P35_003": "高知県",
        "P35_004": "幡多郡大月町",
        "P35_005": "39424",
        "P35_006": "大月"
      },
      "geometry": {
        "type": "Point",
        "coordinates": [
          132.7093139,
          32.82875238
        ]
      }
    },
    {
      "type": "Feature",
      "properties": {
        "P35_001": 33.1825666,
        "P35_002": 132.9713214,
        "P35_003": "高知県",
        "P35_004": "高岡郡四万十町",
        "P35_005": "39412",
        "P35_006": "四万十大正"
      },
      "geometry": {
        "type": "Point",
        "coordinates": [
          132.9713214,
          33.1825666
        ]
      }
    },
    {
      "type": "Feature",
      "properties": {
        "P35_001": 33.3883586039,
        "P35_002": 132.944983352,
        "P35_003": "高知県",
        "P35_004": "高岡郡梼原町",
        "P35_005": "39405",
        "P35_006": "ゆすはら"
      },
      "geometry": {
        "type": "Point",
        "coordinates": [
          132.944983352392,
          33.3883586039407
        ]
      }
    },
    {
      "type": "Feature",
      "properties": {
        "P35_001": 33.6112003,
        "P35_002": 133.6421517,
        "P35_003": "高知県",
        "P35_004": "南国市",
        "P35_005": "39204",
        "P35_006": "南国風良里"
      },
      "geometry": {
        "type": "Point",
        "coordinates": [
          133.6421517,
          33.6112003
        ]
      }
    },
    {
      "type": "Feature",
      "properties": {
        "P35_001": 33.6481473,
        "P35_002": 133.7824983,
        "P35_003": "高知県",
        "P35_004": "香美市",
        "P35_005": "39212",
        "P35_006": "美良布"
      },
      "geometry": {
        "type": "Point",
        "coordinates": [
          133.7824983,
          33.6481473
        ]
      }
    },
    {
      "type": "Feature",
      "properties": {
        "P35_001": 33.4266321,
        "P35_002": 133.099612,
        "P35_003": "高知県",
        "P35_004": "高岡郡津野町",
        "P35_005": "39411",
        "P35_006": "布施ヶ坂"
      },
      "geometry": {
        "type": "Point",
        "coordinates": [
          133.099612,
          33.4266321
        ]
      }
    },
    {
      "type": "Feature",
      "properties": {
        "P35_001": 33.3064297,
        "P35_002": 134.1102099,
        "P35_003": "高知県",
        "P35_004": "室戸市",
        "P35_005": "39202",
        "P35_006": "キラメッセ室戸"
      },
      "geometry": {
        "type": "Point",
        "coordinates": [
          134.1102099,
          33.3064297
        ]
      }
    },
    {
      "type": "Feature",
      "properties": {
        "P35_001": 33.5735339,
        "P35_002": 133.366191,
        "P35_003": "高知県",
        "P35_004": "吾川郡いの町",
        "P35_005": "39386",
        "P35_006": "土佐和紙工芸村"
      },
      "geometry": {
        "type": "Point",
        "coordinates": [
          133.366191,
          33.5735339
        ]
      }
    },
    {
      "type": "Feature",
      "properties": {
        "P35_001": 33.7426438,
        "P35_002": 133.544235,
        "P35_003": "高知県",
        "P35_004": "土佐郡土佐町",
        "P35_005": "39363",
        "P35_006": "土佐さめうら"
      },
      "geometry": {
        "type": "Point",
        "coordinates": [
          133.544235,
          33.7426438
        ]
      }
    },
    {
      "type": "Feature",
      "properties": {
        "P35_001": 33.47009977,
        "P35_002": 133.9440693,
        "P35_003": "高知県",
        "P35_004": "安芸市",
        "P35_005": "39203",
        "P35_006": "大山"
      },
      "geometry": {
        "type": "Point",
        "coordinates": [
          133.9440693,
          33.47009977
        ]
      }
    },
    {
      "type": "Feature",
      "properties": {
        "P35_001": 33.3876602,
        "P35_002": 133.2746768,
        "P35_003": "高知県",
        "P35_004": "須崎市",
        "P35_005": "39206",
        "P35_006": "かわうその里すさき"
      },
      "geometry": {
        "type": "Point",
        "coordinates": [
          133.2746768,
          33.3876602
        ]
      }
    },
    {
      "type": "Feature",
      "properties": {
        "P35_001": 33.2311649,
        "P35_002": 133.1491857,
        "P35_003": "高知県",
        "P35_004": "高岡郡四万十町",
        "P35_005": "39412",
        "P35_006": "あぐり窪川"
      },
      "geometry": {
        "type": "Point",
        "coordinates": [
          133.1491857,
          33.2311649
        ]
      }
    },
    {
      "type": "Feature",
      "properties": {
        "P35_001": 33.77982358,
        "P35_002": 133.3076915,
        "P35_003": "高知県",
        "P35_004": "吾川郡いの町",
        "P35_005": "39386",
        "P35_006": "木の香"
      },
      "geometry": {
        "type": "Point",
        "coordinates": [
          133.3076915,
          33.77982358
        ]
      }
    },
    {
      "type": "Feature",
      "properties": {
        "P35_001": 32.7935136,
        "P35_002": 132.8831857,
        "P35_003": "高知県",
        "P35_004": "土佐清水市",
        "P35_005": "39209",
        "P35_006": "めじかの里土佐清水"
      },
      "geometry": {
        "type": "Point",
        "coordinates": [
          132.8831857,
          32.7935136
        ]
      }
    },
    {
      "type": "Feature",
      "properties": {
        "P35_001": 33.5341373,
        "P35_002": 133.7538524,
        "P35_003": "高知県",
        "P35_004": "香南市",
        "P35_005": "39211",
        "P35_006": "やす"
      },
      "geometry": {
        "type": "Point",
        "coordinates": [
          133.7538524,
          33.5341373
        ]
      }
    },
    {
      "type": "Feature",
      "properties": {
        "P35_001": 33.6436742,
        "P35_002": 133.3283198,
        "P35_003": "高知県",
        "P35_004": "吾川郡いの町",
        "P35_005": "39386",
        "P35_006": "633美の里"
      },
      "geometry": {
        "type": "Point",
        "coordinates": [
          133.3283198,
          33.6436742
        ]
      }
    },
    {
      "type": "Feature",
      "properties": {
        "P35_001": 33.43015487,
        "P35_002": 134.0078394,
        "P35_003": "高知県",
        "P35_004": "安芸郡田野町",
        "P35_005": "39303",
        "P35_006": "田野駅屋"
      },
      "geometry": {
        "type": "Point",
        "coordinates": [
          134.0078394,
          33.43015487
        ]
      }
    },
    {
      "type": "Feature",
      "properties": {
        "P35_001": 33.0350772,
        "P35_002": 133.0270676,
        "P35_003": "高知県",
        "P35_004": "幡多郡黒潮町",
        "P35_005": "39428",
        "P35_006": "ビオスおおがた"
      },
      "geometry": {
        "type": "Point",
        "coordinates": [
          133.0270676,
          33.0350772
        ]
      }
    },
    {
      "type": "Feature",
      "properties": {
        "P35_001": 33.22391239,
        "P35_002": 132.835433,
        "P35_003": "高知県",
        "P35_004": "高岡郡四万十町",
        "P35_005": "39412",
        "P35_006": "四万十とおわ"
      },
      "geometry": {
        "type": "Point",
        "coordinates": [
          132.835433,
          33.22391239
        ]
      }
    },
    {
      "type": "Feature",
      "properties": {
        "P35_001": 33.0867393,
        "P35_002": 133.101781,
        "P35_003": "高知県",
        "P35_004": "幡多郡黒潮町",
        "P35_005": "39428",
        "P35_006": "なぶら土佐佐賀"
      },
      "geometry": {
        "type": "Point",
        "coordinates": [
          133.101781,
          33.0867393
        ]
      }
    },
    {
      "type": "Feature",
      "properties": {
        "P35_001": 33.1732559,
        "P35_002": 132.7890999,
        "P35_003": "高知県",
        "P35_004": "四万十市",
        "P35_005": "39210",
        "P35_006": "よって西土佐"
      },
      "geometry": {
        "type": "Point",
        "coordinates": [
          132.7890999,
          33.1732559
        ]
      }
    },
    {
      "type": "Feature",
      "properties": {
        "P35_001": 33.322394,
        "P35_002": 133.235246,
        "P35_003": "高知県",
        "P35_004": "高岡郡中土佐町",
        "P35_005": "39401",
        "P35_006": "なかとさ"
      },
      "geometry": {
        "type": "Point",
        "coordinates": [
          133.235246,
          33.322394
        ]
      }
    },
    {
      "type": "Feature",
      "properties": {
        "P35_001": 33.35376454,
        "P35_002": 130.7846775,
        "P35_003": "福岡県",
        "P35_004": "朝倉市",
        "P35_005": "40228",
        "P35_006": "原鶴"
      },
      "geometry": {
        "type": "Point",
        "coordinates": [
          130.7846775,
          33.35376454
        ]
      }
    },
    {
      "type": "Feature",
      "properties": {
        "P35_001": 33.6141375,
        "P35_002": 131.1008813,
        "P35_003": "福岡県",
        "P35_004": "豊前市",
        "P35_005": "40214",
        "P35_006": "豊前おこしかけ"
      },
      "geometry": {
        "type": "Point",
        "coordinates": [
          131.1008813,
          33.6141375
        ]
      }
    },
    {
      "type": "Feature",
      "properties": {
        "P35_001": 33.46511246,
        "P35_002": 130.8258086,
        "P35_003": "福岡県",
        "P35_004": "朝倉郡東峰村",
        "P35_005": "40448",
        "P35_006": "小石原"
      },
      "geometry": {
        "type": "Point",
        "coordinates": [
          130.8258086,
          33.46511246
        ]
      }
    },
    {
      "type": "Feature",
      "properties": {
        "P35_001": 33.58871601,
        "P35_002": 131.1543082,
        "P35_003": "福岡県",
        "P35_004": "築上郡上毛町",
        "P35_005": "40646",
        "P35_006": "しんよしとみ"
      },
      "geometry": {
        "type": "Point",
        "coordinates": [
          131.1543082,
          33.58871601
        ]
      }
    },
    {
      "type": "Feature",
      "properties": {
        "P35_001": 33.33401533,
        "P35_002": 130.8181663,
        "P35_003": "福岡県",
        "P35_004": "うきは市",
        "P35_005": "40225",
        "P35_006": "うきは"
      },
      "geometry": {
        "type": "Point",
        "coordinates": [
          130.8181663,
          33.33401533
        ]
      }
    },
    {
      "type": "Feature",
      "properties": {
        "P35_001": 33.0732475,
        "P35_002": 130.5321905,
        "P35_003": "福岡県",
        "P35_004": "大牟田市",
        "P35_005": "40202",
        "P35_006": "おおむた"
      },
      "geometry": {
        "type": "Point",
        "coordinates": [
          130.5321905,
          33.0732475
        ]
      }
    },
    {
      "type": "Feature",
      "properties": {
        "P35_001": 33.18744243,
        "P35_002": 130.6104152,
        "P35_003": "福岡県",
        "P35_004": "八女市",
        "P35_005": "40210",
        "P35_006": "たちばな"
      },
      "geometry": {
        "type": "Point",
        "coordinates": [
          130.6104152,
          33.18744243
        ]
      }
    },
    {
      "type": "Feature",
      "properties": {
        "P35_001": 33.5639493,
        "P35_002": 130.7132593,
        "P35_003": "福岡県",
        "P35_004": "嘉麻市",
        "P35_005": "40227",
        "P35_006": "うすい"
      },
      "geometry": {
        "type": "Point",
        "coordinates": [
          130.7132593,
          33.5639493
        ]
      }
    },
    {
      "type": "Feature",
      "properties": {
        "P35_001": 33.54902494,
        "P35_002": 130.8599574,
        "P35_003": "福岡県",
        "P35_004": "田川郡添田町",
        "P35_005": "40602",
        "P35_006": "歓遊舎ひこさん"
      },
      "geometry": {
        "type": "Point",
        "coordinates": [
          130.8599574,
          33.54902494
        ]
      }
    },
    {
      "type": "Feature",
      "properties": {
        "P35_001": 33.8484732,
        "P35_002": 130.503451,
        "P35_003": "福岡県",
        "P35_004": "宗像市",
        "P35_005": "40220",
        "P35_006": "むなかた"
      },
      "geometry": {
        "type": "Point",
        "coordinates": [
          130.503451,
          33.8484732
        ]
      }
    },
    {
      "type": "Feature",
      "properties": {
        "P35_001": 33.3190429,
        "P35_002": 130.5942111,
        "P35_003": "福岡県",
        "P35_004": "久留米市",
        "P35_005": "40203",
        "P35_006": "くるめ"
      },
      "geometry": {
        "type": "Point",
        "coordinates": [
          130.5942111,
          33.3190429
        ]
      }
    },
    {
      "type": "Feature",
      "properties": {
        "P35_001": 33.6765903,
        "P35_002": 130.8599817,
        "P35_003": "福岡県",
        "P35_004": "田川郡香春町",
        "P35_005": "40601",
        "P35_006": "香春"
      },
      "geometry": {
        "type": "Point",
        "coordinates": [
          130.8599817,
          33.6765903
        ]
      }
    },
    {
      "type": "Feature",
      "properties": {
        "P35_001": 33.21790626,
        "P35_002": 130.437973,
        "P35_003": "福岡県",
        "P35_004": "三潴郡大木町",
        "P35_005": "40522",
        "P35_006": "おおき"
      },
      "geometry": {
        "type": "Point",
        "coordinates": [
          130.437973,
          33.21790626
        ]
      }
    },
    {
      "type": "Feature",
      "properties": {
        "P35_001": 33.626154,
        "P35_002": 130.8451701,
        "P35_003": "福岡県",
        "P35_004": "田川郡大任町",
        "P35_005": "40608",
        "P35_006": "おおとう桜街道"
      },
      "geometry": {
        "type": "Point",
        "coordinates": [
          130.8451701,
          33.626154
        ]
      }
    },
    {
      "type": "Feature",
      "properties": {
        "P35_001": 33.148217903,
        "P35_002": 130.484540286,
        "P35_003": "福岡県",
        "P35_004": "みやま市",
        "P35_005": "40229",
        "P35_006": "みやま"
      },
      "geometry": {
        "type": "Point",
        "coordinates": [
          130.484540285983,
          33.1482179029797
        ]
      }
    },
    {
      "type": "Feature",
      "properties": {
        "P35_001": 33.64191221,
        "P35_002": 130.7646945,
        "P35_003": "福岡県",
        "P35_004": "田川郡糸田町",
        "P35_005": "40604",
        "P35_006": "いとだ"
      },
      "geometry": {
        "type": "Point",
        "coordinates": [
          130.7646945,
          33.64191221
        ]
      }
    },
    {
      "type": "Feature",
      "properties": {
        "P35_001": 33.07501638,
        "P35_002": 130.1457472,
        "P35_003": "佐賀県",
        "P35_004": "鹿島市",
        "P35_005": "41207",
        "P35_006": "鹿島"
      },
      "geometry": {
        "type": "Point",
        "coordinates": [
          130.1457472,
          33.07501638
        ]
      }
    },
    {
      "type": "Feature",
      "properties": {
        "P35_001": 33.3111192,
        "P35_002": 130.071911,
        "P35_003": "佐賀県",
        "P35_004": "唐津市",
        "P35_005": "41202",
        "P35_006": "厳木"
      },
      "geometry": {
        "type": "Point",
        "coordinates": [
          130.071911,
          33.3111192
        ]
      }
    },
    {
      "type": "Feature",
      "properties": {
        "P35_001": 33.31361997,
        "P35_002": 129.9289587,
        "P35_003": "佐賀県",
        "P35_004": "伊万里市",
        "P35_005": "41205",
        "P35_006": "伊万里"
      },
      "geometry": {
        "type": "Point",
        "coordinates": [
          129.9289587,
          33.31361997
        ]
      }
    },
    {
      "type": "Feature",
      "properties": {
        "P35_001": 33.5285331,
        "P35_002": 129.8731411,
        "P35_003": "佐賀県",
        "P35_004": "唐津市",
        "P35_005": "41202",
        "P35_006": "桃山天下市"
      },
      "geometry": {
        "type": "Point",
        "coordinates": [
          129.8731411,
          33.5285331
        ]
      }
    },
    {
      "type": "Feature",
      "properties": {
        "P35_001": 33.1917813,
        "P35_002": 129.9561607,
        "P35_003": "佐賀県",
        "P35_004": "武雄市",
        "P35_005": "41206",
        "P35_006": "山内"
      },
      "geometry": {
        "type": "Point",
        "coordinates": [
          129.9561607,
          33.1917813
        ]
      }
    },
    {
      "type": "Feature",
      "properties": {
        "P35_001": 33.3390166,
        "P35_002": 130.2578278,
        "P35_003": "佐賀県",
        "P35_004": "佐賀市",
        "P35_005": "41201",
        "P35_006": "大和"
      },
      "geometry": {
        "type": "Point",
        "coordinates": [
          130.2578278,
          33.3390166
        ]
      }
    },
    {
      "type": "Feature",
      "properties": {
        "P35_001": 33.3804956,
        "P35_002": 130.3973146,
        "P35_003": "佐賀県",
        "P35_004": "神埼郡吉野ヶ里町",
        "P35_005": "41327",
        "P35_006": "吉野ヶ里"
      },
      "geometry": {
        "type": "Point",
        "coordinates": [
          130.3973146,
          33.3804956
        ]
      }
    },
    {
      "type": "Feature",
      "properties": {
        "P35_001": 33.0469887,
        "P35_002": 130.1693594,
        "P35_003": "佐賀県",
        "P35_004": "藤津郡太良町",
        "P35_005": "41441",
        "P35_006": "太良"
      },
      "geometry": {
        "type": "Point",
        "coordinates": [
          130.1693594,
          33.0469887
        ]
      }
    },
    {
      "type": "Feature",
      "properties": {
        "P35_001": 33.176871,
        "P35_002": 130.196458,
        "P35_003": "佐賀県",
        "P35_004": "杵島郡白石町",
        "P35_005": "41425",
        "P35_006": "しろいし"
      },
      "geometry": {
        "type": "Point",
        "coordinates": [
          130.196458,
          33.176871
        ]
      }
    },
    {
      "type": "Feature",
      "properties": {
        "P35_001": 33.3551861,
        "P35_002": 129.4335547,
        "P35_003": "長崎県",
        "P35_004": "平戸市",
        "P35_005": "42207",
        "P35_006": "生月大橋"
      },
      "geometry": {
        "type": "Point",
        "coordinates": [
          129.4335547,
          33.3551861
        ]
      }
    },
    {
      "type": "Feature",
      "properties": {
        "P35_001": 32.73970208,
        "P35_002": 130.3675809,
        "P35_003": "長崎県",
        "P35_004": "南島原市",
        "P35_005": "42214",
        "P35_006": "みずなし本陣ふかえ"
      },
      "geometry": {
        "type": "Point",
        "coordinates": [
          130.3675809,
          32.73970208
        ]
      }
    },
    {
      "type": "Feature",
      "properties": {
        "P35_001": 33.31770825,
        "P35_002": 129.6031137,
        "P35_003": "長崎県",
        "P35_004": "平戸市",
        "P35_005": "42207",
        "P35_006": "昆虫の里たびら"
      },
      "geometry": {
        "type": "Point",
        "coordinates": [
          129.6031137,
          33.31770825
        ]
      }
    },
    {
      "type": "Feature",
      "properties": {
        "P35_001": 33.0358508,
        "P35_002": 129.9199353,
        "P35_003": "長崎県",
        "P35_004": "東彼杵郡東彼杵町",
        "P35_005": "42321",
        "P35_006": "彼杵の荘"
      },
      "geometry": {
        "type": "Point",
        "coordinates": [
          129.9199353,
          33.0358508
        ]
      }
    },
    {
      "type": "Feature",
      "properties": {
        "P35_001": 33.0429925323,
        "P35_002": 129.695700982,
        "P35_003": "長崎県",
        "P35_004": "西海市",
        "P35_005": "42212",
        "P35_006": "さいかい"
      },
      "geometry": {
        "type": "Point",
        "coordinates": [
          129.695700982278,
          33.0429925322659
        ]
      }
    },
    {
      "type": "Feature",
      "properties": {
        "P35_001": 32.8358987,
        "P35_002": 129.7037628,
        "P35_003": "長崎県",
        "P35_004": "長崎市",
        "P35_005": "42201",
        "P35_006": "夕陽が丘そとめ"
      },
      "geometry": {
        "type": "Point",
        "coordinates": [
          129.7037628,
          32.8358987
        ]
      }
    },
    {
      "type": "Feature",
      "properties": {
        "P35_001": 33.3486836,
        "P35_002": 129.7015151,
        "P35_003": "長崎県",
        "P35_004": "松浦市",
        "P35_005": "42208",
        "P35_006": "松浦海のふるさと館"
      },
      "geometry": {
        "type": "Point",
        "coordinates": [
          129.7015151,
          33.3486836
        ]
      }
    },
    {
      "type": "Feature",
      "properties": {
        "P35_001": 32.7382789,
        "P35_002": 128.6903638,
        "P35_003": "長崎県",
        "P35_004": "五島市",
        "P35_005": "42211",
        "P35_006": "遣唐使ふるさと館"
      },
      "geometry": {
        "type": "Point",
        "coordinates": [
          128.6903638,
          32.7382789
        ]
      }
    },
    {
      "type": "Feature",
      "properties": {
        "P35_001": 33.4338551,
        "P35_002": 129.7823616,
        "P35_003": "長崎県",
        "P35_004": "松浦市",
        "P35_005": "42208",
        "P35_006": "鷹ら島"
      },
      "geometry": {
        "type": "Point",
        "coordinates": [
          129.7823616,
          33.4338551
        ]
      }
    },
    {
      "type": "Feature",
      "properties": {
        "P35_001": 33.2015015,
        "P35_002": 129.671634,
        "P35_003": "長崎県",
        "P35_004": "佐世保市",
        "P35_005": "42202",
        "P35_006": "させぼっくす99"
      },
      "geometry": {
        "type": "Point",
        "coordinates": [
          129.671634,
          33.2015015
        ]
      }
    },
    {
      "type": "Feature",
      "properties": {
        "P35_001": 32.8853776,
        "P35_002": 130.0074643,
        "P35_003": "長崎県",
        "P35_004": "大村市",
        "P35_005": "42205",
        "P35_006": "長崎街道鈴田峠"
      },
      "geometry": {
        "type": "Point",
        "coordinates": [
          130.0074643,
          32.8853776
        ]
      }
    },
    {
      "type": "Feature",
      "properties": {
        "P35_001": 33.123101,
        "P35_002": 131.0646886,
        "P35_003": "熊本県",
        "P35_004": "阿蘇郡小国町",
        "P35_005": "43424",
        "P35_006": "小国"
      },
      "geometry": {
        "type": "Point",
        "coordinates": [
          131.0646886,
          33.123101
        ]
      }
    },
    {
      "type": "Feature",
      "properties": {
        "P35_001": 32.9599128,
        "P35_002": 131.1974424,
        "P35_003": "熊本県",
        "P35_004": "阿蘇市",
        "P35_005": "43214",
        "P35_006": "波野"
      },
      "geometry": {
        "type": "Point",
        "coordinates": [
          131.1974424,
          32.9599128
        ]
      }
    },
    {
      "type": "Feature",
      "properties": {
        "P35_001": 32.9312589,
        "P35_002": 130.8302719,
        "P35_003": "熊本県",
        "P35_004": "菊池市",
        "P35_005": "43210",
        "P35_006": "旭志"
      },
      "geometry": {
        "type": "Point",
        "coordinates": [
          130.8302719,
          32.9312589
        ]
      }
    },
    {
      "type": "Feature",
      "properties": {
        "P35_001": 32.8811014,
        "P35_002": 130.8908127,
        "P35_003": "熊本県",
        "P35_004": "菊池郡大津町",
        "P35_005": "43403",
        "P35_006": "大津"
      },
      "geometry": {
        "type": "Point",
        "coordinates": [
          130.8908127,
          32.8811014
        ]
      }
    },
    {
      "type": "Feature",
      "properties": {
        "P35_001": 32.4266742,
        "P35_002": 130.6409382,
        "P35_003": "熊本県",
        "P35_004": "八代市",
        "P35_005": "43202",
        "P35_006": "坂本"
      },
      "geometry": {
        "type": "Point",
        "coordinates": [
          130.6409382,
          32.4266742
        ]
      }
    },
    {
      "type": "Feature",
      "properties": {
        "P35_001": 32.6337057,
        "P35_002": 130.6287109,
        "P35_003": "熊本県",
        "P35_004": "宇城市",
        "P35_005": "43213",
        "P35_006": "不知火"
      },
      "geometry": {
        "type": "Point",
        "coordinates": [
          130.6287109,
          32.6337057
        ]
      }
    },
    {
      "type": "Feature",
      "properties": {
        "P35_001": 32.5055195,
        "P35_002": 130.3057604,
        "P35_003": "熊本県",
        "P35_004": "天草市",
        "P35_005": "43215",
        "P35_006": "有明"
      },
      "geometry": {
        "type": "Point",
        "coordinates": [
          130.3057604,
          32.5055195
        ]
      }
    },
    {
      "type": "Feature",
      "properties": {
        "P35_001": 33.1136383,
        "P35_002": 130.6688462,
        "P35_003": "熊本県",
        "P35_004": "山鹿市",
        "P35_005": "43208",
        "P35_006": "鹿北"
      },
      "geometry": {
        "type": "Point",
        "coordinates": [
          130.6688462,
          33.1136383
        ]
      }
    },
    {
      "type": "Feature",
      "properties": {
        "P35_001": 32.9799358,
        "P35_002": 130.7703282,
        "P35_003": "熊本県",
        "P35_004": "菊池市",
        "P35_005": "43210",
        "P35_006": "七城メロンドーム"
      },
      "geometry": {
        "type": "Point",
        "coordinates": [
          130.7703282,
          32.9799358
        ]
      }
    },
    {
      "type": "Feature",
      "properties": {
        "P35_001": 32.92503512,
        "P35_002": 130.7713888,
        "P35_003": "熊本県",
        "P35_004": "菊池市",
        "P35_005": "43210",
        "P35_006": "泗水"
      },
      "geometry": {
        "type": "Point",
        "coordinates": [
          130.7713888,
          32.92503512
        ]
      }
    },
    {
      "type": "Feature",
      "properties": {
        "P35_001": 32.97335053,
        "P35_002": 130.6023182,
        "P35_003": "熊本県",
        "P35_004": "玉名郡和水町",
        "P35_005": "43369",
        "P35_006": "きくすい"
      },
      "geometry": {
        "type": "Point",
        "coordinates": [
          130.6023182,
          32.97335053
        ]
      }
    },
    {
      "type": "Feature",
      "properties": {
        "P35_001": 32.6906432696,
        "P35_002": 131.09134999,
        "P35_003": "熊本県",
        "P35_004": "上益城郡山都町",
        "P35_005": "43447",
        "P35_006": "清和文楽邑"
      },
      "geometry": {
        "type": "Point",
        "coordinates": [
          131.091349989549,
          32.6906432695944
        ]
      }
    },
    {
      "type": "Feature",
      "properties": {
        "P35_001": 32.681489,
        "P35_002": 130.9916631,
        "P35_003": "熊本県",
        "P35_004": "上益城郡山都町",
        "P35_005": "43447",
        "P35_006": "通潤橋"
      },
      "geometry": {
        "type": "Point",
        "coordinates": [
          130.9916631,
          32.681489
        ]
      }
    },
    {
      "type": "Feature",
      "properties": {
        "P35_001": 32.5767711,
        "P35_002": 130.6947352,
        "P35_003": "熊本県",
        "P35_004": "八代郡氷川町",
        "P35_005": "43468",
        "P35_006": "竜北"
      },
      "geometry": {
        "type": "Point",
        "coordinates": [
          130.6947352,
          32.5767711
        ]
      }
    },
    {
      "type": "Feature",
      "properties": {
        "P35_001": 32.20586981,
        "P35_002": 130.8451635,
        "P35_003": "熊本県",
        "P35_004": "球磨郡錦町",
        "P35_005": "43501",
        "P35_006": "錦"
      },
      "geometry": {
        "type": "Point",
        "coordinates": [
          130.8451635,
          32.20586981
        ]
      }
    },
    {
      "type": "Feature",
      "properties": {
        "P35_001": 32.36456725,
        "P35_002": 130.5124497,
        "P35_003": "熊本県",
        "P35_004": "葦北郡芦北町",
        "P35_005": "43482",
        "P35_006": "たのうら"
      },
      "geometry": {
        "type": "Point",
        "coordinates": [
          130.5124497,
          32.36456725
        ]
      }
    },
    {
      "type": "Feature",
      "properties": {
        "P35_001": 32.39931672,
        "P35_002": 130.826733,
        "P35_003": "熊本県",
        "P35_004": "球磨郡五木村",
        "P35_005": "43511",
        "P35_006": "子守唄の里 五木"
      },
      "geometry": {
        "type": "Point",
        "coordinates": [
          130.826733,
          32.39931672
        ]
      }
    },
    {
      "type": "Feature",
      "properties": {
        "P35_001": 32.66224214,
        "P35_002": 130.5226985,
        "P35_003": "熊本県",
        "P35_004": "宇土市",
        "P35_005": "43211",
        "P35_006": "宇土マリーナ"
      },
      "geometry": {
        "type": "Point",
        "coordinates": [
          130.5226985,
          32.66224214
        ]
      }
    },
    {
      "type": "Feature",
      "properties": {
        "P35_001": 32.9370344,
        "P35_002": 131.0809168,
        "P35_003": "熊本県",
        "P35_004": "阿蘇市",
        "P35_005": "43214",
        "P35_006": "阿蘇"
      },
      "geometry": {
        "type": "Point",
        "coordinates": [
          131.0809168,
          32.9370344
        ]
      }
    },
    {
      "type": "Feature",
      "properties": {
        "P35_001": 32.19916882,
        "P35_002": 130.3817017,
        "P35_003": "熊本県",
        "P35_004": "水俣市",
        "P35_005": "43205",
        "P35_006": "みなまた"
      },
      "geometry": {
        "type": "Point",
        "coordinates": [
          130.3817017,
          32.19916882
        ]
      }
    },
    {
      "type": "Feature",
      "properties": {
        "P35_001": 32.6511943,
        "P35_002": 130.6977338,
        "P35_003": "熊本県",
        "P35_004": "宇城市",
        "P35_005": "43213",
        "P35_006": "うき"
      },
      "geometry": {
        "type": "Point",
        "coordinates": [
          130.6977338,
          32.6511943
        ]
      }
    },
    {
      "type": "Feature",
      "properties": {
        "P35_001": 32.7266122,
        "P35_002": 131.1634577,
        "P35_003": "熊本県",
        "P35_004": "上益城郡山都町",
        "P35_005": "43447",
        "P35_006": "そよ風パーク"
      },
      "geometry": {
        "type": "Point",
        "coordinates": [
          131.1634577,
          32.7266122
        ]
      }
    },
    {
      "type": "Feature",
      "properties": {
        "P35_001": 32.2898864,
        "P35_002": 130.5821497,
        "P35_003": "熊本県",
        "P35_004": "葦北郡芦北町",
        "P35_005": "43482",
        "P35_006": "大野温泉"
      },
      "geometry": {
        "type": "Point",
        "coordinates": [
          130.5821497,
          32.2898864
        ]
      }
    },
    {
      "type": "Feature",
      "properties": {
        "P35_001": 32.62359207,
        "P35_002": 130.8227039,
        "P35_003": "熊本県",
        "P35_004": "下益城郡美里町",
        "P35_005": "43348",
        "P35_006": "美里「佐俣の湯」"
      },
      "geometry": {
        "type": "Point",
        "coordinates": [
          130.8227039,
          32.62359207
        ]
      }
    },
    {
      "type": "Feature",
      "properties": {
        "P35_001": 32.57713806,
        "P35_002": 130.4201417,
        "P35_003": "熊本県",
        "P35_004": "上天草市",
        "P35_005": "43212",
        "P35_006": "上天草さんぱーる"
      },
      "geometry": {
        "type": "Point",
        "coordinates": [
          130.4201417,
          32.57713806
        ]
      }
    },
    {
      "type": "Feature",
      "properties": {
        "P35_001": 32.193836,
        "P35_002": 130.026968,
        "P35_003": "熊本県",
        "P35_004": "天草市",
        "P35_005": "43215",
        "P35_006": "うしぶか海彩館"
      },
      "geometry": {
        "type": "Point",
        "coordinates": [
          130.026968,
          32.193836
        ]
      }
    },
    {
      "type": "Feature",
      "properties": {
        "P35_001": 32.81851,
        "P35_002": 131.0415257,
        "P35_003": "熊本県",
        "P35_004": "阿蘇郡南阿蘇村",
        "P35_005": "43433",
        "P35_006": "あそ望の郷くぎの"
      },
      "geometry": {
        "type": "Point",
        "coordinates": [
          131.0415257,
          32.81851
        ]
      }
    },
    {
      "type": "Feature",
      "properties": {
        "P35_001": 32.9871618,
        "P35_002": 130.7559,
        "P35_003": "熊本県",
        "P35_004": "山鹿市",
        "P35_005": "43208",
        "P35_006": "水辺プラザかもと"
      },
      "geometry": {
        "type": "Point",
        "coordinates": [
          130.7559,
          32.9871618
        ]
      }
    },
    {
      "type": "Feature",
      "properties": {
        "P35_001": 32.907939,
        "P35_002": 130.692874,
        "P35_003": "熊本県",
        "P35_004": "熊本市",
        "P35_005": "43100",
        "P35_006": "すいかの里 植木"
      },
      "geometry": {
        "type": "Point",
        "coordinates": [
          130.692874,
          32.907939
        ]
      }
    },
    {
      "type": "Feature",
      "properties": {
        "P35_001": 32.302882,
        "P35_002": 130.508036,
        "P35_003": "熊本県",
        "P35_004": "葦北郡芦北町",
        "P35_005": "43482",
        "P35_006": "芦北でこぽん"
      },
      "geometry": {
        "type": "Point",
        "coordinates": [
          130.508036,
          32.302882
        ]
      }
    },
    {
      "type": "Feature",
      "properties": {
        "P35_001": 32.9656659,
        "P35_002": 131.4522001,
        "P35_003": "大分県",
        "P35_004": "豊後大野市",
        "P35_005": "44212",
        "P35_006": "原尻の滝"
      },
      "geometry": {
        "type": "Point",
        "coordinates": [
          131.4522001,
          32.9656659
        ]
      }
    },
    {
      "type": "Feature",
      "properties": {
        "P35_001": 32.8037318,
        "P35_002": 131.6103962,
        "P35_003": "大分県",
        "P35_004": "佐伯市",
        "P35_005": "44205",
        "P35_006": "宇目"
      },
      "geometry": {
        "type": "Point",
        "coordinates": [
          131.6103962,
          32.8037318
        ]
      }
    },
    {
      "type": "Feature",
      "properties": {
        "P35_001": 32.98558484,
        "P35_002": 131.3404683,
        "P35_003": "大分県",
        "P35_004": "竹田市",
        "P35_005": "44208",
        "P35_006": "竹田"
      },
      "geometry": {
        "type": "Point",
        "coordinates": [
          131.3404683,
          32.98558484
        ]
      }
    },
    {
      "type": "Feature",
      "properties": {
        "P35_001": 33.2472111,
        "P35_002": 131.8284304,
        "P35_003": "大分県",
        "P35_004": "大分市",
        "P35_005": "44201",
        "P35_006": "佐賀関"
      },
      "geometry": {
        "type": "Point",
        "coordinates": [
          131.8284304,
          33.2472111
        ]
      }
    },
    {
      "type": "Feature",
      "properties": {
        "P35_001": 33.4063728,
        "P35_002": 131.0614676,
        "P35_003": "大分県",
        "P35_004": "中津市",
        "P35_005": "44203",
        "P35_006": "やまくに"
      },
      "geometry": {
        "type": "Point",
        "coordinates": [
          131.0614676,
          33.4063728
        ]
      }
    },
    {
      "type": "Feature",
      "properties": {
        "P35_001": 33.48984147,
        "P35_002": 131.1745356,
        "P35_003": "大分県",
        "P35_004": "中津市",
        "P35_005": "44203",
        "P35_006": "耶馬トピア"
      },
      "geometry": {
        "type": "Point",
        "coordinates": [
          131.1745356,
          33.48984147
        ]
      }
    },
    {
      "type": "Feature",
      "properties": {
        "P35_001": 33.0025623,
        "P35_002": 131.4480727,
        "P35_003": "大分県",
        "P35_004": "豊後大野市",
        "P35_005": "44212",
        "P35_006": "あさじ"
      },
      "geometry": {
        "type": "Point",
        "coordinates": [
          131.4480727,
          33.0025623
        ]
      }
    },
    {
      "type": "Feature",
      "properties": {
        "P35_001": 33.4238178,
        "P35_002": 131.3202066,
        "P35_003": "大分県",
        "P35_004": "宇佐市",
        "P35_005": "44211",
        "P35_006": "いんない"
      },
      "geometry": {
        "type": "Point",
        "coordinates": [
          131.3202066,
          33.4238178
        ]
      }
    },
    {
      "type": "Feature",
      "properties": {
        "P35_001": 33.1125613,
        "P35_002": 130.9619356,
        "P35_003": "大分県",
        "P35_004": "日田市",
        "P35_005": "44204",
        "P35_006": "せせらぎ郷かみつえ"
      },
      "geometry": {
        "type": "Point",
        "coordinates": [
          130.9619356,
          33.1125613
        ]
      }
    },
    {
      "type": "Feature",
      "properties": {
        "P35_001": 32.96456913,
        "P35_002": 131.8386843,
        "P35_003": "大分県",
        "P35_004": "佐伯市",
        "P35_005": "44205",
        "P35_006": "やよい"
      },
      "geometry": {
        "type": "Point",
        "coordinates": [
          131.8386843,
          32.96456913
        ]
      }
    },
    {
      "type": "Feature",
      "properties": {
        "P35_001": 33.12915687,
        "P35_002": 130.8826215,
        "P35_003": "大分県",
        "P35_004": "日田市",
        "P35_005": "44204",
        "P35_006": "鯛生金山"
      },
      "geometry": {
        "type": "Point",
        "coordinates": [
          130.8826215,
          33.12915687
        ]
      }
    },
    {
      "type": "Feature",
      "properties": {
        "P35_001": 32.9715626,
        "P35_002": 131.5180108,
        "P35_003": "大分県",
        "P35_004": "豊後大野市",
        "P35_005": "44212",
        "P35_006": "きよかわ"
      },
      "geometry": {
        "type": "Point",
        "coordinates": [
          131.5180108,
          32.9715626
        ]
      }
    },
    {
      "type": "Feature",
      "properties": {
        "P35_001": 33.2606456,
        "P35_002": 131.327088,
        "P35_003": "大分県",
        "P35_004": "由布市",
        "P35_005": "44213",
        "P35_006": "ゆふいん"
      },
      "geometry": {
        "type": "Point",
        "coordinates": [
          131.327088,
          33.2606456
        ]
      }
    },
    {
      "type": "Feature",
      "properties": {
        "P35_001": 33.0286904,
        "P35_002": 131.621548,
        "P35_003": "大分県",
        "P35_004": "豊後大野市",
        "P35_005": "44212",
        "P35_006": "みえ"
      },
      "geometry": {
        "type": "Point",
        "coordinates": [
          131.621548,
          33.0286904
        ]
      }
    },
    {
      "type": "Feature",
      "properties": {
        "P35_001": 33.5456622,
        "P35_002": 131.7397294,
        "P35_003": "大分県",
        "P35_004": "国東市",
        "P35_005": "44214",
        "P35_006": "くにさき"
      },
      "geometry": {
        "type": "Point",
        "coordinates": [
          131.7397294,
          33.5456622
        ]
      }
    },
    {
      "type": "Feature",
      "properties": {
        "P35_001": 33.2479097,
        "P35_002": 130.972093,
        "P35_003": "大分県",
        "P35_004": "日田市",
        "P35_005": "44204",
        "P35_006": "水辺の郷おおやま"
      },
      "geometry": {
        "type": "Point",
        "coordinates": [
          130.972093,
          33.2479097
        ]
      }
    },
    {
      "type": "Feature",
      "properties": {
        "P35_001": 32.8017723,
        "P35_002": 131.9243176,
        "P35_003": "大分県",
        "P35_004": "佐伯市",
        "P35_005": "44205",
        "P35_006": "かまえ"
      },
      "geometry": {
        "type": "Point",
        "coordinates": [
          131.9243176,
          32.8017723
        ]
      }
    },
    {
      "type": "Feature",
      "properties": {
        "P35_001": 33.0716662,
        "P35_002": 131.3830698,
        "P35_003": "大分県",
        "P35_004": "竹田市",
        "P35_005": "44208",
        "P35_006": "ながゆ温泉"
      },
      "geometry": {
        "type": "Point",
        "coordinates": [
          131.3830698,
          33.0716662
        ]
      }
    },
    {
      "type": "Feature",
      "properties": {
        "P35_001": 33.0362528313,
        "P35_002": 131.502906425,
        "P35_003": "大分県",
        "P35_004": "豊後大野市",
        "P35_005": "44212",
        "P35_006": "おおの"
      },
      "geometry": {
        "type": "Point",
        "coordinates": [
          131.5029064248194,
          33.03625283129785
        ]
      }
    },
    {
      "type": "Feature",
      "properties": {
        "P35_001": 33.68050195,
        "P35_002": 131.6057447,
        "P35_003": "大分県",
        "P35_004": "国東市",
        "P35_005": "44214",
        "P35_006": "くにみ"
      },
      "geometry": {
        "type": "Point",
        "coordinates": [
          131.6057447,
          33.68050195
        ]
      }
    },
    {
      "type": "Feature",
      "properties": {
        "P35_001": 33.2893373,
        "P35_002": 131.1569324,
        "P35_003": "大分県",
        "P35_004": "玖珠郡玖珠町",
        "P35_005": "44462",
        "P35_006": "童話の里 くす"
      },
      "geometry": {
        "type": "Point",
        "coordinates": [
          131.1569324,
          33.2893373
        ]
      }
    },
    {
      "type": "Feature",
      "properties": {
        "P35_001": 32.9566388,
        "P35_002": 131.2941063,
        "P35_003": "大分県",
        "P35_004": "竹田市",
        "P35_005": "44208",
        "P35_006": "すごう"
      },
      "geometry": {
        "type": "Point",
        "coordinates": [
          131.2941063,
          32.9566388
        ]
      }
    },
    {
      "type": "Feature",
      "properties": {
        "P35_001": 33.5516096,
        "P35_002": 131.2141064,
        "P35_003": "大分県",
        "P35_004": "中津市",
        "P35_005": "44203",
        "P35_006": "なかつ"
      },
      "geometry": {
        "type": "Point",
        "coordinates": [
          131.2141064,
          33.5516096
        ]
      }
    },
    {
      "type": "Feature",
      "properties": {
        "P35_001": 33.265953,
        "P35_002": 131.068506,
        "P35_003": "大分県",
        "P35_004": "玖珠郡玖珠町",
        "P35_005": "44462",
        "P35_006": "慈恩の滝 くす"
      },
      "geometry": {
        "type": "Point",
        "coordinates": [
          131.068506,
          33.265953
        ]
      }
    },
    {
      "type": "Feature",
      "properties": {
        "P35_001": 31.9457372,
        "P35_002": 131.3405553,
        "P35_003": "宮崎県",
        "P35_004": "宮崎市",
        "P35_005": "45201",
        "P35_006": "高岡"
      },
      "geometry": {
        "type": "Point",
        "coordinates": [
          131.3405553,
          31.9457372
        ]
      }
    },
    {
      "type": "Feature",
      "properties": {
        "P35_001": 32.6660363,
        "P35_002": 131.7045941,
        "P35_003": "宮崎県",
        "P35_004": "延岡市",
        "P35_005": "45203",
        "P35_006": "北川はゆま"
      },
      "geometry": {
        "type": "Point",
        "coordinates": [
          131.7045941,
          32.6660363
        ]
      }
    },
    {
      "type": "Feature",
      "properties": {
        "P35_001": 32.6606405,
        "P35_002": 131.3884957,
        "P35_003": "宮崎県",
        "P35_004": "西臼杵郡日之影町",
        "P35_005": "45442",
        "P35_006": "青雲橋"
      },
      "geometry": {
        "type": "Point",
        "coordinates": [
          131.3884957,
          32.6606405
        ]
      }
    },
    {
      "type": "Feature",
      "properties": {
        "P35_001": 31.79442,
        "P35_002": 131.202615,
        "P35_003": "宮崎県",
        "P35_004": "都城市",
        "P35_005": "45202",
        "P35_006": "山之口"
      },
      "geometry": {
        "type": "Point",
        "coordinates": [
          131.202615,
          31.79442
        ]
      }
    },
    {
      "type": "Feature",
      "properties": {
        "P35_001": 32.68479224,
        "P35_002": 131.8009041,
        "P35_003": "宮崎県",
        "P35_004": "延岡市",
        "P35_005": "45203",
        "P35_006": "北浦"
      },
      "geometry": {
        "type": "Point",
        "coordinates": [
          131.8009041,
          32.68479224
        ]
      }
    },
    {
      "type": "Feature",
      "properties": {
        "P35_001": 31.7962179384,
        "P35_002": 131.306942591,
        "P35_003": "宮崎県",
        "P35_004": "宮崎市",
        "P35_005": "45201",
        "P35_006": "田野"
      },
      "geometry": {
        "type": "Point",
        "coordinates": [
          131.306942591262,
          31.7962179384285
        ]
      }
    },
    {
      "type": "Feature",
      "properties": {
        "P35_001": 31.64171361,
        "P35_002": 131.2662425,
        "P35_003": "宮崎県",
        "P35_004": "日南市",
        "P35_005": "45204",
        "P35_006": "酒谷"
      },
      "geometry": {
        "type": "Point",
        "coordinates": [
          131.2662425,
          31.64171361
        ]
      }
    },
    {
      "type": "Feature",
      "properties": {
        "P35_001": 32.3913691,
        "P35_002": 131.5135813,
        "P35_003": "宮崎県",
        "P35_004": "日向市",
        "P35_005": "45206",
        "P35_006": "とうごう"
      },
      "geometry": {
        "type": "Point",
        "coordinates": [
          131.5135813,
          32.3913691
        ]
      }
    },
    {
      "type": "Feature",
      "properties": {
        "P35_001": 31.7686702,
        "P35_002": 131.0951485,
        "P35_003": "宮崎県",
        "P35_004": "都城市",
        "P35_005": "45202",
        "P35_006": "都城"
      },
      "geometry": {
        "type": "Point",
        "coordinates": [
          131.0951485,
          31.7686702
        ]
      }
    },
    {
      "type": "Feature",
      "properties": {
        "P35_001": 31.9643837,
        "P35_002": 131.0822805,
        "P35_003": "宮崎県",
        "P35_004": "小林市",
        "P35_005": "45205",
        "P35_006": "ゆ〜ぱるのじり"
      },
      "geometry": {
        "type": "Point",
        "coordinates": [
          131.0822805,
          31.9643837
        ]
      }
    },
    {
      "type": "Feature",
      "properties": {
        "P35_001": 31.5030575045,
        "P35_002": 131.378932361,
        "P35_003": "宮崎県",
        "P35_004": "日南市",
        "P35_005": "45204",
        "P35_006": "なんごう"
      },
      "geometry": {
        "type": "Point",
        "coordinates": [
          131.37893236128008,
          31.50305750451858
        ]
      }
    },
    {
      "type": "Feature",
      "properties": {
        "P35_001": 32.3433606,
        "P35_002": 131.6240436,
        "P35_003": "宮崎県",
        "P35_004": "日向市",
        "P35_005": "45206",
        "P35_006": "日向"
      },
      "geometry": {
        "type": "Point",
        "coordinates": [
          131.6240436,
          32.3433606
        ]
      }
    },
    {
      "type": "Feature",
      "properties": {
        "P35_001": 32.7084429,
        "P35_002": 131.3004346,
        "P35_003": "宮崎県",
        "P35_004": "西臼杵郡高千穂町",
        "P35_005": "45441",
        "P35_006": "高千穂"
      },
      "geometry": {
        "type": "Point",
        "coordinates": [
          131.3004346,
          32.7084429
        ]
      }
    },
    {
      "type": "Feature",
      "properties": {
        "P35_001": 31.7689827,
        "P35_002": 131.4784246,
        "P35_003": "宮崎県",
        "P35_004": "宮崎市",
        "P35_005": "45201",
        "P35_006": "フェニックス"
      },
      "geometry": {
        "type": "Point",
        "coordinates": [
          131.4784246,
          31.7689827
        ]
      }
    },
    {
      "type": "Feature",
      "properties": {
        "P35_001": 32.2603007,
        "P35_002": 131.5580347,
        "P35_003": "宮崎県",
        "P35_004": "児湯郡都農町",
        "P35_005": "45406",
        "P35_006": "つの"
      },
      "geometry": {
        "type": "Point",
        "coordinates": [
          131.5580347,
          32.2603007
        ]
      }
    },
    {
      "type": "Feature",
      "properties": {
        "P35_001": 32.05018155,
        "P35_002": 130.8055977,
        "P35_003": "宮崎県",
        "P35_004": "えびの市",
        "P35_005": "45209",
        "P35_006": "えびの"
      },
      "geometry": {
        "type": "Point",
        "coordinates": [
          130.8055977,
          32.05018155
        ]
      }
    },
    {
      "type": "Feature",
      "properties": {
        "P35_001": 32.595757,
        "P35_002": 131.49193,
        "P35_003": "宮崎県",
        "P35_004": "延岡市",
        "P35_005": "45203",
        "P35_006": "北方よっちみろ屋"
      },
      "geometry": {
        "type": "Point",
        "coordinates": [
          131.49193,
          32.595757
        ]
      }
    },
    {
      "type": "Feature",
      "properties": {
        "P35_001": 31.378962,
        "P35_002": 130.545172,
        "P35_003": "鹿児島県",
        "P35_004": "鹿児島市",
        "P35_005": "46201",
        "P35_006": "喜入"
      },
      "geometry": {
        "type": "Point",
        "coordinates": [
          130.545172,
          31.378962
        ]
      }
    },
    {
      "type": "Feature",
      "properties": {
        "P35_001": 31.8632418574,
        "P35_002": 130.851291496,
        "P35_003": "鹿児島県",
        "P35_004": "霧島市",
        "P35_005": "46218",
        "P35_006": "霧島"
      },
      "geometry": {
        "type": "Point",
        "coordinates": [
          130.851291496017,
          31.8632418574195
        ]
      }
    },
    {
      "type": "Feature",
      "properties": {
        "P35_001": 31.7964457,
        "P35_002": 130.4073678,
        "P35_003": "鹿児島県",
        "P35_004": "薩摩川内市",
        "P35_005": "46215",
        "P35_006": "樋脇"
      },
      "geometry": {
        "type": "Point",
        "coordinates": [
          130.4073678,
          31.7964457
        ]
      }
    },
    {
      "type": "Feature",
      "properties": {
        "P35_001": 31.5815885,
        "P35_002": 131.0424142,
        "P35_003": "鹿児島県",
        "P35_004": "志布志市",
        "P35_005": "46221",
        "P35_006": "松山"
      },
      "geometry": {
        "type": "Point",
        "coordinates": [
          131.0424142,
          31.5815885
        ]
      }
    },
    {
      "type": "Feature",
      "properties": {
        "P35_001": 31.9459201,
        "P35_002": 130.2164754,
        "P35_003": "鹿児島県",
        "P35_004": "阿久根市",
        "P35_005": "46206",
        "P35_006": "阿久根"
      },
      "geometry": {
        "type": "Point",
        "coordinates": [
          130.2164754,
          31.9459201
        ]
      }
    },
    {
      "type": "Feature",
      "properties": {
        "P35_001": 32.1616955,
        "P35_002": 130.1092388,
        "P35_003": "鹿児島県",
        "P35_004": "出水郡長島町",
        "P35_005": "46404",
        "P35_006": "長島"
      },
      "geometry": {
        "type": "Point",
        "coordinates": [
          130.1092388,
          32.1616955
        ]
      }
    },
    {
      "type": "Feature",
      "properties": {
        "P35_001": 31.43781975,
        "P35_002": 131.0307584,
        "P35_003": "鹿児島県",
        "P35_004": "曽於郡大崎町",
        "P35_005": "46468",
        "P35_006": "くにの松原おおさき"
      },
      "geometry": {
        "type": "Point",
        "coordinates": [
          131.0307584,
          31.43781975
        ]
      }
    },
    {
      "type": "Feature",
      "properties": {
        "P35_001": 31.1855383,
        "P35_002": 130.7673153,
        "P35_003": "鹿児島県",
        "P35_004": "肝属郡南大隅町",
        "P35_005": "46491",
        "P35_006": "根占"
      },
      "geometry": {
        "type": "Point",
        "coordinates": [
          130.7673153,
          31.1855383
        ]
      }
    },
    {
      "type": "Feature",
      "properties": {
        "P35_001": 31.4127345,
        "P35_002": 130.4328971,
        "P35_003": "鹿児島県",
        "P35_004": "南九州市",
        "P35_005": "46223",
        "P35_006": "川辺やすらぎの郷"
      },
      "geometry": {
        "type": "Point",
        "coordinates": [
          130.4328971,
          31.4127345
        ]
      }
    },
    {
      "type": "Feature",
      "properties": {
        "P35_001": 28.25964435,
        "P35_002": 129.4088365,
        "P35_003": "鹿児島県",
        "P35_004": "奄美市",
        "P35_005": "46222",
        "P35_006": "奄美大島住用"
      },
      "geometry": {
        "type": "Point",
        "coordinates": [
          129.4088365,
          28.25964435
        ]
      }
    },
    {
      "type": "Feature",
      "properties": {
        "P35_001": 31.5893744,
        "P35_002": 130.5988039,
        "P35_003": "鹿児島県",
        "P35_004": "鹿児島市",
        "P35_005": "46201",
        "P35_006": "桜島"
      },
      "geometry": {
        "type": "Point",
        "coordinates": [
          130.5988039,
          31.5893744
        ]
      }
    },
    {
      "type": "Feature",
      "properties": {
        "P35_001": 31.4654251,
        "P35_002": 130.3455615,
        "P35_003": "鹿児島県",
        "P35_004": "南さつま市",
        "P35_005": "46220",
        "P35_006": "きんぽう木花館"
      },
      "geometry": {
        "type": "Point",
        "coordinates": [
          130.3455615,
          31.4654251
        ]
      }
    },
    {
      "type": "Feature",
      "properties": {
        "P35_001": 31.5931188,
        "P35_002": 130.991067,
        "P35_003": "鹿児島県",
        "P35_004": "曽於市",
        "P35_005": "46217",
        "P35_006": "おおすみ弥五郎伝説の里"
      },
      "geometry": {
        "type": "Point",
        "coordinates": [
          130.991067,
          31.5931188
        ]
      }
    },
    {
      "type": "Feature",
      "properties": {
        "P35_001": 31.7287045,
        "P35_002": 130.9987033,
        "P35_003": "鹿児島県",
        "P35_004": "曽於市",
        "P35_005": "46217",
        "P35_006": "たからべ"
      },
      "geometry": {
        "type": "Point",
        "coordinates": [
          130.9987033,
          31.7287045
        ]
      }
    },
    {
      "type": "Feature",
      "properties": {
        "P35_001": 31.3022146,
        "P35_002": 130.5900439,
        "P35_003": "鹿児島県",
        "P35_004": "指宿市",
        "P35_005": "46210",
        "P35_006": "いぶすき"
      },
      "geometry": {
        "type": "Point",
        "coordinates": [
          130.5900439,
          31.3022146
        ]
      }
    },
    {
      "type": "Feature",
      "properties": {
        "P35_001": 31.5587885,
        "P35_002": 130.7445649,
        "P35_003": "鹿児島県",
        "P35_004": "垂水市",
        "P35_005": "46214",
        "P35_006": "たるみず"
      },
      "geometry": {
        "type": "Point",
        "coordinates": [
          130.7445649,
          31.5587885
        ]
      }
    },
    {
      "type": "Feature",
      "properties": {
        "P35_001": 31.6883335,
        "P35_002": 130.9703435,
        "P35_003": "鹿児島県",
        "P35_004": "曽於市",
        "P35_005": "46217",
        "P35_006": "すえよし"
      },
      "geometry": {
        "type": "Point",
        "coordinates": [
          130.9703435,
          31.6883335
        ]
      }
    },
    {
      "type": "Feature",
      "properties": {
        "P35_001": 32.1082779,
        "P35_002": 130.1709191,
        "P35_003": "鹿児島県",
        "P35_004": "出水郡長島町",
        "P35_005": "46404",
        "P35_006": "黒之瀬戸だんだん市場"
      },
      "geometry": {
        "type": "Point",
        "coordinates": [
          130.1709191,
          32.1082779
        ]
      }
    },
    {
      "type": "Feature",
      "properties": {
        "P35_001": 31.2030165,
        "P35_002": 130.6349136,
        "P35_003": "鹿児島県",
        "P35_004": "指宿市",
        "P35_005": "46210",
        "P35_006": "山川港活お海道"
      },
      "geometry": {
        "type": "Point",
        "coordinates": [
          130.6349136,
          31.2030165
        ]
      }
    },
    {
      "type": "Feature",
      "properties": {
        "P35_001": 31.2736586433,
        "P35_002": 130.792437285,
        "P35_003": "鹿児島県",
        "P35_004": "肝属郡錦江町",
        "P35_005": "46490",
        "P35_006": "錦江にしきの里"
      },
      "geometry": {
        "type": "Point",
        "coordinates": [
          130.79243728518,
          31.2736586432512
        ]
      }
    },
    {
      "type": "Feature",
      "properties": {
        "P35_001": 31.50002,
        "P35_002": 130.9242,
        "P35_003": "鹿児島県",
        "P35_004": "曽於郡大崎町",
        "P35_005": "46468",
        "P35_006": "野方あらさの"
      },
      "geometry": {
        "type": "Point",
        "coordinates": [
          130.9242,
          31.50002
        ]
      }
    },
    {
      "type": "Feature",
      "properties": {
        "P35_001": 26.55206898,
        "P35_002": 127.9693201,
        "P35_003": "沖縄県",
        "P35_004": "名護市",
        "P35_005": "47209",
        "P35_006": "許田"
      },
      "geometry": {
        "type": "Point",
        "coordinates": [
          127.9693201,
          26.55206898
        ]
      }
    },
    {
      "type": "Feature",
      "properties": {
        "P35_001": 26.69032089,
        "P35_002": 128.1081144,
        "P35_003": "沖縄県",
        "P35_004": "国頭郡大宜味村",
        "P35_005": "47302",
        "P35_006": "おおぎみ"
      },
      "geometry": {
        "type": "Point",
        "coordinates": [
          128.1081144,
          26.69032089
        ]
      }
    },
    {
      "type": "Feature",
      "properties": {
        "P35_001": 26.7319805,
        "P35_002": 128.1693617,
        "P35_003": "沖縄県",
        "P35_004": "国頭郡国頭村",
        "P35_005": "47301",
        "P35_006": "ゆいゆい国頭"
      },
      "geometry": {
        "type": "Point",
        "coordinates": [
          128.1693617,
          26.7319805
        ]
      }
    },
    {
      "type": "Feature",
      "properties": {
        "P35_001": 26.3681116,
        "P35_002": 127.7741485,
        "P35_003": "沖縄県",
        "P35_004": "中頭郡嘉手納町",
        "P35_005": "47325",
        "P35_006": "かでな"
      },
      "geometry": {
        "type": "Point",
        "coordinates": [
          127.7741485,
          26.3681116
        ]
      }
    },
    {
      "type": "Feature",
      "properties": {
        "P35_001": 26.3993416,
        "P35_002": 127.758204,
        "P35_003": "沖縄県",
        "P35_004": "中頭郡読谷村",
        "P35_005": "47324",
        "P35_006": "喜名番所"
      },
      "geometry": {
        "type": "Point",
        "coordinates": [
          127.758204,
          26.3993416
        ]
      }
    },
    {
      "type": "Feature",
      "properties": {
        "P35_001": 26.1576946,
        "P35_002": 127.6553335,
        "P35_003": "沖縄県",
        "P35_004": "豊見城市",
        "P35_005": "47212",
        "P35_006": "豊崎"
      },
      "geometry": {
        "type": "Point",
        "coordinates": [
          127.6553335,
          26.1576946
        ]
      }
    },
    {
      "type": "Feature",
      "properties": {
        "P35_001": 26.1384965,
        "P35_002": 127.661156,
        "P35_003": "沖縄県",
        "P35_004": "糸満市",
        "P35_005": "47210",
        "P35_006": "いとまん"
      },
      "geometry": {
        "type": "Point",
        "coordinates": [
          127.661156,
          26.1384965
        ]
      }
    },
    {
      "type": "Feature",
      "properties": {
        "P35_001": 26.473874,
        "P35_002": 127.952328,
        "P35_003": "沖縄県",
        "P35_004": "国頭郡宜野座村",
        "P35_005": "47313",
        "P35_006": "ぎのざ"
      },
      "geometry": {
        "type": "Point",
        "coordinates": [
          127.952328,
          26.473874
        ]
      }
    },
    {
      "type": "Feature",
      "properties": {
        "P35_001": 36.4241688889,
        "P35_002": 137.931389167,
        "P35_003": "長野県",
        "P35_004": "東筑摩郡生坂村",
        "P35_005": "20448",
        "P35_006": "いくさかの郷"
      },
      "geometry": {
        "type": "Point",
        "coordinates": [
          137.93138916700002,
          36.424168889000036
        ]
      }
    },
    {
      "type": "Feature",
      "properties": {
        "P35_001": 35.8866675,
        "P35_002": 137.94389,
        "P35_003": "長野県",
        "P35_004": "上伊那郡南箕輪村",
        "P35_005": "20385",
        "P35_006": "大芝高原"
      },
      "geometry": {
        "type": "Point",
        "coordinates": [
          137.94389,
          35.88666750000005
        ]
      }
    },
    {
      "type": "Feature",
      "properties": {
        "P35_001": 35.2738888889,
        "P35_002": 137.709445278,
        "P35_003": "長野県",
        "P35_004": "下伊那郡売木村",
        "P35_005": "20412",
        "P35_006": "南信州うるぎ"
      },
      "geometry": {
        "type": "Point",
        "coordinates": [
          137.7094452780001,
          35.273888889000034
        ]
      }
    },
    {
      "type": "Feature",
      "properties": {
        "P35_001": 35.5650011111,
        "P35_002": 138.036946667,
        "P35_003": "長野県",
        "P35_004": "下伊那郡大鹿村",
        "P35_005": "20417",
        "P35_006": "歌舞伎の里大鹿"
      },
      "geometry": {
        "type": "Point",
        "coordinates": [
          138.03694666700005,
          35.56500111100006
        ]
      }
    },
    {
      "type": "Feature",
      "properties": {
        "P35_001": 34.4647244444,
        "P35_002": 135.798611389,
        "P35_003": "奈良県",
        "P35_004": "高市郡明日香村",
        "P35_005": "29402",
        "P35_006": "飛鳥"
      },
      "geometry": {
        "type": "Point",
        "coordinates": [
          135.79861138900003,
          34.464724444000055
        ]
      }
    },
    {
      "type": "Feature",
      "properties": {
        "P35_001": 33.6697230556,
        "P35_002": 132.695,
        "P35_003": "愛媛県",
        "P35_004": "伊予市",
        "P35_005": "38210",
        "P35_006": "なかやま"
      },
      "geometry": {
        "type": "Point",
        "coordinates": [
          132.695,
          33.669723056000066
        ]
      }
    },
    {
      "type": "Feature",
      "properties": {
        "P35_001": 32.3166677778,
        "P35_002": 130.02528,
        "P35_003": "熊本県",
        "P35_004": "天草市",
        "P35_005": "43215",
        "P35_006": "�津"
      },
      "geometry": {
        "type": "Point",
        "coordinates": [
          130.02528,
          32.31666777800006
        ]
      }
    },
    {
      "type": "Feature",
      "properties": {
        "P35_001": 31.4686125,
        "P35_002": 130.698057222,
        "P35_003": "鹿児島県",
        "P35_004": "垂水市",
        "P35_005": "46214",
        "P35_006": "たるみずはまびら"
      },
      "geometry": {
        "type": "Point",
        "coordinates": [
          130.6980572220001,
          31.468612500000038
        ]
      }
    },
    {
      "type": "Feature",
      "properties": {
        "P35_001": 43.5030558333,
        "P35_002": 142.597223333,
        "P35_003": "北海道",
        "P35_004": "上川郡美瑛町",
        "P35_005": "01459",
        "P35_006": "白金ビルケ"
      },
      "geometry": {
        "type": "Point",
        "coordinates": [
          142.5972233330001,
          43.503055833000076
        ]
      }
    },
    {
      "type": "Feature",
      "properties": {
        "P35_001": 39.8819452778,
        "P35_002": 139.848335,
        "P35_003": "秋田県",
        "P35_004": "男鹿市",
        "P35_005": "05206",
        "P35_006": "おが"
      },
      "geometry": {
        "type": "Point",
        "coordinates": [
          139.848335,
          39.88194527800005
        ]
      }
    },
    {
      "type": "Feature",
      "properties": {
        "P35_001": 34.0505572222,
        "P35_002": 134.05889,
        "P35_003": "徳島県",
        "P35_004": "美馬市",
        "P35_005": "36207",
        "P35_006": "みまの里"
      },
      "geometry": {
        "type": "Point",
        "coordinates": [
          134.05889,
          34.050557222000066
        ]
      }
    }
  ]
}